step,joint5,joint6,joint7,joint8,joint9,joint10,joint11
0,0,0.006,0.008,0.03,-0.004,-0.808,-0.001
1,0,0.006,0.008,0.03,-0.004,-0.808,-0.001
0,0.236129,3.31297,14.6367,-0.947807,0.0943547,-1.00672,0.00325644
1,1.89453,0.264185,2.60084,-1.56306,0.0069283,-0.678457,-0.123018
2,1.24105,1.00578,0.0299732,-3.37584,-0.670626,-5.65578,-4.67401
3,1.31793,0.747595,0.260692,-1.56855,-4.93277,-0.99917,-13.3237
4,1.31793,0.736609,0.238719,-2.04097,-10.7467,-1.60035,-21.2716
5,1.31793,0.742102,0.238719,-1.98055,-17.9595,-1.70977,-29.3109
6,1.31793,0.648716,0.238719,-1.97505,-25.6094,-1.52803,-37.3011
7,1.31793,0.648716,0.238719,-1.98604,-33.1937,-1.53055,-44.4916
8,1.31793,0.643223,0.238719,-1.98055,-40.647,-1.47458,-52.4179
9,1.31793,0.626743,0.238719,-1.98055,-48.2969,-1.45005,-60.2926
11,1.31793,0.593783,0.238719,-1.98055,-63.9464,-1.17147,-76.426
12,1.31793,0.577303,0.238719,-1.98055,-71.6838,-1.07274,-84.3818
14,1.31793,0.533357,0.233225,-2.00801,-86.5683,-18.7471,-95.0397
15,1.25753,0.500397,0.227732,-1.99703,-94.3058,-28.0459,-99.5816
16,1.26302,0.478424,0.200265,-1.88716,-102.305,-32.9371,-105.356
17,1.26302,0.478424,0.200265,-1.87617,-110.043,-34.8965,-112.449
18,1.25753,0.47293,0.200265,-1.8542,-117.649,-35.4028,-120.039
19,1.25753,0.47293,0.200265,-1.82124,-125.736,-35.6285,-127.648
20,1.25753,0.461944,0.200265,-1.7773,-133.626,-35.272,-134.894
22,1.25203,0.450957,0.200265,-1.76082,-149.495,-34.6664,-149.935
23,1.25203,0.428984,0.200265,-1.73335,-157.166,-35.0481,-158.043
0,0,0.006,0.008,0.03,-0.004,-0.808,-0.001
1,0,0.006,0.008,0.03,-0.004,-0.808,-0.001
1,0.0232898,0.00897216,0.098603,0.00420932,-0.00304633,-0.797595,-0.000836564
2,0.0178267,0.0254629,0.0136567,-0.024937,-0.0289863,-0.845086,0.135855
3,0.0172517,0.0209567,0.0300515,0.00555158,-0.130841,-0.797529,0.307304
4,0.0172517,0.0198062,0.0351329,0.00401757,-0.265502,-0.800229,0.496161
5,0.0172517,0.019902,0.0352288,0.00392169,-0.430298,-0.800065,0.675599
6,0.0172517,0.0198062,0.0352288,0.00372994,-0.603107,-0.799977,0.865189
7,0.0172517,0.0198062,0.0351329,0.00372994,-0.780493,-0.797606,1.04049
9,0.0172517,0.0197103,0.0352288,0.00372994,-1.13031,-0.791142,1.40477
11,0.0143764,0.0194227,0.0351329,0.00296293,-1.48393,-1.05618,1.47695
12,0.0142806,0.0193268,0.0351329,0.00315468,-1.66475,-1.23139,1.46716
14,0.0141847,0.0184639,0.0373381,0.00420932,-2.03212,-1.32895,1.46964
16,0.0141847,0.0175051,0.0383927,0.00603096,-2.40253,-1.29389,1.46745
17,0.0141847,0.0173134,0.039735,0.00612684,-2.5864,-1.26382,1.46485
0,0.0140889,0.0175051,0.0371463,0.00152478,-2.92057,-1.61358,1.44048
1,0.0132263,0.0153,0.0538288,0.0120712,-2.41435,-1.64505,1.42151
2,0.0191685,0.0221072,0.0507608,-0.0151577,-1.07881,-1.06631,1.42388
3,-0.00316281,0.0337082,0.0154783,-0.0242659,-0.331878,-0.646255,1.46382
4,0.00115011,0.0270928,0.0341742,0.00449695,-0.0801051,-0.673748,1.44519
5,0.00191685,0.0277639,0.0363793,-0.00346077,-0.00190192,-0.719768,1.45568
6,0.0020127,0.0277639,0.0329278,-0.00259789,0.0278537,-0.74713,1.46037
7,0.00191685,0.0279556,0.0329278,-0.00355665,0.0343387,-0.776105,1.45929
8,0.00191685,0.0279556,0.0329278,-0.0037484,0.0354831,-0.786159,1.46016
9,0.00191685,0.0279556,0.0329278,-0.00384428,0.0351016,-0.787476,1.45956
10,0.00191685,0.0279556,0.0329278,-0.00384428,0.0354831,-0.787498,1.45956
11,0.00191685,0.0279556,0.0329278,-0.00384428,0.0354831,-0.787465,1.45957
12,0.00191685,0.0279556,0.0329278,-0.00384428,0.0354831,-0.787465,1.45957
14,0.00191685,0.0279556,0.0329278,-0.00384428,0.0354831,-0.787509,1.45956
15,0.00191685,0.0279556,0.0329278,-0.00384428,0.0354831,-0.787487,1.45957
16,0.00191685,0.0279556,0.0329278,-0.00384428,0.0354831,-0.787476,1.45958
17,0.00191685,0.0279556,0.0329278,-0.00384428,0.0354831,-0.787487,1.45958
18,0.00191685,0.0279556,0.0329278,-0.00384428,0.0354831,-0.787531,1.45957
19,0.00191685,0.0279556,0.0329278,-0.00384428,0.0354831,-0.787487,1.45959
20,0.00191685,0.0279556,0.0329278,-0.00384428,0.0354831,-0.787542,1.45958
21,0.00191685,0.0278598,0.0329278,-0.00384428,0.0351016,-0.787531,1.45958
22,0.00191685,0.0278598,0.0329278,-0.00384428,0.0194604,-0.787575,1.45958
24,0.00191685,0.0278598,0.0329278,-0.00384428,-0.162122,-0.787619,1.4596
25,0.00191685,0.0278598,0.0329278,-0.00384428,-0.278854,-0.787663,1.45961
26,0.00191685,0.0278598,0.0329278,-0.00384428,-0.399781,-0.79124,1.46049
28,0.00191685,0.0277639,0.0329278,-0.00384428,-0.648122,-0.79146,1.4604
29,0.00191685,0.0277639,0.0329278,-0.00384428,-0.770193,-0.791482,1.46039
30,0.00191685,0.0277639,0.0330237,-0.00365253,-0.897606,-0.794698,1.52931
31,0.00191685,0.0273804,0.0329278,-0.00365253,-1.02235,-0.789891,1.53145
32,0.00191685,0.0273804,0.0329278,-0.00365253,-1.14442,-0.789901,1.53145
33,0.00191685,0.0273804,0.0329278,-0.00365253,-1.26535,-0.789891,1.53145
34,0.00191685,0.0273804,0.0330237,-0.00365253,-1.38551,-0.836284,1.51111
35,0.00191685,0.0272845,0.0330237,-0.0033649,-1.50148,-1.30658,1.47669
36,0.00191685,0.0269969,0.0330237,-0.0033649,-1.62012,-1.8754,1.47683
37,0.0020127,0.0252711,0.0330237,-0.00326902,-1.73838,-2.23786,1.53136
38,0.0020127,0.025367,0.0330237,-0.00317315,-1.85854,-2.27315,1.54376
39,0.0020127,0.025367,0.0330237,-0.00307727,-1.98138,-2.27316,1.54375
40,0.0020127,0.025367,0.0330237,-0.00307727,-2.10498,-2.27315,1.54376
41,0.0020127,0.025367,0.0330237,-0.00307727,-2.22857,-2.27317,1.54375
42,0.0020127,0.025367,0.0330237,-0.00307727,-2.35332,-2.27315,1.54376
43,0.0020127,0.0252711,0.0330237,-0.00307727,-2.47844,-2.27322,1.54372
44,0.0020127,0.0252711,0.0330237,-0.00307727,-2.60357,-2.27321,1.54372
45,0.0020127,0.0252711,0.0330237,-0.00307727,-2.72793,-2.27322,1.54372
0,0.0020127,0.0252711,0.0330237,-0.00307727,-2.953,-2.27321,1.54373
1,0.00153348,0.0209567,0.0454876,0.00842787,-2.40558,-1.98906,1.49487
2,0.0279861,0.0196144,0.0456793,-0.0142948,-1.0151,-1.4211,1.49756
3,0.0397747,0.0201897,0.0126021,-0.0251288,-0.307464,-0.858739,1.49916
4,0.0902838,0.0179845,0.0202721,-0.00183088,-0.0690425,-0.306652,1.49875
6,0.188618,0.0179845,0.0299556,-0.00317315,0.0289981,-0.076069,1.53632
7,0.253408,0.0176969,0.0299556,-0.00317315,0.0347201,-0.0760251,1.53632
0,1,1,1,1,-1,1,1
1,1,1,1,1,-1,1,1
2,1,1,1,1,-1,1,1
3,1,1,1,1,-1,1,1
4,1,1,1,1,-1,1,1
5,1,1,1,1,-1,1,1
6,1,1,1,1,-1,1,1
10,1,1,1,1,-1,1,1
11,1,1,1,1,-1,1,1
26,1,1,1,1,-1,1,1
27,1,1,1,1,-1,1,1
28,1,1,1,1,-1,1,1
29,1,1,1,1,-1,1,1
0,0,0,0,0,0,0,0
1,0,0,0,0,0,0,0
2,0,0,0,0,0,0,0
3,0,0,0,0,0,0,0
4,0,0,0,0,0,0,0
5,0,0,0,0,0,0,0
6,0,0,0,0,0,0,0
7,0,0,0,0,0,0,0
8,0,0,0,0,0,0,0
9,0,0,0,0,0,0,0
10,0,0,0,0,0,0,0
11,0,0,0,0,0,0,0
14,0,0,0,0,0,0,0
15,0,0,0,0,0,0,0
16,0,0,0,0,0,0,0
17,0,0,0,0,0,0,0
18,0,0,0,0,0,0,0
19,0,0,0,0,0,0,0
20,0,0,0,0,0,0,0
21,0,0,0,0,0,0,0
0,-0.00249191,0.0302969,0.209202,-0.0175453,0.31796,0.00282069,-0.167353
1,0.0112136,9.58761e-05,0.0268453,-0.0464041,1.2171,-0.0974071,-0.386714
2,0.0244399,0.00469793,0.0325979,-0.0298175,0.670062,-0.121323,-0.204889
3,0.0837665,0.00469793,0.0259824,-0.0383505,0.253873,-0.0159364,-0.20841
4,0.151144,0.00527319,0.0260783,-0.0343237,0.0875492,-0.0104925,-0.326426
6,0.197244,0.00460205,0.0260783,-0.0348989,0.134851,-0.0141144,-0.609754
7,0.19734,0.00460205,0.0260783,-0.034803,0.274854,-0.014301,-0.766374
8,0.19734,0.00460205,0.0260783,-0.034803,0.435453,-0.0131047,-0.924134
9,0.19734,0.00460205,0.0260783,-0.034803,0.601396,-0.0105694,-1.08225
10,0.19734,0.00460205,0.0260783,-0.034803,0.770771,-0.0119413,-1.23857
11,0.19734,0.00469793,0.0260783,-0.034803,0.941673,-0.00940596,-1.40876
12,0.19734,0.00469793,0.0260783,-0.034803,1.11524,-0.00908767,-1.57208
14,0.20079,0.00488968,0.0260783,-0.0349948,1.45476,-0.203792,-1.82598
15,0.203857,0.00460205,0.0260783,-0.0339402,1.62375,-0.390408,-1.90022
16,0.203666,0.00431443,0.0262701,-0.0331731,1.79808,-0.521082,-1.99883
17,0.205583,0.00431443,0.0272288,-0.0331731,1.97051,-0.581567,-2.11308
18,0.205583,0.00421855,0.0281876,-0.0329814,2.14561,-0.599139,-2.2556
19,0.20702,0.00412267,0.0292422,-0.031735,2.32261,-0.581403,-2.4068
20,0.206637,0.00412267,0.0296257,-0.0310639,2.49848,-0.568814,-2.55885
21,0.206637,0.00412267,0.0293381,-0.0314474,2.67739,-0.575849,-2.7207
0,0.206637,0.00364329,0.0292422,-0.0305845,2.93259,-1.08241,-2.91722
1,0.206733,0.00278041,0.0293381,-0.0292422,2.95891,-0.885291,-3.00734
2,0.206637,0.00354742,0.0299134,-0.0325979,2.81701,-0.473997,-2.90449
3,0.206637,0.00364329,0.0301051,-0.033269,2.71897,-0.2526,-2.76548
4,0.210471,0.00354742,0.0292422,-0.0308721,2.68044,-0.19882,-2.71989
5,0.209704,0.00354742,0.0292422,-0.0311597,2.66098,-0.218192,-2.72287
6,0.210375,0.00354742,0.0293381,-0.0306804,2.65755,-0.266396,-2.73914
7,0.209895,0.00354742,0.029434,-0.0307762,2.6545,-0.316543,-2.74517
8,0.211429,0.00345154,0.029434,-0.0306804,2.65297,-0.350314,-2.74504
9,0.210758,0.00345154,0.0296257,-0.0306804,2.6503,-0.37322,-2.74283
10,0.211141,0.00345154,0.029434,-0.0308721,2.64839,-0.448128,-2.74162
0,0.210662,0.00325979,0.0282835,-0.030968,2.64343,-1.2584,-2.74938
1,0.210758,0.00268453,0.0282835,-0.0306804,2.64267,-1.31889,-2.74777
2,0.210662,0.00287628,0.0282835,-0.0304886,2.63848,-0.709662,-2.74404
3,0.210662,0.00278041,0.0281876,-0.0314474,2.63542,-0.247398,-2.73715
4,0.211716,0.00268453,0.0274206,-0.030968,2.63428,-0.151022,-2.73702
5,0.210662,0.00297216,0.0283793,-0.0307762,2.63504,-0.217182,-2.74529
6,0.210758,0.00287628,0.0284752,-0.0303927,2.63466,-0.333237,-2.75265
7,0.210662,0.00287628,0.0283793,-0.0303927,2.63428,-0.429919,-2.75563
8,0.210758,0.00287628,0.0284752,-0.0302969,2.63428,-0.494433,-2.75287
9,0.210758,0.00287628,0.0283793,-0.0306804,2.63352,-0.53209,-2.75214
1,0.190727,0.00297216,0.106327,-0.0211886,1.06184,-0.0907889,-0.272056
2,0.210662,0.0101629,0.0115051,-0.0786184,0.49382,-0.255135,-0.0850212
3,0.210183,-0.00258866,0.0141897,-0.0378711,0.253873,-0.12062,0.128966
5,0.210183,-0.00738246,0.0020134,-0.0319268,0.246243,-0.0110523,0.371925
6,0.210471,-0.00623195,0.0020134,-0.0336525,0.330167,-0.0234436,0.470719
7,0.210471,-0.00623195,0.0020134,-0.0335567,0.41638,-0.012062,0.578681
8,0.210471,-0.00623195,0.0020134,-0.034803,0.512512,-0.0206997,0.680125
9,0.209416,-0.00623195,0.00210928,-0.0329814,0.609406,-0.017429,0.775314
10,0.210471,-0.00613607,0.0020134,-0.034036,0.703631,-0.00662917,0.875267
14,0.209512,-0.0060402,0.0020134,-0.034803,1.09846,-0.00395116,1.2684
15,0.209416,-0.0060402,0.0020134,-0.0348989,1.19726,0.0103828,1.37179
16,0.209416,-0.0060402,0.0020134,-0.0348989,1.29606,0.0133571,1.46538
17,0.209704,-0.0060402,0.0020134,-0.0349948,1.38991,0.029052,1.51419
18,0.209416,-0.0060402,0.0020134,-0.0344195,1.48604,-0.364813,1.46191
20,0.209512,-0.0060402,0.0020134,-0.0344195,1.67601,-0.774143,1.53361
21,0.209416,-0.0060402,0.0020134,-0.0344195,1.77138,-0.77389,1.53371
22,0.209416,-0.0060402,0.0020134,-0.0344195,1.87476,-0.773813,1.53375
23,0.209416,-0.0060402,0.0020134,-0.0344195,1.97127,-0.773791,1.53376
24,0.209416,-0.0060402,0.0020134,-0.0344195,2.07427,-0.773495,1.53389
25,0.209416,-0.0060402,0.0020134,-0.0344195,2.17727,-0.772595,1.5343
26,0.209416,-0.0060402,0.0020134,-0.0344195,2.28065,-0.772595,1.5343
27,0.209416,-0.0060402,0.0020134,-0.0344195,2.37869,-0.772562,1.53432
28,0.209416,-0.0060402,0.0020134,-0.0344195,2.48054,-0.772562,1.53432
29,0.209416,-0.0060402,0.0020134,-0.0344195,2.58316,-0.772529,1.53433
30,0.209416,-0.0060402,0.0020134,-0.0344195,2.68234,-0.772507,1.53434
31,0.209416,-0.0060402,0.0020134,-0.0344195,2.78458,-0.772485,1.53435
0,0,0,0,0,0,0,0
0,0,0,0,0,0,0,0
1,0.00115011,-0.00680721,0.167591,-0.0172577,-0.00400543,0.00994376,0.00265954
2,0.00220438,-0.00757422,-0.00776597,-0.0626071,0.0143051,-0.0500261,-0.100399
3,0.00210854,-0.0088206,0.00115051,-0.0209969,0.0917454,-0.0243765,-0.225383
4,0.00220438,-0.00920411,0.00105464,-0.0266536,0.192836,-0.0163095,-0.354071
5,0.00220438,-0.00814947,0.00105464,-0.0281876,0.305371,-0.0139498,-0.479441
7,0.00220438,-0.00814947,0.00105464,-0.028667,0.558671,-0.0193607,-0.75382
14,0.0020127,-0.00814947,0.00115051,-0.0282835,1.45552,-0.312943,-1.60376
15,0.00613393,-0.00795772,0.00105464,-0.0290505,1.57568,-0.58531,-1.6477
16,0.00230022,-0.00795772,0.00115051,-0.0278041,1.70233,-0.705853,-1.737
17,0.00220438,-0.00795772,0.00115051,-0.0279,1.83394,-0.737671,-1.85681
18,-0.105523,-0.00814947,0.00124639,-0.0287628,1.96746,-0.789607,-1.98202
19,-0.328453,-0.00786184,0.00115051,-0.0327896,2.10098,-0.803304,-2.12275
20,-0.415957,-0.0060402,0.00115051,-0.0318309,2.23907,-0.741052,-2.25821
21,-0.357589,-0.00699896,0.00115051,-0.0313515,2.37869,-0.695613,-2.39918
22,-0.274398,-0.00747834,0.00124639,-0.0307762,2.52136,-0.67532,-2.53885
23,-0.194561,-0.00747834,0.00115051,-0.0315433,2.6606,-0.669305,-2.67374
0,0,0,0,0,0,0,0
0,0,0,0,0,0,0,0
0,0,0,0,0,0,0,0
0,0,0,0,0,0,0,0
0,0,0,0,0,0,0,0
0,0,0,0,0,0,0,0
0,0,0,0,0,0,0,0
0,0,0,0,0,0,0,0
0,0,0,0,0,0,0,0
0,0,0,0,0,0,0,0
0,0,0,0,0,0,0,0
0,0,0,0,0,0,0,0
0,0,0,0,0,0,0,0
0,0,0,0,0,0,0,0
0,0,0,0,0,0,0,0
0,0,0,0,0,0,0,0
0,0,0,0,0,0,0,0
0,0,0,0,0,0,0,0
0,0,0,0,0,0,0,0
0,0,0,0,0,0,0,0
0,0,0,0,0,0,0,0
0,0,0,0,0,0,0,0
0,0,0,0,0,0,0,0
0,0,0,0,0,0,0,0
0,0,0,0,0,0,0,0
0,0,0,0,0,0,0,0
0,0,0,0,0,0,0,0
0,0,0,0,0,0,0,0
0,0,0,0,0,0,0,0
0,0,0,0,0,0,0,0
0,0,0,0,0,0,0,0
5,0,0,0,0,0,0,0
9,0,0,0,0,0,0,0
17,0,0,0,0,0,0,0
21,0,0,0,0,0,0,0
23,0,0,0,0,0,0,0
23,0,0,0,0,0,0,0
23,0,0,0,0,0,0,0
23,0.00143764,0.00297216,0.314761,-0.0229144,-0.0043869,-0.00648649,0.00110443
23,-0,0.0576216,0.313611,-0.0265577,-0.00324249,-0.0066621,0.00107967
23,-0,0.0599226,0.313611,-0.0264618,-0.00324249,-0.0066621,0.00107967
23,-0,0.0653875,0.313611,-0.0264618,-0.00324249,-0.00669503,0.00106481
23,-0,0.0719071,0.313611,-0.0264618,-0.00324249,-0.00669503,0.00106481
23,-0,0.0755504,0.313707,-0.0264618,-0.00324249,-0.006706,0.00105986
23,-0,0.0781391,0.313707,-0.0264618,-0.00324249,-0.00681576,0.00101033
23,-0,0.08207,0.313707,-0.0264618,-0.00324249,-0.00680478,0.00101033
23,-0,0.0865762,0.313707,-0.0264618,-0.00324249,-0.00671698,0.00104995
23,-0,0.0881102,0.313707,-0.0264618,-0.00324249,-0.00665112,0.00107967
23,-0,0.0907947,0.313707,-0.0264618,-0.00324249,-0.00668405,0.00106481
23,-0,0.0910823,0.313707,-0.0264618,-0.00324249,-0.00676088,0.00103014
23,-0,0.0929999,0.313707,-0.0264618,-0.00324249,-0.00669503,0.00105986
23,-0,0.095972,0.313707,-0.0264618,-0.00324249,-0.00667307,0.00106976
23,-0,0.095972,0.313707,-0.0264618,-0.00324249,-0.00660722,0.00109948
23,-0,0.0962596,0.313707,-0.0264618,-0.00324249,-0.00671698,0.00104995
2,-0.00115011,0.0574298,0.00872473,-0.108915,0.0310898,-0.0569626,0.165838
10,-0.00115011,-0.00469793,0.00325979,-0.0342278,1.43187,-0.257309,1.45661
14,-0.000191685,-0.00460205,0.00325979,-0.0341319,2.191,-0.544097,1.46129
16,-0.000958427,-0.00469793,0.00325979,-0.0341319,2.92954,-1.03193,1.43766
16,-0.00105427,-0.00517731,0.00325979,-0.0326938,3.05161,-1.53068,1.54149
16,-0.00105427,-0.00517731,0.00325979,-0.0326938,3.05276,-1.53069,1.54148
16,-0.00105427,-0.00517731,0.00325979,-0.0326938,3.05276,-1.53064,1.54151
16,-0.00105427,-0.00517731,0.00325979,-0.0326938,3.05276,-1.53069,1.54149
16,-0.00105427,-0.00517731,0.00325979,-0.0326938,3.05276,-1.53069,1.54149
0,-0.00105427,-0.00517731,0.00325979,-0.0325979,3.05352,-1.36768,1.49814
4,-0.00105427,-0.00469793,0.00325979,-0.0330773,3.05581,-0.470551,1.5368
0,0,0,0,0,0,0,0
0,0,0,0,0,0,0,0
0,0,0,0,0,0,0,0
0,0,0,0,0,0,0,0
0,0,0,0,0,0,0,0
18,0,0,0,0,0,0,0
20,0,0,0,0,0,0,0
20,0,0,0,0,0,0,0
20,0,0,0,0,0,0,0
20,0,0,0,0,0,0,0
20,0,0,0,0,0,0,0
20,0,0,0,0,0,0,0
20,0,0,0,0,0,0,0
20,0,0,0,0,0,0,0
20,0,0,0,0,0,0,0
20,0,0,0,0,0,0,0
20,0,0,0,0,0,0,0
20,0,0,0,0,0,0,0
20,0,0,0,0,0,0,0
20,-0.00115011,0.00853298,0.310447,-0.0241608,-0.00476837,-0.00656332,0.00122329
20,-0.00325865,0.060402,0.310351,-0.0265577,-0.00209808,-0.006706,0.00122824
20,-0.00325865,0.0623195,0.310351,-0.0265577,-0.00209808,-0.00676088,0.00119853
20,-0.00325865,0.0678803,0.310351,-0.0265577,-0.00209808,-0.00669503,0.00122824
20,-0.00325865,0.0719071,0.310351,-0.0265577,-0.00209808,-0.00667307,0.0012332
20,-0.00325865,0.0776597,0.310351,-0.0265577,-0.00209808,-0.0066621,0.0012431
20,-0.00325865,0.0800566,0.310351,-0.0265577,-0.00209808,-0.0066621,0.0012431
20,-0.00325865,0.0829329,0.310351,-0.0265577,-0.00209808,-0.00665112,0.0012431
20,-0.00325865,0.086672,0.310351,-0.0265577,-0.00209808,-0.0066621,0.00123815
20,-0.00325865,0.132693,0.327129,-0.0266536,-0.00209808,-0.00671698,0.00120348
20,-0.00325865,0.326458,0.513704,-0.0265577,-0.00209808,-0.00667307,0.00124805
20,-0.00335449,0.653588,0.831438,-0.0265577,-0.00209808,-0.00664015,0.00125796
20,-0.00335449,0.994331,1.15454,-0.0265577,-0.00209808,-0.00665112,0.0012332
20,-0.00335449,1.33019,1.47611,-0.0265577,-0.00209808,-0.00639869,0.00115395
20,-0.00335449,1.59787,1.72913,-0.0270371,-0.00209808,-0.00647552,0.00112919
20,-0.00335449,1.57323,1.74255,-0.0266536,-0.00209808,-0.00643161,0.00115891
20,-0.00335449,1.5693,1.74255,-0.0266536,-0.00209808,-0.00644259,0.001149
20,-0.00345034,1.71331,1.89365,-0.0264618,-0.00209808,-0.00642064,0.00116386
20,-0.00335449,1.88004,2.03871,-0.0293381,-0.00209808,-0.00653039,0.00111433
20,-0.00345034,1.86709,2.05012,-0.0287628,-0.00209808,-0.00640966,0.00116386
20,-0.00345034,1.86709,2.05012,-0.0287628,-0.00209808,-0.00640966,0.00116386
20,-0.00345034,1.86709,2.05012,-0.0287628,-0.00209808,-0.00639869,0.00116386
20,-0.0065173,1.86709,2.05012,-0.0287628,-0.00209808,-0.00638771,0.00117377
20,-0.00958427,1.86709,2.05012,-0.0287628,-0.00209808,-0.00642064,0.00115891
20,-0.00958427,1.86709,2.05012,-0.0287628,-0.00209808,-0.00639869,0.00116881
20,-0.00958427,1.86709,2.05012,-0.0287628,-0.00209808,-0.00637674,0.00117872
20,-0.00958427,1.86709,2.05012,-0.0287628,-0.00209808,-0.00634381,0.00118367
20,-0.00958427,1.86709,2.05012,-0.0287628,-0.00209808,-0.00636576,0.00116386
20,-0.00958427,1.84293,2.03468,-0.0288587,-0.00209808,-0.00519139,0.00064879
20,-0.00958427,1.51446,1.77582,-0.0287628,-0.00209808,-0.004917,0.00053488
20,-0.00958427,1.20142,1.47045,-0.0287628,-0.00209808,-0.00488408,0.00053488
20,-0.00958427,0.857708,1.16116,-0.0287628,-0.00209808,-0.00488408,0.000529928
20,-0.00958427,0.532113,0.844573,-0.0287628,-0.00209808,-0.00489505,0.000524975
20,-0.00958427,0.206997,0.52358,-0.0287628,-0.00209808,-0.00490603,0.00051507
20,-0.00968011,-0.0129433,0.239307,-0.0295299,-0.00324249,-0.00354507,-8.91467e-05
20,-0.00958427,-0.0144773,0.234321,-0.0287628,-0.00324249,-0.0035341,-8.91467e-05
20,-0.00958427,-0.0143814,0.234321,-0.0287628,-0.00324249,-0.0035341,-8.91467e-05
20,-0.00958427,-0.0143814,0.234321,-0.0287628,-0.00324249,-0.00354507,-9.40993e-05
20,-0.00958427,-0.0143814,0.234321,-0.0287628,-0.00324249,-0.0035341,-8.91467e-05
20,-0.00958427,-0.0141897,0.234321,-0.0287628,-0.00324249,-0.0035341,-8.91467e-05
20,-0.00958427,-0.0133268,0.234321,-0.0287628,-0.00324249,-0.00351214,-8.41941e-05
20,-0.00958427,-0.013135,0.234321,-0.0287628,-0.00324249,-0.00356702,-0.000108957
20,-0.00958427,-0.0129433,0.234321,-0.0287628,-0.00324249,-0.00329264,1.48578e-05
20,-0.00958427,-0.0127515,0.234321,-0.0287628,-0.00324249,-0.00329264,1.48578e-05
20,-0.00958427,-0.0125598,0.234321,-0.0287628,-0.00324249,-0.00330361,1.48578e-05
20,-0.00958427,-0.0124639,0.234321,-0.0287628,-0.00324249,-0.00330361,1.48578e-05
20,-0.00958427,-0.012368,0.234321,-0.0287628,-0.00324249,-0.00330361,1.48578e-05
20,-0.00958427,-0.0121763,0.234321,-0.0287628,-0.00324249,-0.00330361,1.48578e-05
20,-0.00958427,-0.0120804,0.234321,-0.0287628,-0.00324249,-0.00329264,1.48578e-05
20,-0.00958427,-0.0118886,0.234321,-0.0287628,-0.00324249,-0.00331459,9.90519e-06
20,-0.00958427,-0.0116969,0.234321,-0.0287628,-0.00324249,-0.00328166,4.9526e-06
20,-0.00958427,-0.011601,0.234321,-0.0287628,-0.00324249,-0.00287557,0.000188199
20,-0.00958427,-0.0115051,0.234321,-0.0287628,-0.00324249,-0.00287557,0.000188199
20,-0.00958427,-0.0113134,0.234321,-0.0287628,-0.00324249,-0.00287557,0.000188199
20,-0.00958427,-0.0112175,0.234321,-0.0287628,-0.00324249,-0.00287557,0.000188199
20,-0.00958427,-0.0110258,0.234321,-0.0287628,-0.00324249,-0.00287557,0.000188199
20,-0.00958427,-0.0109299,0.234321,-0.0287628,-0.00324249,-0.00287557,0.000188199
20,-0.00958427,-0.010834,0.234321,-0.0287628,-0.00324249,-0.00287557,0.000188199
20,-0.00958427,-0.0107381,0.234321,-0.0287628,-0.00324249,-0.00287557,0.000193151
20,-0.00958427,-0.0105464,0.234321,-0.0287628,-0.00324249,-0.00287557,0.000188199
20,-0.00958427,-0.0104505,0.234321,-0.0287628,-0.00324249,-0.00287557,0.000193151
20,-0.00958427,-0.0101629,0.234321,-0.0287628,-0.00324249,-0.00286459,0.000193151
20,-0.00958427,-0.00997112,0.234321,-0.0287628,-0.00324249,-0.00286459,0.000193151
20,-0.00958427,-0.00977937,0.234321,-0.0287628,-0.00324249,-0.00284264,0.000188199
20,-0.00958427,-0.00968349,0.234321,-0.0287628,-0.00324249,-0.00283167,0.000193151
20,-0.00958427,-0.00958761,0.234321,-0.0287628,-0.00324249,-0.00283167,0.000198104
20,-0.00958427,-0.00949174,0.234321,-0.0287628,-0.00324249,-0.00282069,0.000203056
20,-0.00958427,-0.00939586,0.234321,-0.0287628,-0.00324249,-0.00280972,0.000203056
20,-0.00958427,-0.00929999,0.234417,-0.0287628,-0.00324249,-0.00277679,0.000222867
20,-0.00948843,-0.00920411,0.234417,-0.0287628,-0.00324249,-0.00274386,0.000232772
20,-0.00948843,-0.00920411,0.234417,-0.0287628,-0.00324249,-0.00114145,0.000945946
20,-0.00948843,-0.00901236,0.234417,-0.0287628,-0.00324249,-0.00113047,0.000945946
20,-0.00948843,-0.0088206,0.234417,-0.0287628,-0.00324249,-0.0011195,0.000940993
20,-0.00948843,-0.0084371,0.234417,-0.0287628,-0.00324249,-0.0011195,0.000945946
20,-0.00948843,-0.00824535,0.234417,-0.0287628,-0.00324249,-0.00115242,0.000931088
20,-0.00948843,-0.00814947,0.234417,-0.0287628,-0.00324249,-0.00113047,0.000921183
20,-0.00948843,-0.00814947,0.234417,-0.0287628,-0.00324249,-0.00113047,0.00091623
20,-0.00948843,-0.0080536,0.234417,-0.0287628,-0.00324249,-0.00108657,0.000921183
20,-0.00948843,-0.00795772,0.234417,-0.0287628,-0.00324249,-0.00106462,0.00091623
20,-0.00948843,-0.00786184,0.234417,-0.0287628,-0.00324249,-0.00107559,0.00091623
20,-0.00948843,-0.00776597,0.234417,-0.0287628,-0.00324249,-0.00106462,0.000901372
20,-0.00948843,-0.00767009,0.234417,-0.0287628,-0.00324249,-0.00106462,0.000876609
20,-0.00948843,-0.00757422,0.234417,-0.0287628,-0.00324249,-0.00103169,0.000866704
20,-0.00948843,-0.00747834,0.234417,-0.0287628,-0.00324249,0.00152559,-0.000292203
20,-0.00948843,-0.00738246,0.234417,-0.0287628,-0.00324249,0.00153656,-0.000282298
20,-0.00948843,-0.00728659,0.234417,-0.0287628,-0.00324249,0.00151461,-0.000292203
20,-0.00948843,-0.00719071,0.234417,-0.0287628,-0.00324249,0.00151461,-0.000287251
20,-0.00948843,-0.00709483,0.234417,-0.0287628,-0.00324249,0.00156949,-0.000272393
20,-0.00939258,-0.00699896,0.234417,-0.0287628,-0.00324249,0.00154754,-0.000272393
20,-0.00939258,-0.00699896,0.234513,-0.0287628,-0.00324249,0.00151461,-0.000292203
20,-0.00939258,0.0334608,0.269795,-0.0287628,-0.00324249,0.00155851,-0.000292203
20,-0.00939258,0.140363,0.371232,-0.0287628,-0.00324249,0.00184388,-0.000416018
20,-0.00939258,0.238827,0.468738,-0.0287628,-0.00324249,0.00184388,-0.000425923
20,-0.00939258,0.339881,0.567203,-0.0287628,-0.00324249,0.00185485,-0.000420971
20,-0.00939258,0.432689,0.662121,-0.0287628,-0.00324249,0.00185485,-0.00040116
20,-0.00939258,0.445728,0.67842,-0.0287628,-0.00324249,0.00181095,-0.000420971
20,-0.00939258,0.445728,0.67842,-0.0287628,-0.00324249,0.00184388,-0.000416018
20,-0.00939258,0.445632,0.67842,-0.0287628,-0.00324249,0.0018329,-0.000411065
20,-0.00939258,0.445249,0.67842,-0.0287628,-0.00324249,0.0018768,-0.00040116
20,-0.00939258,0.445057,0.67842,-0.0287628,-0.00324249,0.00186583,-0.00040116
20,-0.00939258,0.456466,0.698649,-0.0287628,-0.00324249,0.00207436,-0.00049526
20,-0.00929674,0.510061,0.747355,-0.0287628,-0.00324249,0.00205241,-0.000500212
20,-0.00929674,0.609101,0.841121,-0.0287628,-0.00324249,0.00208534,-0.000500212
20,-0.00929674,0.713127,0.941024,-0.0287628,-0.00324249,0.00207436,-0.000505165
20,-0.00929674,0.814947,1.03805,-0.0287628,-0.00324249,0.00209631,-0.000490307
20,-0.00929674,0.917631,1.14035,-0.0287628,-0.00324249,0.00207436,-0.000505165
20,-0.00929674,1.0207,1.23891,-0.0287628,-0.00324249,0.00205241,-0.000505165
20,-0.00306697,1.12376,1.34073,-0.0287628,-0.00324249,0.00203046,-0.00051507
20,-0.00306697,1.24629,1.45722,-0.0287628,-0.00324249,0.00198656,-0.000505165
20,-0.00306697,1.40832,1.61292,-0.0287628,-0.00324249,0.00204143,-0.000485354
20,-0.00306697,1.5971,1.79499,-0.0287628,-0.00324249,0.00206338,-0.000485354
20,-0.00306697,1.84236,2.02567,-0.0287628,-0.00324249,0.00203046,-0.000480402
20,-0.00316281,1.87783,2.07438,-0.0288587,-0.00324249,0.00201948,-0.000475449
20,-0.00316281,1.87649,2.07476,-0.0288587,-0.00324249,0.00198656,-0.000500212
20,-0.00316281,1.874,2.07476,-0.0287628,-0.00324249,0.00201948,-0.000480402
20,-0.00316281,1.874,2.07476,-0.0287628,-0.00324249,0.00211826,-0.000500212
20,-0.00316281,1.874,2.07476,-0.0287628,-0.00324249,0.00207436,-0.000510117
20,-0.00316281,1.874,2.07476,-0.0287628,-0.00324249,0.00206338,-0.000524975
20,-0.00316281,1.8739,2.07476,-0.0287628,-0.00324249,0.00205241,-0.00051507
20,-0.00316281,1.87256,2.07476,-0.0287628,-0.00324249,0.00208534,-0.000510117
20,-0.00316281,1.87256,2.07476,-0.0287628,-0.00324249,0.00208534,-0.000510117
20,-0.00316281,1.87256,2.07476,-0.0287628,-0.00324249,0.00207436,-0.000524975
20,-0.00316281,1.87246,2.07476,-0.0287628,-0.00324249,0.00210729,-0.00051507
20,-0.00316281,1.87141,2.07476,-0.0287628,-0.00324249,0.00205241,-0.00053488
20,-0.00316281,1.87141,2.07476,-0.0287628,-0.00324249,0.00210729,-0.000520022
20,-0.00316281,1.87141,2.07476,-0.0287628,-0.00324249,0.00209631,-0.000520022
20,-0.00316281,1.8716,2.15702,-0.0289546,-0.00324249,0.00206338,-0.000520022
20,-0.00325865,1.85511,2.27035,-0.028667,-0.00324249,0.00208534,-0.00051507
20,-0.00325865,1.85559,2.27035,-0.028667,-0.00324249,0.00207436,-0.000529928
20,-0.00325865,1.85559,2.27035,-0.028667,-0.00324249,0.00208534,-0.000524975
20,-0.00325865,1.85559,2.27035,-0.028667,-0.00324249,0.00211826,-0.000510117
20,-0.00325865,1.85559,2.27035,-0.028667,-0.00324249,0.00207436,-0.00053488
20,-0.00325865,1.85559,2.27035,-0.028667,-0.00324249,0.00209631,-0.000520022
20,-0.00325865,1.85559,2.27035,-0.028667,-0.00324249,0.00210729,-0.00051507
20,-0.00325865,1.85559,2.27035,-0.028667,-0.00324249,0.00207436,-0.000524975
20,-0.00325865,1.85559,2.27035,-0.028667,-0.00324249,0.00209631,-0.00051507
20,-0.00335449,1.85559,2.27035,-0.028667,-0.00324249,0.00208534,-0.000524975
20,-0.00335449,1.85559,2.27035,-0.028667,-0.00324249,0.00203046,-0.00049526
20,-0.00335449,1.85559,2.27035,-0.028667,-0.00324249,0.00204143,-0.000500212
20,-0.00335449,1.85559,2.27035,-0.028667,-0.00324249,0.00200851,-0.00051507
20,-0.00335449,1.85559,2.27035,-0.028667,-0.00324249,0.00200851,-0.000520022
20,-0.00335449,1.85559,2.27035,-0.028667,-0.00324249,0.00205241,-0.000505165
20,-0.00335449,1.85559,2.27035,-0.028667,-0.00324249,0.00204143,-0.000500212
20,-0.00335449,1.85559,2.27035,-0.028667,-0.00324249,0.00198656,-0.000524975
20,-0.00345034,1.85559,2.27035,-0.028667,-0.00324249,0.00203046,-0.000505165
20,-0.00345034,1.85559,2.27035,-0.028667,-0.00324249,0.00200851,-0.000529928
20,-0.00795494,1.85559,2.27035,-0.028667,-0.00324249,0.00198656,-0.00053488
20,-0.116545,1.85559,2.27035,-0.028667,-0.00171661,0.00205241,-0.000510117
20,-0.275068,1.85559,2.27035,-0.028667,-0.00171661,0.00204143,-0.000505165
20,-0.442506,1.85559,2.27035,-0.028667,-0.00171661,0.00204143,-0.00051507
20,-0.638216,1.85559,2.27035,-0.028667,-0.00171661,0.00205241,-0.000505165
20,-0.896512,1.85559,2.27035,-0.028667,-0.00171661,0.00200851,-0.000520022
20,-1.21596,1.85559,2.27035,-0.028667,-0.00171661,0.00200851,-0.000520022
20,-1.53396,1.85559,2.27035,-0.028667,-0.00171661,0.00204143,-0.000505165
20,-1.84583,1.85559,2.27035,-0.028667,-0.00209808,0.00199753,-0.000529928
20,-1.98289,1.85578,2.27025,-0.028667,-0.00171661,0.00201948,-0.00049526
20,-1.98289,1.85645,2.27025,-0.028667,-0.00324249,0.00198656,-0.00049526
20,-1.98299,1.85645,2.27025,-0.028667,-0.00324249,0.00199753,-0.000490307
20,-1.98423,1.85645,2.27025,-0.028667,-0.00324249,0.00197558,-0.000505165
20,-1.97493,1.85645,2.27025,-0.028667,-0.00362396,0.00195363,-0.000520022
20,-1.68463,1.85645,2.27025,-0.028667,-0.00400543,0.00196461,-0.000500212
20,-1.36451,1.85645,2.27025,-0.028667,-0.00400543,0.00198656,-0.000505165
20,-1.04334,1.85645,2.27025,-0.028667,-0.00400543,0.00198656,-0.000500212
20,-0.718533,1.85645,2.27025,-0.028667,-0.00400543,0.00196461,-0.000485354
20,-0.399568,1.85645,2.27025,-0.028667,-0.00400543,0.00194266,-0.000500212
20,-0.0752365,1.85645,2.27025,-0.028667,-0.00400543,0.0019207,-0.000485354
20,0.239894,1.85645,2.27025,-0.028667,-0.00400543,0.00195363,-0.000475449
20,0.559338,1.85645,2.27025,-0.028667,-0.00400543,0.00193168,-0.000490307
20,0.877823,1.85645,2.27025,-0.028667,-0.00400543,0.00195363,-0.000475449
20,1.19727,1.85645,2.27025,-0.028667,-0.00400543,0.00194266,-0.000470497
20,1.51364,1.85645,2.27025,-0.028667,-0.00400543,0.00193168,-0.000490307
20,1.72469,1.85108,2.27035,-0.0255989,-0.0539789,0.0018768,-0.000460591
20,1.79533,1.84619,2.27044,-0.0243525,-0.0810642,0.00193168,-0.000445734
20,1.75306,1.85098,2.27035,-0.0246402,-0.0291834,0.00190973,-0.000465544
20,1.48604,1.85223,2.27025,-0.0262701,-0.00209808,0.00182193,-0.000435828
20,1.16008,1.85223,2.27025,-0.0262701,-0.00209808,0.0018329,-0.000420971
20,0.835365,1.85223,2.27025,-0.0262701,-0.00209808,0.0018329,-0.000420971
20,0.510362,1.85223,2.27025,-0.0262701,-0.00247955,0.00182193,-0.000420971
20,0.195711,1.85223,2.27025,-0.0262701,-0.00247955,0.00182193,-0.000430876
20,0.0330657,1.85223,2.27025,-0.0262701,-0.00362396,0.001789,-0.000416018
20,0.03412,1.85223,2.27025,-0.0262701,-0.00362396,0.00177802,-0.000435828
20,0.0630645,1.85223,2.27025,-0.0262701,-0.0043869,0.001789,-0.000425923
20,0.127279,1.85223,2.27025,-0.0262701,-0.00286102,0.001789,-0.000430876
20,0.127375,1.85223,2.27025,-0.0262701,-0.00286102,0.001789,-0.000425923
20,0.127375,1.85223,2.27025,-0.0262701,-0.00286102,0.00181095,-0.000425923
20,0.127375,1.85223,2.27025,-0.0262701,-0.00286102,0.001789,-0.000406113
20,0.127279,1.85223,2.27025,-0.0262701,-0.00286102,0.00179997,-0.000406113
20,0.119037,1.85223,2.27025,-0.0262701,-0.00324249,0.00179997,-0.000411065
20,0.0993889,1.85223,2.27025,-0.0262701,-0.00362396,0.00176705,-0.000396208
20,0.092009,1.85223,2.27025,-0.0262701,-0.00400543,0.00177802,-0.000396208
20,0.088942,1.85223,2.27025,-0.0262701,-0.00362396,0.00171217,-0.000406113
20,0.0763866,1.85223,2.27025,-0.0262701,-0.00362396,0.00175607,-0.00040116
20,0.0734155,1.85223,2.27025,-0.0262701,-0.00324249,0.00173412,-0.000396208
20,0.0681441,1.85223,2.27025,-0.0262701,-0.00362396,0.00173412,-0.000386302
20,0.0546303,1.85223,2.27025,-0.0262701,-0.00362396,0.00173412,-0.00038135
20,0.0503174,1.85223,2.27025,-0.0262701,-0.00362396,0.0017012,-0.00038135
20,0.0461962,1.85223,2.27025,-0.0262701,-0.00362396,0.00167924,-0.000411065
20,0.0461962,1.4949,1.96297,-0.0264618,-0.00362396,0.00152559,-0.000326871
20,0.0461962,1.20919,1.67381,-0.0265577,-0.00362396,0.00154754,-0.000316966
20,0.0421708,0.907084,1.39605,-0.0264618,-0.00324249,0.00152559,-0.000316966
20,0.0421708,0.609676,1.10967,-0.0264618,-0.00362396,0.00153656,-0.000316966
20,0.0421708,0.324157,0.828466,-0.0264618,-0.00362396,0.00154754,-0.000351634
20,0.0421708,0.0137103,0.490023,-0.0264618,-0.00362396,0.00148169,-0.000326871
20,0.0421708,0.0141897,0.490023,-0.0264618,-0.00362396,0.00152559,-0.000321919
20,0.0421708,0.0159154,0.490023,-0.0264618,-0.00362396,0.00154754,-0.000297156
20,0.0421708,0.023202,0.490023,-0.0265577,-0.00362396,0.00156949,-0.000316966
20,0.0421708,0.029434,0.490023,-0.0265577,-0.00362396,0.00158047,-0.000316966
20,0.0421708,0.0343237,0.490023,-0.0265577,-0.00362396,0.00153656,-0.000292203
20,0.0421708,0.0371041,0.490023,-0.0265577,-0.00362396,0.00154754,-0.000312014
20,0.0421708,0.0381587,0.490023,-0.0265577,-0.00362396,0.00152559,-0.000302108
20,0.0421708,0.042569,0.490023,-0.0265577,-0.00362396,0.00153656,-0.000326871
20,0.0421708,0.0427608,0.490023,-0.0265577,-0.00362396,0.00150364,-0.000297156
20,0.0421708,0.0440072,0.490023,-0.0265577,-0.00362396,0.00151461,-0.000302108
20,0.0421708,0.0440072,0.490023,-0.0265577,-0.00362396,0.00150364,-0.000312014
20,0.0421708,0.0440072,0.490023,-0.0265577,-0.00362396,0.00149266,-0.000312014
20,0.0421708,0.0440072,0.490023,-0.0265577,-0.00362396,0.00148169,-0.000302108
20,0.0421708,0.0440072,0.490023,-0.0265577,-0.00362396,0.00150364,-0.000292203
20,0.0421708,0.0440072,0.490023,-0.0265577,-0.00362396,0.00150364,-0.000297156
20,0.0421708,9.58761e-05,0.429909,-0.0264618,-0.00362396,0.00132803,-0.000242677
20,0.0421708,9.58761e-05,0.429909,-0.0265577,-0.00362396,0.00136096,-0.000232772
20,0.0421708,9.58761e-05,0.429909,-0.0265577,-0.00362396,0.00131705,-0.000227819
20,0.0421708,9.58761e-05,0.429909,-0.0265577,-0.00362396,0.00131705,-0.000232772
20,0.0422666,0,0.429909,-0.0265577,-0.00362396,0.00133901,-0.000227819
20,0.0422666,-9.58761e-05,0.429909,-0.0265577,-0.00362396,0.00136096,-0.000227819
20,0.0423625,-0.000383505,0.417445,-0.0263659,-0.00362396,0.00134998,-0.000222867
20,0.0423625,-0.000383505,0.11486,-0.0265577,-0.00362396,0.0012951,-0.000222867
20,0.0423625,-0.000287628,0.00325979,-0.0277082,-0.00362396,-0.0042475,0.00225838
20,0.0423625,-0.000287628,0.00325979,-0.0277082,-0.00362396,-0.00409384,0.00221381
20,0.0424583,-0.000287628,0.00325979,-0.0277082,-0.00362396,-0.00411579,0.00221381
20,0.0424583,-0.000383505,0.00325979,-0.0277082,-0.00362396,-0.00409384,0.00222372
20,0.0496465,-0.000479381,0.00325979,-0.0277082,-0.00362396,-0.00408287,0.00222372
20,0.0495507,-0.000479381,0.00335566,-0.0277082,-0.00362396,-0.00411579,0.00221381
20,0.0495507,-0.000479381,0.00335566,-0.0277082,-0.00362396,-0.00411579,0.00221381
20,0.0495507,-0.000479381,0.00335566,-0.0277082,-0.00362396,-0.00411579,0.00221381
20,0.0495507,-0.000479381,0.00335566,-0.0277082,-0.00362396,-0.00411579,0.00221381
20,0.0495507,-0.000479381,0.00335566,-0.0277082,-0.00362396,-0.00411579,0.00221381
20,0.0495507,-0.000479381,0.00335566,-0.0277082,-0.00362396,-0.00411579,0.00221381
20,0.0495507,-0.000479381,0.00335566,-0.0277082,-0.00362396,-0.00411579,0.00221381
20,0.0495507,-0.000479381,0.00335566,-0.0277082,-0.00362396,-0.00411579,0.00221381
20,0.0495507,-0.000479381,0.00335566,-0.0277082,-0.00362396,-0.00411579,0.00221381
20,0.0495507,-0.000479381,0.00335566,-0.0277082,-0.00362396,-0.00411579,0.00221381
20,0.0495507,-0.000479381,0.00335566,-0.0277082,-0.00362396,-0.00411579,0.00221381
20,0.0495507,-0.000479381,0.00335566,-0.0277082,-0.00362396,-0.00411579,0.00221381
20,0.0495507,-0.000479381,0.00335566,-0.0277082,-0.00362396,-0.00411579,0.00221381
20,0.0495507,-0.000479381,0.00335566,-0.0277082,-0.00362396,-0.00411579,0.00221381
20,0.0495507,-0.000479381,0.00335566,-0.0277082,-0.00362396,-0.00411579,0.00221381
20,0.0495507,-0.000479381,0.00335566,-0.0277082,-0.00362396,-0.00411579,0.00221381
20,0.0495507,-0.000479381,0.00335566,-0.0277082,-0.00362396,-0.00411579,0.00221381
20,0.0495507,-0.000479381,0.00335566,-0.0277082,-0.00362396,-0.00411579,0.00221381
20,0.0495507,-0.000479381,0.00335566,-0.0277082,-0.00362396,-0.00411579,0.00221381
20,0.0495507,-0.000479381,0.00335566,-0.0277082,-0.00362396,-0.00411579,0.00221381
20,0.0495507,-0.000479381,0.00335566,-0.0277082,-0.00362396,-0.00411579,0.00221381
20,0.0495507,-0.000479381,0.00335566,-0.0277082,-0.00362396,-0.00411579,0.00221381
20,0.0495507,-0.000479381,0.00335566,-0.0277082,-0.00362396,-0.00411579,0.00221381
20,0.0495507,-0.000479381,0.00335566,-0.0277082,-0.00362396,-0.00411579,0.00221381
20,0.0495507,-0.000479381,0.00335566,-0.0277082,-0.00362396,-0.00411579,0.00221381
20,0.0495507,-0.000479381,0.00335566,-0.0277082,-0.00362396,-0.00411579,0.00221381
20,0.0495507,-0.000479381,0.00335566,-0.0277082,-0.00362396,-0.00411579,0.00221381
20,0.0495507,-0.000479381,0.00335566,-0.0277082,-0.00362396,-0.00411579,0.00221381
20,0.0495507,-0.000479381,0.00335566,-0.0277082,-0.00362396,-0.00411579,0.00221381
20,0.0495507,-0.000479381,0.00335566,-0.0277082,-0.00362396,-0.00411579,0.00221381
20,0.0495507,-0.000479381,0.00335566,-0.0277082,-0.00362396,-0.00411579,0.00221381
20,0.0495507,-0.000479381,0.00335566,-0.0277082,-0.00362396,-0.00411579,0.00221381
20,0.0495507,-0.000479381,0.00335566,-0.0277082,-0.00362396,-0.00411579,0.00221381
20,0.0495507,-0.000479381,0.00335566,-0.0277082,-0.00362396,-0.00411579,0.00221381
20,0.0495507,-0.000479381,0.00335566,-0.0277082,-0.00362396,-0.00411579,0.00221381
20,0.0495507,-0.000479381,0.00335566,-0.0277082,-0.00362396,-0.00411579,0.00221381
20,0.0495507,-0.000479381,0.00335566,-0.0277082,-0.00362396,-0.00411579,0.00221381
20,0.0495507,-0.000479381,0.00335566,-0.0277082,-0.00362396,-0.00411579,0.00221381
20,0.0495507,-0.000479381,0.00335566,-0.0277082,-0.00362396,-0.00411579,0.00221381
20,0.0495507,-0.000479381,0.00335566,-0.0277082,-0.00362396,-0.00411579,0.00221381
20,0.0495507,-0.000479381,0.00335566,-0.0277082,-0.00362396,-0.00411579,0.00221381
20,0.0495507,-0.000479381,0.00335566,-0.0277082,-0.00362396,-0.00411579,0.00221381
20,0.0495507,-0.000479381,0.00335566,-0.0277082,-0.00362396,-0.00411579,0.00221381
20,0.0495507,-0.000479381,0.00335566,-0.0277082,-0.00362396,-0.00411579,0.00221381
20,0.0495507,-0.000479381,0.00335566,-0.0277082,-0.00362396,-0.00411579,0.00221381
20,0.0495507,-0.000479381,0.00335566,-0.0277082,-0.00362396,-0.00411579,0.00221381
20,0.0495507,-0.000479381,0.00335566,-0.0277082,-0.00362396,-0.00411579,0.00221381
20,0.0495507,-0.000479381,0.00335566,-0.0277082,-0.00362396,-0.00411579,0.00221381
20,0.0495507,-0.000479381,0.00335566,-0.0277082,-0.00362396,-0.00411579,0.00221381
20,0.0495507,-0.000479381,0.00335566,-0.0277082,-0.00362396,-0.00411579,0.00221381
20,0.0495507,-0.000479381,0.00335566,-0.0277082,-0.00362396,-0.00411579,0.00221381
20,0.0495507,-0.000479381,0.00335566,-0.0277082,-0.00362396,-0.00411579,0.00221381
20,0.0495507,-0.000479381,0.00335566,-0.0277082,-0.00362396,-0.00411579,0.00221381
20,0.0495507,-0.000479381,0.00335566,-0.0277082,-0.00362396,-0.00411579,0.00221381
20,0.0495507,-0.000479381,0.00335566,-0.0277082,-0.00362396,-0.00411579,0.00221381
20,0.0495507,-0.000479381,0.00335566,-0.0277082,-0.00362396,-0.00411579,0.00221381
20,0.0495507,-0.000479381,0.00335566,-0.0277082,-0.00362396,-0.00411579,0.00221381
20,0.0495507,-0.000479381,0.00335566,-0.0277082,-0.00362396,-0.00411579,0.00221381
20,0.0495507,-0.000479381,0.00335566,-0.0277082,-0.00362396,-0.00411579,0.00221381
20,0.0495507,-0.000479381,0.00335566,-0.0277082,-0.00362396,-0.00411579,0.00221381
20,0.0495507,-0.000479381,0.00335566,-0.0277082,-0.00362396,-0.00411579,0.00221381
20,0.0495507,-0.000479381,0.00335566,-0.0277082,-0.00362396,-0.00411579,0.00221381
20,0.0495507,-0.000479381,0.00335566,-0.0277082,-0.00362396,-0.00411579,0.00221381
20,0.0495507,-0.000479381,0.00335566,-0.0277082,-0.00362396,-0.00411579,0.00221381
20,0.0495507,-0.000479381,0.00335566,-0.0277082,-0.00362396,-0.00411579,0.00221381
20,-0,0.0615525,0.425019,-0.0271329,-0.00247955,-0.00784745,-0.000792415
20,-0,0.0584844,0.423868,-0.0267494,-0.00324249,-0.0078255,-0.000797368
20,-0,0.0620319,0.423868,-0.0267494,-0.00324249,-0.0078255,-0.000787463
20,-0,0.0673051,0.423868,-0.0267494,-0.00324249,-0.00784745,-0.000792415
20,-0,0.065004,0.419842,-0.0266536,-0.00324249,-0.00780355,-0.000792415
20,-0,-0.00469793,0.322431,-0.0267494,-0.00324249,-0.00779257,-0.000797368
20,-0,-0.00469793,0.321952,-0.0267494,-0.00324249,-0.0078255,-0.000787463
20,-0,-0.00469793,0.321952,-0.0267494,-0.00324249,-0.0078255,-0.000787463
20,-0,-0.00460205,0.321952,-0.0267494,-0.00324249,-0.00780355,-0.000792415
20,-0,0.188397,0.488777,-0.0267494,-0.00324249,-0.0077816,-0.0007627
20,-0,0.512266,0.809195,-0.0267494,-0.00324249,-0.0078255,-0.000772605
20,-0,0.599897,0.91159,-0.0265577,-0.00324249,-0.00638771,-0.000143625
20,-0,0.601143,0.91159,-0.0265577,-0.00324249,-0.00628893,-8.91467e-05
20,-0,0.601143,0.912261,-0.0265577,-0.00324249,-0.00636576,-0.00011391
20,-0,0.601143,0.912261,-0.0265577,-0.00324249,-0.00559748,0.000242677
20,-0,0.601143,0.912261,-0.0271329,-0.00324249,-0.00560846,0.000227819
20,-0,0.601048,0.917535,-0.191273,-0.00324249,-0.00557553,0.000252582
20,-0,0.601048,0.917535,-0.356563,-0.00324249,-0.00555358,0.00024763
20,-0,0.601048,0.917535,-0.356659,-0.00324249,-0.0055426,0.000252582
20,-0,0.601048,0.917535,-0.202682,-0.00324249,-0.00555358,0.000252582
20,-0,0.599609,0.927793,-0.0282835,-0.00324249,-0.00538895,0.000188199
20,-0,0.599514,0.927793,-0.0282835,-0.00324249,-0.00535602,0.000188199
20,-0,0.599322,0.927793,-0.0557999,-0.00324249,-0.00533407,0.000193151
20,-0,0.599801,0.927793,-0.3836,-0.00324249,-0.00534505,0.000203056
20,-0,0.599801,0.927793,-0.693472,-0.00324249,-0.00534505,0.000208009
20,-0,0.599801,0.927793,-1.00354,-0.00324249,-0.00523529,0.00024763
20,-0,0.599322,0.927889,-1.28263,-0.00324249,-0.00207436,0.00140654
20,-0,0.599322,0.927889,-1.28273,-0.00324249,-0.00207436,0.00140158
20,-0,0.599322,0.927889,-1.28292,-0.00324249,-0.00206338,0.00140654
20,-0,0.59913,0.932204,-1.28742,-0.00324249,-0.00204143,0.00138673
20,-0,0.59913,0.932204,-1.13863,-0.00324249,-0.00204143,0.00137682
20,-0,0.59913,0.932204,-0.831534,-0.00324249,-0.00205241,0.00137682
20,-0,0.59913,0.932204,-0.518882,-0.00324249,-0.00209631,0.00136196
20,-0,0.59913,0.932204,-0.203833,-0.00324249,-0.00207436,0.00132234
20,-0,0.59798,0.94112,-0.0284752,-0.00324249,-0.00217314,0.00128767
20,-0,0.59798,0.94112,-0.0284752,-0.00324249,-0.00217314,0.00128767
20,-0,0.59798,0.94112,-0.0284752,-0.00324249,-0.00217314,0.00128767
20,-0,0.597884,0.941216,-0.074304,-0.00324249,-0.00217314,0.00128767
20,-0,0.598267,0.941216,-0.39338,-0.00324249,-0.00217314,0.00128767
20,-0,0.598267,0.941216,-0.705265,-0.00324249,-0.00217314,0.00128767
20,-0,0.598267,0.941216,-1.01485,-0.00324249,-0.00217314,0.00129263
20,-0,0.598267,0.942079,-1.31063,0.00133514,0.000153656,0.000282298
20,-0,0.597884,0.945818,-1.31091,-0.000572205,0.00486213,-0.000881562
20,-0,0.597884,0.945818,-1.31091,-0.000572205,0.00488408,-0.000881562
20,-0,0.59798,0.945722,-1.12281,-0.000953674,0.00470847,-0.000812226
20,-0,0.598171,0.945722,-0.970842,-0.000953674,0.00458774,-0.000792415
20,-0,0.598459,0.945722,-0.684939,-0.000953674,0.00456579,-0.000787463
20,-0,0.598842,0.945722,-0.595487,-0.000953674,0.00455481,-0.0007627
20,-0,0.638919,0.968541,-0.595679,-0.000953674,0.00445603,-0.000787463
20,-0,0.639206,0.969595,-0.595679,-0.000953674,0.00445603,-0.00078251
20,-0,0.63911,1.00267,-0.59587,-0.000953674,0.00443408,-0.000752794
20,-0,0.63911,1.00267,-0.59587,-0.000953674,0.00443408,-0.000772605
20,-0,0.63911,1.00267,-0.59587,-0.000953674,0.00446701,-0.000732984
20,-0,0.639015,1.00277,-0.59587,-0.000953674,0.00443408,-0.000757747
20,-0,0.638343,1.05799,-0.595774,-0.000953674,0.0042914,-0.0006686
20,-0,0.638343,1.05799,-0.59587,-0.000953674,0.00105364,0.000792415
20,-0,0.638343,1.05742,-0.59587,-0.000953674,0.00104267,0.00078251
20,-0,0.637193,0.932108,-0.595007,-0.000953674,0.00103169,0.000747842
20,-0,0.637193,0.722523,-0.595007,-0.000953674,0.00104267,0.000752794
20,-0,0.637193,0.603253,-0.594911,-0.000953674,0.00104267,0.000752794
20,-0,0.637385,0.616292,-0.59635,-0.000953674,0.00100974,0.000713174
20,-0,0.637289,0.881485,-0.595966,-0.000953674,0.00105364,0.000742889
20,-0,0.633454,1.06633,-0.589351,-0.000953674,0.00105364,0.000737937
20,-0,0.633837,1.06633,-0.589351,-0.000953674,0.00103169,0.000732984
20,-0,0.633454,1.03517,-0.588967,-0.000953674,0.00108657,0.000752794
20,-0,0.634029,0.764133,-0.589255,-0.000953674,0.00105364,0.000723079
20,-0,0.634125,0.700183,-0.589446,-0.000953674,0.00118535,0.000683458
20,-0,0.634125,0.700183,-0.740451,-0.000953674,0.00119632,0.000688411
20,-0,0.634125,0.700183,-0.95646,-0.000953674,0.00122925,0.000693363
20,-0,0.634125,0.700183,-0.959912,-0.000953674,0.00124023,0.000683458
20,-0,0.634125,0.700183,-0.759627,-0.000953674,0.0012073,0.000673553
20,-0,0.636905,0.700088,-0.44918,-0.000953674,0.00119632,0.000673553
20,-0,0.637193,0.700088,-0.137486,-0.000953674,0.00119632,0.000673553
20,-0,0.639206,0.696157,-0.029434,-0.00133514,-0.00124023,-0.000609169
20,-0,0.63911,0.696157,-0.029434,-0.00133514,-0.00130608,-0.000638885
20,-0,0.638631,0.696157,-0.130296,-0.00133514,-0.00119632,-0.000589359
20,-0,0.639015,0.696061,-0.443044,-0.00133514,-0.00118535,-0.000584406
20,-0,0.638919,0.696061,-0.753874,-0.00133514,-0.0012073,-0.000599264
20,-0,0.638535,0.696253,-1.04697,0.00209808,0.0061682,-0.00089642
20,-0,0.637768,0.720413,-1.13776,0.0261307,0.0164083,0.000787463
20,-0,0.637768,0.726837,-1.15291,0.0284195,0.0164851,0.00078251
20,-0,0.637768,0.698649,-0.973047,0.00362396,-0.00103169,0
20,-0,0.637768,0.69817,-0.655409,-0.000572205,-0.000471944,-0.000178293
20,-0,0.637864,0.698074,-0.340744,-0.000572205,-0.000515846,-0.000193151
20,-0,0.637864,0.69817,-0.0298175,-0.000953674,-0.000647552,-0.000237725
20,-0,0.636809,0.693856,-0.0308721,-0.000953674,-0.00152559,-0.000544785
20,-0,0.636809,0.693856,-0.0305845,-0.000953674,-0.00159144,-0.000564596
20,-0,0.636809,0.693856,-0.0305845,-0.000953674,-0.00155851,-0.000559643
20,-0,0.636809,0.693856,-0.0305845,-0.000953674,-0.00153656,-0.000549738
20,-0,0.636809,0.693856,-0.0305845,-0.000953674,-0.00153656,-0.000544785
20,-0,0.636809,0.693856,-0.0304886,-0.000953674,-0.00160242,-0.000569548
20,-0,0.636809,0.693856,-0.0304886,-0.000953674,-0.00154754,-0.000554691
20,-0,0.636809,0.693856,-0.0304886,-0.000953674,-0.00159144,-0.000569548
20,-0,0.636809,0.693856,-0.0304886,-0.000953674,-0.00149266,-0.000574501
20,-0,0.636809,0.693856,-0.0304886,-0.000953674,-0.00150364,-0.000574501
20,-0,0.636809,0.693856,-0.0304886,-0.000953674,-0.00151461,-0.000584406
20,-0,0.636809,0.693856,-0.0304886,-0.000953674,-0.00151461,-0.000579454
20,-0,0.636809,0.693856,-0.0303927,-0.000953674,0.0475566,0.00011391
20,-0,0.636809,0.693856,-0.0302969,-0.000953674,0.342149,0.00156007
20,-0,0.636809,0.693856,-0.0302969,-0.000953674,0.380991,0.0019018
20,-0,0.636905,0.693856,-0.0301051,-0.000953674,0.311439,-0.00231286
20,-0,0.637097,0.693856,-0.0298175,-0.000953674,0.0412348,0.000168388
20,-0,0.637001,0.693856,-0.0298175,-0.000953674,-0.0679051,-0.000708221
20,-0,0.637001,0.693856,-0.0298175,-0.000953674,-0.0597065,1.98104e-05
20,-0,0.637001,0.693856,-0.0298175,-0.000953674,0.220003,0.0016294
20,-0,0.637001,0.693856,-0.0298175,-0.00133514,0.536513,0.0018077
20,-0,0.637001,0.693856,-0.0298175,-0.00133514,0.857754,0.00135206
20,-0,0.637001,0.693856,-0.0298175,-0.00133514,1.17792,0.00125796
20,-0,0.637001,0.693856,-0.0297216,-0.00133514,1.52005,0.00144121
20,-0,0.637001,0.693856,-0.0296257,-0.00133514,1.56522,0.00143625
20,-0,0.636809,0.693856,-0.0292422,-0.00133514,0.943999,0.000173341
20,-0,0.637001,0.693856,-0.0292422,-0.00133514,0.149244,-0.00141149
20,-0,0.637001,0.693856,-0.0292422,-0.00133514,-0.654565,-0.00127282
20,-0,0.636905,0.693856,-0.0292422,-0.00133514,-0.890142,-0.000554691
20,-0,0.636905,0.693856,-0.0292422,-0.000953674,-0.796884,-0.000188199
20,-0,0.636905,0.693856,-0.0292422,-0.000953674,-0.381254,0.0012431
20,-0,0.636905,0.693856,-0.0292422,-0.00133514,0.063921,0.000425923
20,-0,0.637001,0.693856,-0.0292422,-0.00133514,0.389102,0.00122824
20,-0,0.637001,0.693856,-0.0292422,-0.00133514,0.389826,0.00155511
20,-0,0.637001,0.693856,-0.0293381,-0.00133514,0.405126,-0.167145
20,-0,0.637001,0.693856,-0.0292422,-0.00133514,0.398749,-0.461448
20,-0,0.637001,0.693856,-0.0292422,-0.00133514,0.403776,-0.711574
20,-0,0.637001,0.693856,-0.0292422,-0.00133514,0.401515,-0.856472
20,-0,0.637001,0.693856,-0.0292422,-0.00133514,0.410493,-0.799869
20,-0,0.637097,0.693856,-0.0293381,-0.00133514,0.409373,-0.39959
20,-0,0.637097,0.693856,-0.0292422,-0.00133514,0.405872,0.0204938
20,-0,0.637193,0.693856,-0.0292422,-0.00133514,0.406366,0.439691
20,-0,0.637193,0.693856,-0.0292422,-0.00133514,0.406542,0.793421
20,-0,0.637193,0.693856,-0.0292422,-0.000953674,0.404039,0.689545
20,-0,0.637193,0.693856,-0.0292422,-0.00133514,0.402986,0.271927
20,-0,0.637193,0.693856,-0.0292422,-0.00133514,0.399474,0.0168339
20,-0,0.637193,0.693856,-0.0292422,-0.00133514,0.39921,0.0145458
20,-0,0.637193,0.693856,-0.0292422,-0.00133514,0.408847,0.16453
20,-0,0.637193,0.693856,-0.0292422,-0.00133514,0.407123,0.584362
20,-0,0.637193,0.693856,-0.0292422,-0.000953674,0.406783,1.00357
20,-0,0.637193,0.693856,-0.0292422,-0.00133514,0.409286,1.42151
20,-0,0.638343,0.692801,-0.0292422,-0.000572205,0.410427,1.53004
20,-0,0.638343,0.692801,-0.0292422,-0.000572205,0.40405,1.49544
20,-0,0.638631,0.691842,-0.0292422,-0.000953674,0.405356,1.08881
20,-0,0.638631,0.691842,-0.0292422,-0.000953674,0.400395,0.273423
20,-0,0.638535,0.691842,-0.0291463,-0.000953674,0.403809,0.358404
20,-0,0.638535,0.691842,-0.0291463,-0.000953674,0.407332,0.774952
20,-0,0.638535,0.691842,-0.0291463,-0.000953674,0.404369,1.04611
20,-0,0.638535,0.691842,-0.0291463,-0.000953674,0.406136,0.813627
20,-0,0.638535,0.691842,-0.0291463,-0.000953674,0.401855,0.394009
20,-0,0.638535,0.691842,-0.0291463,-0.00133514,0.39842,-0.0235644
20,-0,0.638535,0.691842,-0.0291463,-0.00133514,0.399056,-0.442767
20,-0,0.638535,0.691842,-0.0291463,-0.00133514,0.39966,-0.862158
20,-0,0.638439,0.691842,-0.0291463,-0.00133514,0.401306,-1.28044
20,-0,0.638439,0.691842,-0.0291463,-0.000953674,0.414532,-1.48281
20,-0,0.638439,0.691842,-0.0291463,-0.00133514,0.410614,-1.10043
20,-0,0.638439,0.691842,-0.0291463,-0.00133514,0.408825,-0.679555
20,-0,0.638343,0.691842,-0.0291463,-0.00133514,0.40776,-0.267252
20,-0,0.638439,0.691842,-0.0291463,-0.00133514,0.406487,-0.188743
20,-0,0.638343,0.691842,-0.0291463,-0.00133514,0.409297,0.102207
20,-0,0.638343,0.691842,-0.0291463,-0.00133514,0.403458,0.523192
20,-0,0.638343,0.691842,-0.0291463,-0.00133514,0.402272,0.587294
20,-0,0.638343,0.691842,-0.0291463,-0.00133514,0.404709,0.516031
20,-0,0.638343,0.691842,-0.0291463,-0.00133514,0.400187,0.102573
20,-0,0.638343,0.691842,-0.0291463,-0.00133514,0.402239,-0.311642
20,-0,0.638343,0.691842,-0.0291463,-0.00133514,0.400011,-0.347504
20,-0,0.63796,0.691842,-0.0291463,-0.00133514,0.408858,-0.195276
20,-0,0.63796,0.691842,-0.0291463,-0.00171661,0.404017,0.0128272
20,-0,0.63796,0.691842,-0.0291463,-0.00171661,0.404127,0.0128371
20,-0,0.63796,0.691842,-0.0291463,-0.00171661,0.404094,0.0128619
20,-0,0.63796,0.691842,-0.0291463,-0.00171661,0.404149,0.0128421
20,-0,0.63796,0.691842,-0.0291463,-0.00171661,0.404116,0.0128718
20,-0,0.63796,0.691842,-0.0291463,-0.00171661,0.404193,0.0129015
20,-0,0.63796,0.691842,-0.0291463,-0.00171661,0.404226,0.0128916
20,-0,0.63796,0.691842,-0.0291463,-0.00171661,0.405751,0.013585
20,-0,0.63796,0.691842,-0.0291463,-0.00171661,0.406465,0.0139316
20,-0,0.63796,0.691842,-0.0291463,-0.00171661,0.406476,0.0139416
20,-0,0.63796,0.691842,-0.0291463,-0.00171661,0.406509,0.0139416
20,-0,0.63796,0.691842,-0.0291463,-0.00171661,0.406509,0.0139217
20,-0,0.63796,0.691842,-0.0291463,-0.00171661,0.406498,0.0139416
20,-0,0.63796,0.691842,-0.0291463,-0.00171661,0.406498,0.0139316
20,-0,0.63796,0.691842,-0.0291463,-0.00171661,0.406476,0.0139168
20,-0,0.63796,0.691842,-0.0291463,-0.00171661,0.406487,0.0139416
20,-0,0.63796,0.691842,-0.0291463,-0.00171661,0.40652,0.0139465
20,-0,0.63796,0.691842,-0.0291463,-0.00171661,0.406465,0.0139217
20,-0,0.63796,0.691842,-0.0291463,-0.00171661,0.406476,0.0139118
20,-0,0.63796,0.691842,-0.0291463,-0.00171661,0.406465,0.0139217
20,-0,0.63796,0.691842,-0.0291463,-0.00171661,0.406476,0.0139267
20,-0,0.63796,0.691842,-0.0291463,-0.00171661,0.406509,0.0139267
20,-0,0.63796,0.691842,-0.0291463,-0.00171661,0.406443,0.0139316
20,-0,0.63796,0.691842,-0.0291463,-0.00171661,0.406476,0.0139316
20,-0,0.63796,0.691842,-0.0291463,-0.00171661,0.406476,0.0139663
20,-0,0.63796,0.691842,-0.0291463,-0.00171661,0.40641,0.0139564
20,-0,0.63796,0.691842,-0.0291463,-0.00171661,0.406465,0.0139812
20,-0,0.63796,0.691842,-0.0291463,-0.00171661,0.406421,0.0139564
20,-0,0.63796,0.691842,-0.0291463,-0.00171661,0.406542,0.0139217
20,-0,0.63796,0.691842,-0.0291463,-0.00171661,0.40641,0.0139812
20,-0,0.63796,0.691842,-0.0291463,-0.00171661,0.406542,0.0139069
20,-0,0.63796,0.691842,-0.0291463,-0.00171661,0.40652,0.0139515
20,-0,0.63796,0.691842,-0.0291463,-0.00171661,0.40641,0.0139713
20,-0,0.63796,0.691842,-0.0291463,-0.00171661,0.406399,0.0139762
20,-0,0.63796,0.691842,-0.0291463,-0.00171661,0.406421,0.0139911
20,-0,0.63796,0.691842,-0.0291463,-0.00171661,0.406421,0.0139911
20,-0,0.63796,0.691842,-0.0291463,-0.00171661,0.406432,0.014001
20,-0,0.63796,0.691842,-0.0291463,-0.00171661,0.406454,0.0139812
20,-0,0.63796,0.691842,-0.0291463,-0.00171661,0.406564,0.0139416
20,-0,0.63796,0.691842,-0.0291463,-0.00171661,0.40652,0.0139316
20,-0,0.63796,0.691842,-0.0291463,-0.00171661,0.406575,0.0139316
20,-0,0.63796,0.691842,-0.0291463,-0.00171661,0.406531,0.0139168
20,-0,0.63796,0.691842,-0.0291463,-0.00171661,0.406553,0.0139366
20,-0,0.63796,0.691842,-0.0291463,-0.00171661,0.406542,0.0139366
20,-0,0.63796,0.691842,-0.0291463,-0.00171661,0.406509,0.0139416
20,-0,0.63796,0.691842,-0.0291463,-0.00171661,0.406542,0.0139515
20,-0,0.63796,0.691842,-0.0291463,-0.00171661,0.406542,0.0139564
20,-0,0.63796,0.691842,-0.0291463,-0.00171661,0.406487,0.0139614
20,-0,0.63796,0.691842,-0.0291463,-0.00171661,0.406487,0.0139515
20,-0,0.63796,0.691842,-0.0291463,-0.00171661,0.406498,0.0139663
20,-0,0.63796,0.691842,-0.0291463,-0.00171661,0.406454,0.0139861
20,-0,0.63796,0.691842,-0.0291463,-0.00133514,0.404039,0.0150955
20,-0,0.63796,0.691842,-0.0291463,-0.00133514,0.401767,0.0160811
20,-0,0.63796,0.691842,-0.0291463,-0.00133514,0.401778,0.0161058
20,-0,0.63796,0.691842,-0.0291463,-0.00133514,0.4018,0.0160959
20,-0,0.63796,0.691842,-0.0291463,-0.00133514,0.401756,0.0160761
20,-0,0.63796,0.691842,-0.0291463,-0.00133514,0.401767,0.0160761
20,-0,0.63796,0.691842,-0.0291463,-0.00133514,0.401778,0.016086
20,-0,0.63796,0.691842,-0.0291463,-0.00133514,0.401844,0.0160761
20,-0,0.63796,0.691842,-0.0291463,-0.00133514,0.401811,0.016086
20,-0,0.63796,0.691842,-0.0291463,-0.00133514,0.401932,0.0160415
20,-0,0.63796,0.691842,-0.0291463,-0.00133514,0.401921,0.0160563
20,-0,0.63796,0.691842,-0.0291463,-0.00133514,0.401899,0.0160415
20,-0,0.63796,0.691842,-0.0291463,-0.00133514,0.401921,0.0160514
20,-0,0.63796,0.691842,-0.0291463,-0.00133514,0.402163,0.0159424
20,-0,0.63796,0.691842,-0.0291463,-0.00133514,0.402195,0.0159375
20,-0,0.63796,0.691842,-0.0291463,-0.00133514,0.402283,0.0158929
20,-0,0.63796,0.691842,-0.0291463,-0.00133514,0.402316,0.0159077
20,-0,0.63796,0.691842,-0.0291463,-0.00133514,0.402349,0.015878
20,-0,0.63796,0.691842,-0.0291463,-0.00133514,0.402327,0.0158681
20,-0,0.63796,0.691842,-0.0291463,-0.00133514,0.402327,0.0158731
20,-0,0.63796,0.691842,-0.0291463,-0.00133514,0.402316,0.0158632
20,-0,0.63796,0.691842,-0.0291463,-0.00133514,0.402327,0.0158681
20,-0,0.63796,0.691842,-0.0291463,-0.00133514,0.402349,0.015883
20,-0,0.63796,0.691842,-0.0291463,-0.00133514,0.403754,0.0165169
20,-0,0.63796,0.691842,-0.0291463,-0.00133514,0.403754,0.0165169
20,-0,0.63796,0.691842,-0.0291463,-0.00133514,0.403732,0.0165268
20,-0,0.63796,0.691842,-0.0291463,-0.00133514,0.403743,0.0165367
20,-0,0.63796,0.691842,-0.0291463,-0.00133514,0.403732,0.0165219
20,-0,0.638056,0.691842,-0.0291463,-0.00133514,0.403743,0.0165367
20,-0,0.638056,0.691842,-0.0291463,-0.00133514,0.403765,0.0165417
20,-0,0.638056,0.691842,-0.0291463,-0.00133514,0.403743,0.0165219
20,-0,0.638056,0.691842,-0.0291463,-0.00133514,0.404061,0.0166704
20,-0,0.638056,0.691842,-0.0291463,-0.00133514,0.404006,0.0166407
20,-0,0.638056,0.691842,-0.0291463,-0.00133514,0.403995,0.0166457
20,-0,0.638056,0.691842,-0.0291463,-0.00133514,0.404006,0.0166457
20,-0,0.638056,0.691842,-0.0291463,-0.00133514,0.404006,0.0166457
20,-0,0.638056,0.691842,-0.0291463,-0.00133514,0.404006,0.0166457
20,-0,0.638056,0.691842,-0.0291463,-0.00133514,0.404017,0.0166407
20,-0,0.638056,0.691842,-0.0291463,-0.00133514,0.404017,0.0166407
20,-0,0.638056,0.691842,-0.0291463,-0.00133514,0.404006,0.0166407
20,-0,0.638152,0.691842,-0.0291463,-0.00133514,0.404281,0.0165169
20,-0,0.638152,0.691842,-0.0291463,-0.00133514,0.404281,0.0165219
20,-0,0.638152,0.691842,-0.0291463,-0.00133514,0.404226,0.0164971
20,-0,0.638152,0.691842,-0.0291463,-0.00133514,0.404226,0.0164971
20,-0,0.638152,0.691842,-0.0291463,-0.00133514,0.404226,0.0164971
20,-0,0.638152,0.691842,-0.0291463,-0.00133514,0.404226,0.0164971
20,-0,0.638152,0.691842,-0.0291463,-0.00133514,0.404226,0.0164971
20,-0,0.638152,0.691842,-0.0291463,-0.00133514,0.404226,0.0164971
20,-0,0.638247,0.691842,-0.0291463,-0.00133514,0.404226,0.0164971
20,-0,0.638247,0.691842,-0.0291463,-0.00133514,0.404226,0.0164971
20,-0,0.638247,0.691842,-0.0291463,-0.00133514,0.404237,0.016502
20,-0,0.638247,0.691842,-0.0291463,-0.00133514,0.404226,0.016502
20,-0,0.638247,0.691842,-0.0291463,-0.00133514,0.404226,0.0164971
20,-0,0.638247,0.691842,-0.0291463,-0.00133514,0.404226,0.0164971
20,-0,0.638247,0.691842,-0.0291463,-0.00133514,0.404226,0.0164971
20,-0,0.638247,0.691842,-0.0291463,-0.00133514,0.404226,0.0164971
20,-0,0.638343,0.691842,-0.0291463,-0.00133514,0.404226,0.0164971
20,-0,0.638343,0.691842,-0.0291463,-0.00133514,0.404467,0.0166061
20,-0,0.638343,0.691842,-0.0291463,-0.00133514,0.404467,0.016611
20,-0,0.638343,0.691842,-0.0291463,-0.00133514,0.404467,0.0166061
20,-0,0.638343,0.691842,-0.0291463,-0.00133514,0.404654,0.0166902
20,-0,0.638343,0.691842,-0.0291463,-0.00133514,0.404654,0.0166902
20,-0,0.638343,0.691842,-0.0291463,-0.00133514,0.404654,0.0166902
20,-0,0.638343,0.691842,-0.0291463,-0.00133514,0.404873,0.0167893
20,-0,0.638343,0.691842,-0.0291463,-0.00133514,0.404917,0.0168091
20,-0,0.638343,0.691842,-0.0291463,-0.00133514,0.404917,0.0168042
20,-0,0.638343,0.691842,-0.0291463,-0.00133514,0.405071,0.0168735
20,-0,0.638439,0.691842,-0.0291463,-0.00133514,0.40506,0.0168636
20,-0,0.638439,0.691842,-0.0291463,-0.00133514,0.405049,0.0168586
20,-0,0.638439,0.691842,-0.0291463,-0.00133514,0.405027,0.0168438
20,-0,0.638439,0.691842,-0.0291463,-0.00133514,0.40506,0.0168537
20,-0,0.638439,0.691842,-0.0291463,-0.00133514,0.405005,0.0168289
20,-0,0.638439,0.691842,-0.0291463,-0.00133514,0.405016,0.0168141
20,-0,0.638439,0.691842,-0.0291463,-0.00133514,0.405038,0.016824
20,-0,0.638535,0.691842,-0.0291463,-0.00133514,0.405005,0.0167893
20,-0,0.638535,0.691842,-0.0291463,-0.00133514,0.405159,0.0168289
20,-0,0.638535,0.691842,-0.0291463,-0.00133514,0.405664,0.0165466
20,-0,0.638535,0.691842,-0.0291463,-0.00133514,0.405971,0.0163535
20,-0,0.638535,0.691842,-0.0291463,-0.00133514,0.406059,0.0163832
20,-0,0.638535,0.691842,-0.0291463,-0.00133514,0.406081,0.0163931
20,-0,0.638535,0.691842,-0.0291463,-0.00133514,0.40607,0.0163782
20,-0,0.638535,0.691842,-0.0291463,-0.00133514,0.405993,0.0163436
20,-0,0.638535,0.691842,-0.0291463,-0.00133514,0.406015,0.0163535
20,-0,0.638535,0.691842,-0.0291463,-0.00133514,0.40596,0.0163287
20,-0,0.638631,0.691842,-0.0291463,-0.00133514,0.406092,0.0163782
20,-0,0.638631,0.691842,-0.0291463,-0.00133514,0.406004,0.0163337
20,-0,0.638631,0.691842,-0.0291463,-0.00133514,0.406059,0.0163485
20,-0,0.638631,0.691842,-0.0291463,-0.00133514,0.406015,0.0163287
20,-0,0.638631,0.691842,-0.0291463,-0.00133514,0.406026,0.0163337
20,-0,0.638631,0.691842,-0.0291463,-0.00133514,0.406015,0.0163188
20,-0,0.638631,0.691842,-0.0291463,-0.00133514,0.406048,0.0163337
20,-0,0.638727,0.691842,-0.0291463,-0.00133514,0.406125,0.0163584
20,-0,0.638727,0.691842,-0.0291463,-0.00133514,0.406015,0.0163089
20,-0,0.638727,0.691842,-0.0291463,-0.00133514,0.406026,0.0163039
20,-0,0.638727,0.691842,-0.0291463,-0.00133514,0.406037,0.0163089
20,-0,0.638727,0.691842,-0.0291463,-0.00133514,0.407299,0.0157839
20,-0,0.638727,0.691842,-0.0291463,-0.00133514,0.407299,0.0157839
20,-0,0.638727,0.691842,-0.0291463,-0.00133514,0.407233,0.0157542
20,-0,0.638727,0.691842,-0.0291463,-0.00133514,0.407321,0.0157938
20,-0,0.638727,0.691842,-0.0291463,-0.00133514,0.407244,0.0157592
20,-0,0.638823,0.691842,-0.0291463,-0.00133514,0.407222,0.0157493
20,-0,0.638823,0.691842,-0.0291463,-0.00133514,0.407321,0.0157938
20,-0,0.638823,0.691842,-0.0291463,-0.00133514,0.407244,0.0157592
20,-0,0.638823,0.691842,-0.0291463,-0.00133514,0.407277,0.015774
20,-0,0.638823,0.691842,-0.0291463,-0.00133514,0.407233,0.0157542
20,-0,0.638823,0.691842,-0.0291463,-0.00133514,0.407255,0.0157641
20,-0,0.638823,0.691842,-0.0291463,-0.00133514,0.407222,0.0157493
20,-0,0.638823,0.691842,-0.0291463,-0.00133514,0.407244,0.0157592
20,-0,0.638823,0.691842,-0.0291463,-0.00133514,0.407167,0.0157245
20,-0,0.638823,0.691842,-0.0291463,-0.00133514,0.407266,0.0157691
20,-0,0.638823,0.691842,-0.0291463,-0.00133514,0.4072,0.0157393
20,-0,0.638919,0.691842,-0.0291463,-0.00133514,0.407178,0.0157294
20,-0,0.638919,0.691842,-0.0291463,-0.00133514,0.407211,0.0157443
20,-0,0.638919,0.691842,-0.0291463,-0.00133514,0.407211,0.0157443
20,-0,0.638919,0.691842,-0.0291463,-0.00133514,0.407233,0.0157542
20,-0,0.638919,0.691842,-0.0291463,-0.00133514,0.4072,0.0157393
20,-0,0.638919,0.691842,-0.0291463,-0.00133514,0.407156,0.0157195
20,-0,0.638919,0.691842,-0.0291463,-0.00133514,0.4072,0.0157393
20,-0,0.638919,0.691842,-0.0291463,-0.00133514,0.407167,0.0157245
20,-0,0.638919,0.691842,-0.0291463,-0.00133514,0.407134,0.0157096
20,-0,0.638919,0.691842,-0.0291463,-0.00133514,0.407178,0.0157294
20,-0,0.638919,0.691842,-0.0291463,-0.00133514,0.407178,0.0157294
20,-0,0.639015,0.691842,-0.0291463,-0.00133514,0.407189,0.0157344
20,-0,0.639015,0.691842,-0.0291463,-0.00133514,0.407112,0.0156997
20,-0,0.639015,0.691842,-0.0291463,-0.00133514,0.407123,0.0157047
20,-0,0.639015,0.691842,-0.0291463,-0.00133514,0.407101,0.0156948
20,-0,0.639015,0.691842,-0.0291463,-0.00133514,0.407178,0.0157294
20,-0,0.639015,0.691842,-0.0291463,-0.00133514,0.405686,0.0150559
20,-0,0.639015,0.691842,-0.0291463,-0.00133514,0.405664,0.015046
20,-0,0.639015,0.691842,-0.0291463,-0.00133514,0.405554,0.0149965
20,-0,0.63911,0.691842,-0.0291463,-0.00133514,0.405532,0.0149866
20,-0,0.63911,0.691842,-0.0291463,-0.00133514,0.405697,0.0150608
20,-0,0.63911,0.691842,-0.0291463,-0.00133514,0.405587,0.0150113
20,-0,0.63911,0.691842,-0.0291463,-0.00133514,0.405609,0.0150212
20,-0,0.63911,0.691842,-0.0291463,-0.00133514,0.40562,0.0150262
20,-0,0.63911,0.691842,-0.0291463,-0.00133514,0.405576,0.0150064
20,-0,0.63911,0.691842,-0.0291463,-0.00133514,0.405312,0.0148875
20,-0,0.63911,0.691842,-0.0291463,-0.00133514,0.404808,0.0146597
20,-0,0.63911,0.691842,-0.0291463,-0.00133514,0.404764,0.0146399
20,-0,0.63911,0.691842,-0.0291463,-0.00133514,0.404808,0.0146597
20,-0,0.63911,0.691842,-0.0291463,-0.00133514,0.404808,0.0146597
20,-0,0.63911,0.691842,-0.0291463,-0.00133514,0.404808,0.0146597
20,-0,0.63911,0.691842,-0.0291463,-0.00133514,0.404797,0.0146547
20,-0,0.63911,0.691842,-0.0291463,-0.00133514,0.404797,0.0146547
20,-0,0.63911,0.691842,-0.0291463,-0.00133514,0.404786,0.0146498
20,-0,0.63911,0.691842,-0.0291463,-0.00133514,0.404841,0.0146745
20,-0,0.63911,0.691842,-0.0291463,-0.00133514,0.404819,0.0146646
20,-0,0.63911,0.691842,-0.0291463,-0.00133514,0.404797,0.0146547
20,-0,0.63911,0.691842,-0.0291463,-0.00133514,0.40483,0.0146646
20,-0,0.639206,0.691842,-0.0291463,-0.00133514,0.404797,0.0146547
20,-0,0.639206,0.691842,-0.0291463,-0.00133514,0.404808,0.0146597
20,-0,0.639206,0.691842,-0.0291463,-0.00133514,0.404808,0.0146597
20,-0,0.639206,0.691842,-0.0291463,-0.00133514,0.404819,0.0146646
20,-0,0.639206,0.691842,-0.0291463,-0.00133514,0.404797,0.0146547
20,-0,0.639206,0.691842,-0.0291463,-0.00133514,0.404797,0.0146547
20,-0,0.639206,0.691842,-0.0291463,-0.00133514,0.404873,0.0146894
20,-0,0.639206,0.691842,-0.0291463,-0.00133514,0.404862,0.0146844
20,-0,0.639206,0.691842,-0.0291463,-0.00133514,0.404873,0.0146894
20,-0,0.639206,0.691842,-0.0291463,-0.00133514,0.404852,0.0146795
20,-0,0.639206,0.691842,-0.0291463,-0.00133514,0.404819,0.0146646
20,-0,0.639206,0.691842,-0.0291463,-0.00133514,0.404786,0.0146498
20,-0,0.639206,0.691842,-0.0291463,-0.00133514,0.404797,0.0146547
20,-0,0.639206,0.691842,-0.0291463,-0.00133514,0.404797,0.0146547
20,-0,0.639206,0.691842,-0.0291463,-0.00133514,0.40483,0.0146696
20,-0,0.639206,0.691842,-0.0291463,-0.00133514,0.404819,0.0146646
20,-0,0.639206,0.691842,-0.0291463,-0.00133514,0.404808,0.0146597
20,-0,0.639206,0.691842,-0.0291463,-0.00133514,0.404808,0.0146597
20,-0,0.639302,0.691842,-0.0291463,-0.00133514,0.404819,0.0146646
20,-0,0.639302,0.691842,-0.0291463,-0.00133514,0.404819,0.0146646
20,-0,0.639302,0.691842,-0.0291463,-0.00133514,0.404808,0.0146597
20,-0,0.639302,0.691842,-0.0291463,-0.00133514,0.404797,0.0146547
20,-0,0.639302,0.691842,-0.0291463,-0.00133514,0.404819,0.0146646
20,-0,0.639302,0.691842,-0.0291463,-0.00133514,0.404808,0.0146597
20,-0,0.639302,0.691842,-0.0291463,-0.00133514,0.404786,0.0146547
20,-0,0.639302,0.691842,-0.0291463,-0.00133514,0.404797,0.0146597
20,-0,0.639302,0.691842,-0.0291463,-0.00133514,0.404819,0.0146745
20,-0,0.639302,0.691842,-0.0291463,-0.00133514,0.404819,0.0146745
20,-0,0.639302,0.691842,-0.0291463,-0.00133514,0.40483,0.0146745
20,-0,0.639302,0.691842,-0.0291463,-0.00133514,0.404797,0.0146597
20,-0,0.639302,0.691842,-0.0291463,-0.00133514,0.404819,0.0146696
20,-0,0.639302,0.691842,-0.0291463,-0.00133514,0.404852,0.0146844
20,-0,0.639302,0.691842,-0.0291463,-0.00133514,0.404786,0.0146597
20,-0,0.639302,0.691842,-0.0291463,-0.00133514,0.40483,0.0146745
20,-0,0.639302,0.691842,-0.0291463,-0.00133514,0.404841,0.0146844
20,-0,0.639302,0.691842,-0.0291463,-0.00133514,0.404808,0.0146646
20,-0,0.639302,0.691842,-0.0291463,-0.00133514,0.40483,0.0146795
20,-0,0.639302,0.691842,-0.0291463,-0.00133514,0.40483,0.0146795
20,-0,0.639302,0.691842,-0.0291463,-0.00133514,0.404819,0.0146745
20,-0,0.639302,0.691842,-0.0291463,-0.00133514,0.404852,0.0146894
20,-0,0.639302,0.691842,-0.0291463,-0.00133514,0.40483,0.0146745
20,-0,0.639302,0.691842,-0.0291463,-0.00133514,0.404797,0.0146646
20,-0,0.639302,0.691842,-0.0291463,-0.00133514,0.404808,0.0146696
20,-0,0.639302,0.691842,-0.0291463,-0.00133514,0.404884,0.0146399
20,-0,0.639302,0.691842,-0.0291463,-0.00133514,0.404862,0.0146448
20,-0,0.639302,0.691842,-0.0291463,-0.00133514,0.404852,0.0146349
20,-0,0.639302,0.691842,-0.0291463,-0.00133514,0.404852,0.0146399
20,-0,0.639302,0.691842,-0.0291463,-0.00133514,0.404852,0.0146399
20,-0,0.639302,0.691842,-0.0291463,-0.00133514,0.404917,0.01463
20,-0,0.639302,0.691842,-0.0291463,-0.00133514,0.404917,0.014625
20,-0,0.639302,0.691842,-0.0291463,-0.00133514,0.404939,0.0146349
20,-0,0.639302,0.691842,-0.0291463,-0.00133514,0.404972,0.0146399
20,-0,0.639302,0.691842,-0.0291463,-0.00133514,0.404983,0.0146052
20,-0,0.639302,0.691842,-0.0291463,-0.00133514,0.405005,0.0146151
20,-0,0.639302,0.691842,-0.0291463,-0.00133514,0.404972,0.0146003
20,-0,0.639302,0.691842,-0.0291463,-0.00133514,0.404972,0.0146003
20,-0,0.639302,0.691842,-0.0291463,-0.00133514,0.404972,0.0146052
20,-0,0.639302,0.691842,-0.0291463,-0.00133514,0.404994,0.0146151
20,-0,0.639302,0.691842,-0.0291463,-0.00133514,0.404961,0.0146003
20,-0,0.639302,0.691842,-0.0291463,-0.00133514,0.405005,0.0146151
20,-0,0.639302,0.691842,-0.0291463,-0.00133514,0.405005,0.0146201
20,-0,0.639302,0.691842,-0.0291463,-0.00133514,0.404994,0.0146151
20,-0,0.639302,0.691842,-0.0291463,-0.00133514,0.405005,0.0146201
20,-0,0.639302,0.691842,-0.0291463,-0.00133514,0.405005,0.0146201
20,-0,0.639302,0.691842,-0.0291463,-0.00133514,0.405005,0.0146201
20,-0,0.639302,0.691842,-0.0291463,-0.00133514,0.404983,0.0146102
20,-0,0.639302,0.691842,-0.0291463,-0.00133514,0.404994,0.0146151
20,-0,0.639302,0.691842,-0.0291463,-0.00133514,0.404994,0.0146151
20,-0,0.639302,0.691842,-0.0291463,-0.00133514,0.405049,0.0146399
20,-0,0.639302,0.691842,-0.0291463,-0.00133514,0.405016,0.014625
20,-0,0.639302,0.691842,-0.0291463,-0.00133514,0.404983,0.0146102
20,-0,0.639302,0.691842,-0.0291463,-0.00133514,0.405005,0.014625
20,-0,0.639302,0.691842,-0.0291463,-0.00133514,0.405049,0.0146399
20,-0,0.639302,0.691842,-0.0291463,-0.00133514,0.404994,0.0146151
20,-0,0.639302,0.691842,-0.0291463,-0.00133514,0.404994,0.0146201
20,-0,0.639302,0.691842,-0.0291463,-0.00133514,0.404994,0.0146151
20,-0,0.639302,0.691842,-0.0291463,-0.00133514,0.405016,0.014625
20,-0,0.639302,0.691842,-0.0291463,-0.00133514,0.405016,0.014625
20,-0,0.639302,0.691842,-0.0291463,-0.00133514,0.405038,0.0146349
20,-0,0.639302,0.691842,-0.0291463,-0.00133514,0.405027,0.01463
20,-0,0.639302,0.691842,-0.0291463,-0.00133514,0.405027,0.01463
20,-0,0.639302,0.691842,-0.0291463,-0.00133514,0.40506,0.0146448
20,-0,0.639302,0.691842,-0.0291463,-0.00133514,0.405005,0.014625
20,-0,0.639302,0.691842,-0.0291463,-0.00133514,0.405038,0.0146349
20,-0,0.639302,0.691842,-0.0291463,-0.00133514,0.405016,0.014625
20,-0,0.639302,0.691842,-0.0291463,-0.00133514,0.405038,0.0146349
20,-0,0.639302,0.691842,-0.0291463,-0.00133514,0.405027,0.01463
20,-0,0.639398,0.691842,-0.0291463,-0.00133514,0.405027,0.01463
20,-0,0.639398,0.691842,-0.0291463,-0.00133514,0.405038,0.0146349
20,-0,0.639398,0.691842,-0.0291463,-0.00133514,0.405016,0.014625
20,-0,0.639398,0.691842,-0.0291463,-0.00133514,0.405027,0.01463
20,-0,0.639398,0.691842,-0.0291463,-0.00133514,0.405038,0.0146349
20,-0,0.639398,0.691842,-0.0291463,-0.00133514,0.404994,0.0146151
20,-0,0.639398,0.691842,-0.0291463,-0.00133514,0.405005,0.0146201
20,-0,0.639398,0.691842,-0.0291463,-0.00133514,0.405027,0.0146349
20,-0,0.639398,0.691842,-0.0291463,-0.00133514,0.405016,0.01463
20,-0,0.639398,0.691842,-0.0291463,-0.00133514,0.405159,0.0146943
20,-0,0.639398,0.691842,-0.0291463,-0.00133514,0.405126,0.0146795
20,-0,0.639398,0.691842,-0.0291463,-0.00133514,0.405104,0.0146696
20,-0,0.639398,0.691842,-0.0291463,-0.00133514,0.405225,0.0147241
20,-0,0.639398,0.691842,-0.0291463,-0.00133514,0.405225,0.0147241
20,-0,0.639398,0.691842,-0.0291463,-0.00133514,0.405203,0.0147092
20,-0,0.639398,0.691842,-0.0291463,-0.00133514,0.405214,0.0147142
20,-0,0.639398,0.691842,-0.0291463,-0.00133514,0.405214,0.0147191
20,-0,0.639398,0.691842,-0.0291463,-0.00133514,0.405192,0.0147092
20,-0,0.639398,0.691842,-0.0291463,-0.00133514,0.405762,0.0149618
20,-0,0.639398,0.691842,-0.0291463,-0.00133514,0.406048,0.0150955
20,-0,0.639398,0.691842,-0.0291463,-0.00133514,0.406212,0.0151698
20,-0,0.639398,0.691842,-0.0291463,-0.00133514,0.406158,0.015145
20,-0,0.639398,0.691842,-0.0291463,-0.00133514,0.406169,0.01515
20,-0,0.639398,0.691842,-0.0291463,-0.00133514,0.406158,0.015145
20,-0,0.639398,0.691842,-0.0291463,-0.00133514,0.406158,0.015145
20,-0,0.639398,0.691842,-0.0291463,-0.00133514,0.406169,0.01515
20,-0,0.639398,0.691842,-0.0291463,-0.00133514,0.406212,0.0151698
20,-0,0.639398,0.691842,-0.0291463,-0.00133514,0.406212,0.0151698
20,-0,0.639398,0.691842,-0.0291463,-0.00133514,0.406212,0.0151698
20,-0,0.639398,0.691842,-0.0291463,-0.00133514,0.406212,0.0151698
20,-0,0.639398,0.691842,-0.0291463,-0.00133514,0.406202,0.0151648
20,-0,0.639398,0.691842,-0.0291463,-0.00133514,0.406212,0.0151698
20,-0,0.639398,0.691842,-0.0291463,-0.00133514,0.406212,0.0151698
20,-0,0.639398,0.691842,-0.0291463,-0.00133514,0.406212,0.0151698
20,-0,0.639398,0.691842,-0.0291463,-0.00133514,0.406103,0.0151203
20,-0,0.639398,0.691842,-0.0291463,-0.00133514,0.406125,0.0151302
20,-0,0.639398,0.691842,-0.0291463,-0.00133514,0.406158,0.015145
20,-0,0.639398,0.691842,-0.0291463,-0.00133514,0.406048,0.0150955
20,-0,0.639398,0.691842,-0.0291463,-0.00133514,0.406136,0.0151351
20,-0,0.639398,0.691842,-0.0291463,-0.00133514,0.406158,0.015145
20,-0,0.639398,0.691842,-0.0291463,-0.00133514,0.406169,0.01515
20,-0,0.639398,0.691842,-0.0291463,-0.00133514,0.406147,0.0151351
20,-0,0.639398,0.691842,-0.0291463,-0.00133514,0.406169,0.01515
20,-0,0.639398,0.691842,-0.0291463,-0.00133514,0.406158,0.015145
20,-0,0.639398,0.691842,-0.0291463,-0.00133514,0.406158,0.015145
20,-0,0.639398,0.691842,-0.0291463,-0.00133514,0.406092,0.0151153
20,-0,0.639398,0.691842,-0.0291463,-0.00133514,0.406212,0.0151698
20,-0,0.639494,0.691842,-0.0291463,-0.00133514,0.406289,0.0152045
20,-0,0.639494,0.691842,-0.0291463,-0.00133514,0.406256,0.0151896
20,-0,0.639494,0.691842,-0.0291463,-0.00133514,0.406256,0.0151896
20,-0,0.639494,0.691842,-0.0291463,-0.00133514,0.406256,0.0151896
20,-0,0.639494,0.691842,-0.0291463,-0.00133514,0.406256,0.0151896
20,-0,0.639494,0.691842,-0.0291463,-0.00133514,0.406256,0.0151896
20,-0,0.639494,0.691842,-0.0291463,-0.00133514,0.406267,0.0151946
20,-0,0.639494,0.691842,-0.0291463,-0.00133514,0.406267,0.0151946
20,-0,0.639494,0.691842,-0.0291463,-0.00133514,0.406278,0.0151995
20,-0,0.639494,0.691842,-0.0291463,-0.00133514,0.406289,0.0152045
20,-0,0.639494,0.691842,-0.0291463,-0.00133514,0.406256,0.0151896
20,-0,0.639494,0.691842,-0.0291463,-0.00133514,0.406267,0.0151946
20,-0,0.639494,0.691842,-0.0291463,-0.00133514,0.406267,0.0151995
20,-0,0.639494,0.691842,-0.0291463,-0.00133514,0.406267,0.0151946
20,-0,0.639494,0.691842,-0.0291463,-0.00133514,0.406267,0.0151946
20,-0,0.639494,0.691842,-0.0291463,-0.00133514,0.406256,0.0151946
20,-0,0.639494,0.691842,-0.0291463,-0.00133514,0.406202,0.0151648
20,-0,0.639494,0.691842,-0.0291463,-0.00133514,0.406147,0.015145
20,-0,0.639494,0.691842,-0.0291463,-0.00133514,0.406202,0.0151698
20,-0,0.63959,0.691842,-0.0291463,-0.00133514,0.406212,0.0151748
20,-0,0.63959,0.691842,-0.0291463,-0.00133514,0.406169,0.0151549
20,-0,0.63959,0.691842,-0.0291463,-0.00133514,0.406147,0.015145
20,-0,0.63959,0.691842,-0.0291463,-0.00133514,0.406147,0.015145
20,-0,0.63959,0.691842,-0.0291463,-0.00133514,0.406191,0.0151648
20,-0,0.63959,0.691842,-0.0291463,-0.00133514,0.406191,0.0151648
20,-0,0.63959,0.691842,-0.0291463,-0.00133514,0.406169,0.0151549
20,-0,0.63959,0.691842,-0.0291463,-0.00133514,0.406158,0.01515
20,-0,0.63959,0.691842,-0.0291463,-0.00133514,0.40618,0.0151599
20,-0,0.63959,0.691842,-0.0291463,-0.00133514,0.406169,0.0151599
20,-0,0.63959,0.691842,-0.0291463,-0.00133514,0.406147,0.01515
20,-0,0.63959,0.691842,-0.0291463,-0.00133514,0.406125,0.0151401
20,-0,0.63959,0.691842,-0.0291463,-0.00133514,0.406202,0.0151748
20,-0,0.63959,0.691842,-0.0291463,-0.00133514,0.406158,0.0151549
20,-0,0.63959,0.691842,-0.0291463,-0.00133514,0.406147,0.01515
20,-0,0.63959,0.691842,-0.0291463,-0.00133514,0.406245,0.0151946
20,-0,0.63959,0.691842,-0.0291463,-0.00133514,0.406245,0.0151946
20,-0,0.63959,0.691842,-0.0291463,-0.00133514,0.406223,0.0151847
20,-0,0.63959,0.691842,-0.0291463,-0.00133514,0.406234,0.0151896
20,-0,0.63959,0.691842,-0.0291463,-0.00133514,0.406234,0.0151896
20,-0,0.63959,0.691842,-0.0291463,-0.00133514,0.406234,0.0151896
20,-0,0.63959,0.691842,-0.0291463,-0.00133514,0.406234,0.0151896
20,-0,0.63959,0.691842,-0.0291463,-0.00133514,0.406234,0.0151896
20,-0,0.63959,0.691842,-0.0291463,-0.00133514,0.406223,0.0151847
20,-0,0.63959,0.691842,-0.0291463,-0.00133514,0.406245,0.0151946
20,-0,0.63959,0.691842,-0.0291463,-0.00133514,0.406223,0.0151847
20,-0,0.63959,0.691842,-0.0291463,-0.00133514,0.406223,0.0151847
20,-0,0.63959,0.691842,-0.0291463,-0.00133514,0.406223,0.0151847
20,-0,0.63959,0.691842,-0.0291463,-0.00133514,0.406223,0.0151847
20,-0,0.63959,0.691842,-0.0291463,-0.00133514,0.406245,0.0151946
20,-0,0.63959,0.691842,-0.0291463,-0.00133514,0.406234,0.0151896
20,-0,0.63959,0.691842,-0.0291463,-0.00133514,0.406234,0.0151896
20,-0,0.63959,0.691842,-0.0291463,-0.00133514,0.406223,0.0151847
20,-0,0.63959,0.691842,-0.0291463,-0.00133514,0.406256,0.0151995
20,-0,0.63959,0.691842,-0.0291463,-0.00133514,0.406267,0.0152045
20,-0,0.63959,0.691842,-0.0291463,-0.00133514,0.406256,0.0151995
20,-0,0.63959,0.691842,-0.0291463,-0.00133514,0.406256,0.0151995
20,-0,0.63959,0.691842,-0.0291463,-0.00133514,0.406245,0.0151946
20,-0,0.63959,0.691842,-0.0291463,-0.00133514,0.406278,0.0152094
20,-0,0.63959,0.691842,-0.0291463,-0.00133514,0.406256,0.0151995
20,-0,0.63959,0.691842,-0.0291463,-0.00133514,0.406256,0.0151995
20,-0,0.63959,0.691842,-0.0291463,-0.00133514,0.406256,0.0151995
20,-0,0.63959,0.691842,-0.0291463,-0.00133514,0.406256,0.0151995
20,-0,0.63959,0.691842,-0.0291463,-0.00133514,0.406267,0.0152045
20,-0,0.63959,0.691842,-0.0291463,-0.00133514,0.406245,0.0151946
20,-0,0.63959,0.691842,-0.0291463,-0.00133514,0.406256,0.0151995
20,-0,0.63959,0.691842,-0.0291463,-0.00133514,0.406256,0.0151995
20,-0,0.63959,0.691842,-0.0291463,-0.00133514,0.406245,0.0151946
20,-0,0.63959,0.691842,-0.0291463,-0.00133514,0.406234,0.0151995
20,-0,0.63959,0.691842,-0.0291463,-0.00133514,0.406245,0.0151995
20,-0,0.63959,0.691842,-0.0291463,-0.00133514,0.406245,0.0151995
20,-0,0.63959,0.691842,-0.0291463,-0.00133514,0.406245,0.0151995
20,-0,0.63959,0.691842,-0.0291463,-0.00133514,0.406234,0.0151995
20,-0,0.63959,0.691842,-0.0291463,-0.00133514,0.406234,0.0151995
20,-0,0.63959,0.691842,-0.0291463,-0.00133514,0.406245,0.0152045
20,-0,0.63959,0.691842,-0.0291463,-0.00133514,0.406234,0.0151995
20,-0,0.63959,0.691842,-0.0291463,-0.00133514,0.406234,0.0151995
20,-0,0.63959,0.691842,-0.0291463,-0.00133514,0.406234,0.0152045
20,-0,0.63959,0.691842,-0.0291463,-0.00133514,0.406245,0.0152094
20,-0,0.63959,0.691842,-0.0291463,-0.00133514,0.406234,0.0152045
20,-0,0.63959,0.691842,-0.0291463,-0.00133514,0.406223,0.0152045
20,-0,0.639494,0.691842,-0.0291463,-0.00133514,0.406234,0.0151995
20,-0,0.639494,0.691842,-0.0291463,-0.00133514,0.406234,0.0151995
20,-0,0.639494,0.691842,-0.0291463,-0.00133514,0.406234,0.0152045
20,-0,0.639494,0.691842,-0.0291463,-0.00133514,0.406256,0.0151946
20,-0,0.639494,0.691842,-0.0291463,-0.00133514,0.406234,0.0151995
20,-0,0.639494,0.691842,-0.0291463,-0.00133514,0.406223,0.0151995
20,-0,0.639494,0.691842,-0.0291463,-0.00133514,0.406223,0.0152094
20,-0,0.639494,0.691842,-0.0291463,-0.00133514,0.406223,0.0152045
20,-0,0.639494,0.691842,-0.0291463,-0.00133514,0.406278,0.0151797
20,-0,0.639494,0.691842,-0.0291463,-0.00133514,0.406223,0.0152094
20,-0,0.639494,0.691842,-0.0291463,-0.00133514,0.406289,0.0151748
20,-0,0.639494,0.691842,-0.0291463,-0.00133514,0.406234,0.0151946
20,-0,0.639494,0.691842,-0.0291463,-0.00133514,0.406212,0.0152094
20,-0,0.639494,0.691842,-0.0291463,-0.00133514,0.406267,0.0151847
20,-0,0.639494,0.691842,-0.0291463,-0.00133514,0.406212,0.0152144
20,-0,0.639494,0.691842,-0.0291463,-0.00133514,0.406256,0.0151896
20,-0,0.639494,0.691842,-0.0291463,-0.00133514,0.406136,0.0152045
20,-0,0.639494,0.691842,-0.0291463,-0.00133514,0.406191,0.0151847
20,-0,0.639494,0.691842,-0.0291463,-0.00133514,0.406223,0.0151698
20,-0,0.639494,0.691842,-0.0291463,-0.00133514,0.406191,0.0151896
20,-0,0.639494,0.691842,-0.0291463,-0.00133514,0.406158,0.0151946
20,-0,0.639494,0.691842,-0.0291463,-0.00133514,0.406169,0.0151995
20,-0,0.639494,0.691842,-0.0291463,-0.00133514,0.406136,0.0152045
20,-0,0.639494,0.691842,-0.0291463,-0.00133514,0.406147,0.0151797
20,-0,0.639494,0.691842,-0.0291463,-0.00133514,0.406191,0.0151896
20,-0,0.639494,0.691842,-0.0291463,-0.00133514,0.406223,0.0151549
20,-0,0.639494,0.691842,-0.0291463,-0.00133514,0.406169,0.0151946
20,-0,0.639494,0.691842,-0.0291463,-0.00133514,0.406136,0.0151995
20,-0,0.639494,0.691842,-0.0291463,-0.00133514,0.406158,0.0151797
20,-0,0.639494,0.691842,-0.0291463,-0.00133514,0.406234,0.0151648
20,-0,0.639494,0.691842,-0.0291463,-0.00133514,0.406114,0.0152144
20,-0,0.639494,0.691842,-0.0291463,-0.00133514,0.406158,0.0151847
20,-0,0.639494,0.691842,-0.0291463,-0.00133514,0.406147,0.0152045
20,-0,0.639494,0.691842,-0.0291463,-0.00133514,0.406147,0.0152045
20,-0,0.639494,0.691842,-0.0291463,-0.00133514,0.406147,0.0151995
20,-0,0.639494,0.691842,-0.0291463,-0.00133514,0.406158,0.0151995
20,-0,0.639494,0.691842,-0.0291463,-0.00133514,0.406158,0.0151946
20,-0,0.639494,0.691842,-0.0291463,-0.00133514,0.406169,0.0151896
20,-0,0.639494,0.691842,-0.0291463,-0.00133514,0.406125,0.0151946
20,-0,0.639494,0.691842,-0.0291463,-0.00133514,0.406125,0.0151946
20,-0,0.639494,0.691842,-0.0291463,-0.00133514,0.406136,0.0151995
20,-0,0.639494,0.691842,-0.0291463,-0.00133514,0.406125,0.0151896
20,-0,0.639494,0.691842,-0.0291463,-0.00133514,0.406136,0.0151946
20,-0,0.639494,0.691842,-0.0291463,-0.00133514,0.40596,0.0151153
20,-0,0.639494,0.691842,-0.0291463,-0.00133514,0.406081,0.0151748
20,-0,0.639494,0.691842,-0.0291463,-0.00133514,0.406059,0.0151648
20,-0,0.639494,0.691842,-0.0291463,-0.00133514,0.405982,0.0151252
20,-0,0.639494,0.691842,-0.0291463,-0.00133514,0.405949,0.0151104
20,-0,0.639494,0.691842,-0.0291463,-0.00133514,0.406026,0.01515
20,-0,0.639494,0.691842,-0.0291463,-0.00133514,0.406081,0.0151748
20,-0,0.639494,0.691842,-0.0291463,-0.00133514,0.406015,0.01515
20,-0,0.639494,0.691842,-0.0291463,-0.00133514,0.406037,0.0151549
20,-0,0.639494,0.691842,-0.0291463,-0.00133514,0.405993,0.0151351
20,-0,0.639494,0.691842,-0.0291463,-0.00133514,0.406059,0.0151648
20,-0,0.639494,0.691842,-0.0291463,-0.00133514,0.405971,0.0151252
20,-0,0.639494,0.691842,-0.0291463,-0.00133514,0.405949,0.0151203
20,-0,0.639494,0.691842,-0.0291463,-0.00133514,0.406026,0.0151549
20,-0,0.639494,0.691842,-0.0291463,-0.00133514,0.40596,0.0151252
20,-0,0.639494,0.691842,-0.0291463,-0.00133514,0.405949,0.0151203
20,-0,0.639494,0.691842,-0.0291463,-0.00133514,0.406026,0.0151549
20,-0,0.639494,0.691842,-0.0291463,-0.00133514,0.405927,0.0151153
20,-0,0.639494,0.691842,-0.0291463,-0.00133514,0.40596,0.0151302
20,-0,0.639494,0.691842,-0.0291463,-0.00133514,0.406048,0.0151698
20,-0,0.639494,0.691842,-0.0291463,-0.00133514,0.405938,0.0151203
20,-0,0.639494,0.691842,-0.0291463,-0.00133514,0.406048,0.0151698
20,-0,0.639494,0.691842,-0.0291463,-0.00133514,0.406092,0.0151946
20,-0,0.639494,0.691842,-0.0291463,-0.00133514,0.406048,0.0151748
20,-0,0.639494,0.691842,-0.0291463,-0.00133514,0.406048,0.0151748
20,-0,0.639494,0.691842,-0.0291463,-0.00133514,0.405949,0.0151302
20,-0,0.639494,0.691842,-0.0291463,-0.00133514,0.406037,0.0151748
20,-0,0.639494,0.691842,-0.0291463,-0.00133514,0.405993,0.0151549
20,-0,0.639494,0.691842,-0.0291463,-0.00133514,0.406059,0.0151847
20,-0,0.639494,0.691842,-0.0291463,-0.00133514,0.406048,0.0151896
20,-0,0.639494,0.691842,-0.0291463,-0.00133514,0.406026,0.0151797
20,-0,0.639494,0.691842,-0.0291463,-0.00133514,0.406037,0.0151847
20,-0,0.639494,0.691842,-0.0291463,-0.00133514,0.406059,0.0151946
20,-0,0.639494,0.691842,-0.0291463,-0.00133514,0.406004,0.0151698
20,-0,0.639494,0.691842,-0.0291463,-0.00133514,0.405993,0.0151648
20,-0,0.639494,0.691842,-0.0291463,-0.00133514,0.405905,0.0151252
20,-0,0.639494,0.691842,-0.0291463,-0.00133514,0.405971,0.0151599
20,-0,0.639494,0.691842,-0.0291463,-0.00133514,0.405938,0.015145
20,-0,0.639494,0.691842,-0.0291463,-0.00133514,0.405993,0.0151698
20,-0,0.639494,0.691842,-0.0291463,-0.00133514,0.406004,0.0151797
20,-0,0.639494,0.691842,-0.0291463,-0.00133514,0.40596,0.0151599
20,-0,0.639494,0.691842,-0.0291463,-0.00133514,0.406004,0.0151797
20,-0,0.639494,0.691842,-0.0291463,-0.00133514,0.405982,0.0151797
20,-0,0.639494,0.691842,-0.0291463,-0.00133514,0.405949,0.0151648
20,-0,0.639494,0.691842,-0.0291463,-0.00133514,0.405883,0.0151351
20,-0,0.639494,0.691842,-0.0291463,-0.00133514,0.405927,0.0151549
20,-0,0.639494,0.691842,-0.0291463,-0.00133514,0.405982,0.0151797
20,-0,0.639494,0.691842,-0.0291463,-0.00133514,0.406048,0.0152094
20,-0,0.639494,0.691842,-0.0291463,-0.00133514,0.405872,0.0151302
20,-0,0.639494,0.691842,-0.0291463,-0.00133514,0.405971,0.0151847
20,-0,0.639494,0.691842,-0.0291463,-0.00133514,0.405971,0.0151847
20,-0,0.639494,0.691842,-0.0291463,-0.00133514,0.40596,0.0151797
20,-0,0.639494,0.691842,-0.0291463,-0.00133514,0.405916,0.0151599
20,-0,0.639494,0.691842,-0.0291463,-0.00133514,0.405872,0.0151401
20,-0,0.639494,0.691842,-0.0291463,-0.00133514,0.405949,0.0151748
20,-0,0.639494,0.691842,-0.0291463,-0.00133514,0.405949,0.0151748
20,-0,0.639494,0.691842,-0.0291463,-0.00133514,0.405949,0.0151748
20,-0,0.639494,0.691842,-0.0291463,-0.00133514,0.405971,0.0151896
20,-0,0.639494,0.691842,-0.0291463,-0.00133514,0.405883,0.0151549
20,-0,0.639494,0.691842,-0.0291463,-0.00133514,0.405905,0.0151648
20,-0,0.639494,0.691842,-0.0291463,-0.00133514,0.405839,0.0151351
20,-0,0.639494,0.691842,-0.0291463,-0.00133514,0.405938,0.0151797
20,-0,0.639494,0.691842,-0.0291463,-0.00133514,0.405828,0.0151351
20,-0,0.639494,0.691842,-0.0291463,-0.00133514,0.405839,0.0151401
20,-0,0.639494,0.691842,-0.0291463,-0.00133514,0.405883,0.0151599
20,-0,0.639494,0.691842,-0.0291463,-0.00133514,0.405872,0.0151549
20,-0,0.639494,0.691842,-0.0291463,-0.00133514,0.405905,0.0151698
20,-0,0.639494,0.691842,-0.0291463,-0.00133514,0.405949,0.0151896
20,-0,0.639494,0.691842,-0.0291463,-0.00133514,0.405894,0.0151648
20,-0,0.639494,0.691842,-0.0291463,-0.00133514,0.405894,0.0151648
20,-0,0.639494,0.691842,-0.0291463,-0.00133514,0.405894,0.0151748
20,-0,0.639494,0.691842,-0.0291463,-0.00133514,0.405806,0.0151351
20,-0,0.639494,0.691842,-0.0291463,-0.00133514,0.405883,0.0151698
20,-0,0.639494,0.691842,-0.0291463,-0.00133514,0.405828,0.015145
20,-0,0.639494,0.691842,-0.0291463,-0.00133514,0.405828,0.01515
20,-0,0.639494,0.691842,-0.0291463,-0.00133514,0.40585,0.0151599
20,-0,0.639494,0.691842,-0.0291463,-0.00133514,0.405872,0.0151698
20,-0,0.639494,0.691842,-0.0291463,-0.00133514,0.405883,0.0151847
20,-0,0.639494,0.691842,-0.0291463,-0.00133514,0.405795,0.015145
20,-0,0.639494,0.691842,-0.0291463,-0.00133514,0.405828,0.0151599
20,-0,0.639494,0.691842,-0.0291463,-0.00133514,0.405817,0.0151549
20,-0,0.639494,0.691842,-0.0291463,-0.00133514,0.405861,0.0151896
20,-0,0.639494,0.691842,-0.0291463,-0.00133514,0.405872,0.0151896
20,-0,0.639494,0.691842,-0.0291463,-0.00133514,0.405762,0.015145
20,-0,0.639494,0.691842,-0.0291463,-0.00133514,0.405839,0.0151797
20,-0,0.639494,0.691842,-0.0291463,-0.00133514,0.40585,0.0151946
20,-0,0.639494,0.691842,-0.0291463,-0.00133514,0.405806,0.0151748
20,-0,0.639494,0.691842,-0.0291463,-0.00133514,0.405773,0.0151599
20,-0,0.639494,0.691842,-0.0291463,-0.00133514,0.405806,0.0151748
20,-0,0.639494,0.691842,-0.0291463,-0.00133514,0.405806,0.0151748
20,-0,0.639494,0.691842,-0.0291463,-0.00133514,0.405806,0.0151748
20,-0,0.639494,0.691842,-0.0291463,-0.00133514,0.405762,0.0151549
20,-0,0.639494,0.691842,-0.0291463,-0.00133514,0.405806,0.0151748
20,-0,0.639494,0.691842,-0.0291463,-0.00133514,0.405773,0.0151599
20,-0,0.639494,0.691842,-0.0291463,-0.00133514,0.405817,0.0151946
20,-0,0.639494,0.691842,-0.0291463,-0.00133514,0.405872,0.0152144
20,-0,0.639494,0.691842,-0.0291463,-0.00133514,0.405741,0.0151549
20,-0,0.639494,0.691842,-0.0291463,-0.00133514,0.405839,0.0151995
20,-0,0.639494,0.691842,-0.0291463,-0.00133514,0.405894,0.0152243
20,-0,0.639494,0.691842,-0.0291463,-0.00133514,0.405817,0.0151896
20,-0,0.639494,0.691842,-0.0291463,-0.00133514,0.405872,0.0152144
20,-0,0.639494,0.691842,-0.0291463,-0.00133514,0.405839,0.0152094
20,-0,0.639494,0.691842,-0.0291463,-0.00133514,0.405828,0.0152045
20,-0,0.639494,0.691842,-0.0291463,-0.00133514,0.405741,0.0151648
20,-0,0.639494,0.691842,-0.0291463,-0.00133514,0.405806,0.0151995
20,-0,0.639494,0.691842,-0.0291463,-0.00133514,0.405741,0.0151698
20,-0,0.639494,0.691842,-0.0291463,-0.00133514,0.40585,0.0152193
20,-0,0.639494,0.691842,-0.0291463,-0.00476837,0.405488,0.0153184
20,-0,0.643329,0.679282,-0.0297216,-0.00743866,0.398025,0.0177253
20,-0,0.643233,0.679282,-0.0298175,-0.00858307,0.398025,0.0177204
20,-0,0.645534,0.667873,-0.0371041,-0.0150681,0.397838,0.0176857
20,-0,0.645246,0.66912,-0.0319268,-0.0101089,0.39842,0.0175322
20,-0,0.646205,0.668832,-0.0372958,-0.0204086,0.398102,0.0175718
20,-0,0.646109,0.66749,-0.0312556,-0.0188827,0.397564,0.0177402
20,-0,0.635084,0.669407,-0.0303927,-0.0082016,0.396313,0.0177551
20,-0,0.651287,0.6626,-0.0416102,-0.0268946,0.393229,0.0189982
20,-0,0.63911,0.671037,-0.0333649,-0.0165939,0.394622,0.0184336
20,-0,0.635659,0.669311,-0.0312556,-0.0143051,0.393898,0.0187753
20,-0,0.632207,0.672571,-0.0306804,-0.0112534,0.395347,0.0183097
20,-0,0.645055,0.674009,-0.0363371,-0.0192642,0.494411,0.0200531
20,-0,0.640165,0.674105,-0.0339402,-0.0162125,0.6445,0.018176
20,-0,0.648219,0.653588,-0.0385422,-0.0314722,0.484061,0.0156403
20,-9.58427e-05,0.65167,0.655122,-0.0621277,-0.0490198,0.732063,0.0246936
20,-0.000191685,0.65771,0.637672,-0.0746875,-0.0734348,0.83442,0.0653495
20,-9.58427e-05,0.649177,0.637864,-0.0692226,-0.0608454,0.543153,0.0139118
20,-9.58427e-05,0.631728,0.677461,-0.033269,-0.0192642,0.69659,0.0169973
20,-0.00948843,0.656847,0.63796,-0.0756463,-0.071908,0.983631,0.0753092
20,-0.0126512,0.628372,0.680049,-0.0287628,-0.0257502,1.54458,0.0305278
20,-0.00603809,0.620606,0.698362,-0.0287628,-0.0082016,1.58875,0.0136939
20,-0.00622977,0.650424,0.695773,-0.0316391,0.00400543,1.57746,0.00912268
20,-0.00622977,0.654259,0.687528,-0.0380628,0.0082016,1.28487,0.00690392
20,-0.00594225,0.622716,0.690788,-0.0300092,-0.00247955,0.777292,0.0095387
20,-0.00594225,0.622811,0.690884,-0.0300092,-0.00247955,0.792087,0.0094545
20,0.000191685,0.625017,0.690979,-0.0300092,-0.00247955,0.661161,0.00647799
20,0.000191685,0.626071,0.690979,-0.0300092,-0.00247955,0.58104,0.00163436
20,0.000191685,0.629427,0.690979,-0.0300092,-0.00247955,0.575245,0.00423447
20,0.000191685,0.62981,0.690979,-0.0300092,-0.00247955,0.575256,0.00429885
20,0.000191685,0.630577,0.690979,-0.0300092,-0.00247955,0.575158,0.00432362
20,0.000191685,0.632303,0.690979,-0.0300092,-0.00247955,0.571613,0.00588864
20,0.000191685,0.634221,0.690979,-0.0300092,-0.00247955,0.571634,0.0059233
20,0.000191685,0.634317,0.690979,-0.0300092,-0.00247955,0.571558,0.0059233
20,0.000191685,0.634988,0.690979,-0.0300092,-0.00247955,0.571525,0.00596293
20,0.000191685,0.636905,0.690979,-0.0300092,-0.00247955,0.56877,0.00716145
20,0.000191685,0.637097,0.690979,-0.0300092,-0.00247955,0.568704,0.00717631
20,0.000191685,0.637768,0.690979,-0.0300092,-0.00247955,0.568715,0.00721098
20,0.000191685,0.638343,0.690979,-0.0300092,-0.00247955,0.568122,0.00745366
20,0.000191685,0.638535,0.690979,-0.0300092,-0.00247955,0.565368,0.00867695
20,0.000191685,0.638535,0.690979,-0.0300092,-0.00247955,0.565368,0.00870171
20,0.000191685,0.638631,0.690979,-0.0300092,-0.00247955,0.565324,0.00872152
20,0.000191685,0.638631,0.690979,-0.0300092,-0.00247955,0.565247,0.00873143
20,0.000191685,0.638631,0.690979,-0.0300092,-0.00247955,0.565137,0.00876114
20,0.000191685,0.638727,0.690979,-0.0300092,-0.00247955,0.565027,0.00882552
20,0.000191685,0.638919,0.690979,-0.0300092,-0.00247955,0.561504,0.0103262
20,0.000191685,0.638919,0.690979,-0.0300092,-0.00247955,0.561537,0.0103559
20,0.000191685,0.638919,0.690979,-0.0300092,-0.00247955,0.561526,0.0103757
20,0.000191685,0.638919,0.690979,-0.0300092,-0.00247955,0.558914,0.011386
20,0.000191685,0.639015,0.690979,-0.0300092,-0.00247955,0.55876,0.0113315
20,0.000191685,0.639015,0.690979,-0.0300092,-0.00247955,0.558848,0.0113712
20,0.000191685,0.639015,0.690979,-0.0300092,-0.00247955,0.558837,0.0113811
20,0.000191685,0.639015,0.690979,-0.0300092,-0.00247955,0.558771,0.0113563
20,0.000191685,0.639206,0.690979,-0.0300092,-0.00247955,0.549552,0.0100488
20,0.000191685,0.639206,0.690979,-0.0300092,-0.00247955,0.549563,0.0100637
20,0.000191685,0.639302,0.690979,-0.0300092,-0.00247955,0.549574,0.0100686
20,0.000191685,0.639302,0.690979,-0.0300092,-0.00247955,0.549541,0.0100686
20,0.000191685,0.639302,0.690979,-0.0300092,-0.00247955,0.549519,0.0100686
20,0.000287528,0.639302,0.690979,-0.0300092,-0.00247955,0.549574,0.0101033
20,0.000287528,0.639302,0.690979,-0.0300092,-0.00247955,0.549519,0.0100884
20,0.000287528,0.639302,0.690979,-0.0300092,-0.00247955,0.549497,0.0100983
20,0.000287528,0.639302,0.690979,-0.0300092,-0.00247955,0.549508,0.0101231
20,0.000287528,0.639302,0.690979,-0.0300092,-0.00247955,0.549486,0.010138
20,0.000287528,0.639302,0.690979,-0.0300092,-0.00247955,0.549431,0.0101528
20,0.000287528,0.639302,0.690979,-0.0300092,-0.00247955,0.549354,0.0101627
20,0.000287528,0.639398,0.690979,-0.0300092,-0.00247955,0.549299,0.0101776
20,0.000287528,0.639398,0.690979,-0.0300092,-0.00247955,0.549288,0.0102123
20,0.000287528,0.639494,0.690979,-0.0300092,-0.00247955,0.549245,0.0102172
20,0.000287528,0.639494,0.690979,-0.0300092,-0.00247955,0.54919,0.0102321
20,0.000287528,0.639494,0.690979,-0.0300092,-0.00247955,0.549168,0.010242
20,0.000287528,0.63959,0.690979,-0.0300092,-0.00247955,0.54919,0.0102915
20,0.000287528,0.639782,0.690979,-0.0300092,-0.00247955,0.549113,0.0103063
20,0.000287528,0.639877,0.690979,-0.0300092,-0.00247955,0.54897,0.0103262
20,0.000287528,0.639973,0.690979,-0.0300092,-0.00247955,0.543153,0.0129907
20,0.000287528,0.639973,0.690979,-0.0300092,-0.00247955,0.543131,0.0129907
20,0.000287528,0.639973,0.690979,-0.0300092,-0.00247955,0.543142,0.0130105
20,0.000287528,0.639973,0.690979,-0.0300092,-0.00247955,0.543098,0.0129907
20,0.000287528,0.639973,0.690979,-0.0300092,-0.00247955,0.543098,0.0129956
20,0.000287528,0.639973,0.690979,-0.0300092,-0.00247955,0.543142,0.0130154
20,0.000287528,0.639973,0.690979,-0.0300092,-0.00247955,0.543142,0.0130154
20,0.000287528,0.639973,0.690979,-0.0300092,-0.00247955,0.543208,0.0130451
20,0.000287528,0.639973,0.690979,-0.0300092,-0.00247955,0.543197,0.0130501
20,0.000287528,0.639973,0.690979,-0.0300092,-0.00247955,0.543186,0.0130501
20,0.000287528,0.639973,0.690979,-0.0300092,-0.00247955,0.543142,0.0130303
20,0.000287528,0.639973,0.690979,-0.0300092,-0.00247955,0.543142,0.0130402
20,0.000287528,0.639973,0.690979,-0.0300092,-0.00247955,0.543164,0.0130501
20,0.000287528,0.639973,0.690979,-0.0300092,-0.00247955,0.54312,0.0130402
20,0.000287528,0.639973,0.690979,-0.0300092,-0.00247955,0.543131,0.0130451
20,0.000287528,0.639973,0.690979,-0.0300092,-0.00247955,0.543142,0.01306
20,0.000287528,0.639973,0.690979,-0.0300092,-0.00247955,0.543208,0.0130947
20,0.000287528,0.639973,0.690979,-0.0300092,-0.00247955,0.543186,0.0130897
20,0.000287528,0.639973,0.690979,-0.0300092,-0.00247955,0.543153,0.0130897
20,0.000287528,0.639973,0.690979,-0.0300092,-0.00247955,0.543186,0.0131095
20,0.000287528,0.639973,0.690979,-0.0300092,-0.00247955,0.543197,0.0131194
20,0.000287528,0.639973,0.690979,-0.0300092,-0.00247955,0.543164,0.0131244
20,0.000287528,0.639973,0.690979,-0.0300092,-0.00247955,0.543164,0.0131392
20,0.000287528,0.639973,0.690979,-0.0300092,-0.00247955,0.543142,0.0131392
20,0.000287528,0.639973,0.690979,-0.0300092,-0.00247955,0.543098,0.0131392
20,0.000287528,0.639973,0.690979,-0.0300092,-0.00247955,0.543109,0.013159
20,0.000287528,0.639973,0.690979,-0.0300092,-0.00247955,0.543076,0.013159
20,0.000287528,0.639973,0.690979,-0.0300092,-0.00247955,0.543054,0.013164
20,0.000287528,0.639973,0.690979,-0.0300092,-0.00247955,0.543022,0.0131541
20,0.000287528,0.639973,0.690979,-0.0300092,-0.00247955,0.543,0.0131491
20,0.000287528,0.639973,0.690979,-0.0300092,-0.00247955,0.543032,0.0131789
20,0.000287528,0.639973,0.690979,-0.0300092,-0.00247955,0.543,0.0131789
20,0.000287528,0.639973,0.690979,-0.0300092,-0.00247955,0.542967,0.0131789
20,0.000287528,0.639973,0.690979,-0.0300092,-0.00247955,0.542956,0.0131739
20,0.000287528,0.639973,0.690979,-0.0300092,-0.00247955,0.542989,0.0132086
20,0.000287528,0.639973,0.690979,-0.0300092,-0.00247955,0.542945,0.0131987
20,0.000287528,0.639973,0.690979,-0.0300092,-0.00247955,0.542945,0.0131987
20,0.000287528,0.639973,0.690979,-0.0300092,-0.00247955,0.542912,0.0131888
20,0.000287528,0.639973,0.690979,-0.0300092,-0.00247955,0.542923,0.0132086
20,0.000287528,0.639973,0.690979,-0.0300092,-0.00247955,0.54289,0.0131987
20,0.000287528,0.639973,0.690979,-0.0300092,-0.00247955,0.54289,0.0132135
20,0.000287528,0.639973,0.690979,-0.0300092,-0.00247955,0.542857,0.0132086
20,0.000287528,0.639877,0.690979,-0.0300092,-0.00247955,0.542901,0.0132383
20,0.000287528,0.639877,0.690979,-0.0300092,-0.00247955,0.542879,0.0132383
20,0.000287528,0.639877,0.690979,-0.0300092,-0.00247955,0.542868,0.0132333
20,0.000287528,0.639877,0.690979,-0.0300092,-0.00247955,0.542835,0.0132333
20,0.000287528,0.639877,0.690979,-0.0300092,-0.00247955,0.542824,0.0132383
20,0.000287528,0.639877,0.690979,-0.0300092,-0.00247955,0.542901,0.0132829
20,0.000287528,0.639877,0.690979,-0.0300092,-0.00247955,0.542934,0.0133126
20,0.000287528,0.639877,0.690979,-0.0300092,-0.00247955,0.542934,0.0133225
20,0.000287528,0.639877,0.690979,-0.0300092,-0.00247955,0.542923,0.0133274
20,0.000287528,0.639877,0.690979,-0.0300092,-0.00247955,0.542857,0.0133225
20,0.000287528,0.639877,0.690979,-0.0300092,-0.00247955,0.542846,0.0133373
20,0.000287528,0.639877,0.690979,-0.0300092,-0.00286102,0.536612,0.0161554
20,0.000287528,0.639877,0.690979,-0.0300092,-0.00286102,0.53659,0.0161455
20,0.000287528,0.639877,0.690979,-0.0300092,-0.00286102,0.536623,0.0161603
20,0.000287528,0.639877,0.690979,-0.0300092,-0.00286102,0.536634,0.0161653
20,0.000287528,0.639877,0.690979,-0.0300092,-0.00286102,0.536612,0.0161554
20,0.000287528,0.639877,0.690979,-0.0300092,-0.00286102,0.536634,0.0161653
20,0.000287528,0.639877,0.690979,-0.0300092,-0.00286102,0.536623,0.0161603
20,0.000287528,0.639877,0.690979,-0.0300092,-0.00286102,0.536601,0.0161504
20,0.000287528,0.639877,0.690979,-0.0300092,-0.00286102,0.536601,0.0161504
20,0.000287528,0.639877,0.690979,-0.0300092,-0.00286102,0.53659,0.0161455
20,0.000287528,0.639877,0.690979,-0.0300092,-0.00286102,0.536579,0.0161405
20,0.000287528,0.639877,0.690979,-0.0300092,-0.00286102,0.536601,0.0161504
20,0.000287528,0.639877,0.690979,-0.0300092,-0.00286102,0.536634,0.0161653
20,0.000287528,0.639877,0.690979,-0.0300092,-0.00286102,0.536634,0.0161653
20,0.000287528,0.639877,0.690979,-0.0300092,-0.00286102,0.536612,0.0161554
20,0.000287528,0.639877,0.690979,-0.0300092,-0.00286102,0.536623,0.0161603
20,0.000287528,0.639877,0.690979,-0.0300092,-0.00286102,0.536645,0.0161702
20,0.000287528,0.639877,0.690979,-0.0300092,-0.00286102,0.536667,0.0161801
20,0.000287528,0.639877,0.690979,-0.0300092,-0.00286102,0.536689,0.01619
20,0.000287528,0.639877,0.690979,-0.0300092,-0.00286102,0.5367,0.016195
20,0.000287528,0.639877,0.690979,-0.0300092,-0.00286102,0.536656,0.0161752
20,0.000287528,0.639877,0.690979,-0.0300092,-0.00286102,0.536689,0.01619
20,0.000287528,0.639877,0.690979,-0.0300092,-0.00286102,0.536689,0.01619
20,0.000287528,0.639877,0.690979,-0.0300092,-0.00286102,0.536711,0.0161999
20,0.000287528,0.639877,0.690979,-0.0300092,-0.00286102,0.536678,0.0161851
20,0.000287528,0.639877,0.690979,-0.0300092,-0.00286102,0.5367,0.016195
20,0.000287528,0.639877,0.690979,-0.0300092,-0.00286102,0.536722,0.0162049
20,0.000287528,0.639877,0.690979,-0.0300092,-0.00286102,0.536689,0.01619
20,0.000287528,0.639877,0.690979,-0.0300092,-0.00286102,0.5367,0.016195
20,0.000287528,0.639782,0.690979,-0.0300092,-0.00286102,0.5367,0.016195
20,0.000287528,0.639782,0.690979,-0.0300092,-0.00286102,0.536754,0.0162198
20,0.000287528,0.639782,0.690979,-0.0300092,-0.00286102,0.536754,0.0162198
20,0.000287528,0.639782,0.690979,-0.0300092,-0.00286102,0.536733,0.0162098
20,0.000287528,0.639782,0.690979,-0.0300092,-0.00286102,0.536733,0.0162098
20,0.000287528,0.639782,0.690979,-0.0300092,-0.00286102,0.536754,0.0162198
20,0.000287528,0.639782,0.690979,-0.0300092,-0.00286102,0.536722,0.0162049
20,0.000287528,0.639782,0.690979,-0.0300092,-0.00286102,0.536754,0.0162198
20,0.000287528,0.639782,0.690979,-0.0300092,-0.00286102,0.536733,0.0162098
20,0.000287528,0.639782,0.690979,-0.0300092,-0.00286102,0.536744,0.0162148
20,0.000287528,0.639782,0.690979,-0.0300092,-0.00286102,0.536744,0.0162148
20,0.000287528,0.639782,0.690979,-0.0300092,-0.00286102,0.536711,0.0161999
20,0.000287528,0.639782,0.690979,-0.0300092,-0.00286102,0.536754,0.0162198
20,0.000287528,0.639782,0.690979,-0.0300092,-0.00286102,0.536744,0.0162148
20,0.000287528,0.639782,0.690979,-0.0300092,-0.00286102,0.536744,0.0162148
20,0.000287528,0.639782,0.690979,-0.0300092,-0.00286102,0.536733,0.0162098
20,0.000287528,0.639782,0.690979,-0.0300092,-0.00286102,0.536744,0.0162148
20,0.000287528,0.639782,0.690979,-0.0300092,-0.00286102,0.536733,0.0162098
20,0.000287528,0.639782,0.690979,-0.0300092,-0.00286102,0.536754,0.0162198
20,0.000287528,0.639782,0.690979,-0.0300092,-0.00286102,0.536744,0.0162148
20,0.000287528,0.639782,0.690979,-0.0300092,-0.00286102,0.536754,0.0162198
20,0.000287528,0.639782,0.690979,-0.0300092,-0.00286102,0.536754,0.0162198
20,0.000287528,0.639782,0.690979,-0.0300092,-0.00286102,0.536754,0.0162198
20,0.000287528,0.639782,0.690979,-0.0300092,-0.00286102,0.536711,0.0161999
20,0.000287528,0.639782,0.690979,-0.0300092,-0.00286102,0.536744,0.0162148
20,0.000287528,0.639782,0.690979,-0.0300092,-0.00286102,0.536744,0.0162148
20,0.000287528,0.639686,0.690979,-0.0300092,-0.00286102,0.536733,0.0162098
20,0.000287528,0.639686,0.690979,-0.0300092,-0.00286102,0.537457,0.0165367
20,0.000287528,0.639686,0.690979,-0.0300092,-0.00286102,0.53749,0.0165516
20,0.000287528,0.639686,0.690979,-0.0300092,-0.00286102,0.537567,0.0165862
20,0.000287528,0.639686,0.690979,-0.0300092,-0.00286102,0.5376,0.0165961
20,0.000287528,0.639686,0.690979,-0.0300092,-0.00286102,0.5376,0.0165961
20,0.000287528,0.639686,0.690979,-0.0300092,-0.00286102,0.537622,0.0166061
20,0.000287528,0.639686,0.690979,-0.0300092,-0.00286102,0.537578,0.0165862
20,0.000287528,0.639686,0.690979,-0.0300092,-0.00286102,0.5376,0.0165961
20,0.000287528,0.639686,0.690979,-0.0300092,-0.00286102,0.537578,0.0165862
20,0.000287528,0.639686,0.690979,-0.0300092,-0.00286102,0.537611,0.0166011
20,0.000287528,0.639686,0.690979,-0.0300092,-0.00286102,0.5376,0.0165961
20,0.000287528,0.639686,0.690979,-0.0300092,-0.00286102,0.537611,0.0166011
20,0.000287528,0.639686,0.690979,-0.0300092,-0.00286102,0.537633,0.016611
20,0.000287528,0.63959,0.690979,-0.0300092,-0.00286102,0.537611,0.0165961
20,0.000287528,0.63959,0.690979,-0.0300092,-0.00286102,0.537643,0.016611
20,0.000287528,0.63959,0.690979,-0.0300092,-0.00286102,0.537611,0.0165961
20,0.000287528,0.63959,0.690979,-0.0300092,-0.00286102,0.537556,0.0165714
20,0.000287528,0.63959,0.690979,-0.0300092,-0.00286102,0.537567,0.0165763
20,0.000287528,0.63959,0.690979,-0.0300092,-0.00286102,0.537567,0.0165763
20,0.000287528,0.63959,0.690979,-0.0300092,-0.00286102,0.537643,0.016611
20,0.000287528,0.63959,0.690979,-0.0300092,-0.00286102,0.537567,0.0165763
20,0.000287528,0.63959,0.690979,-0.0300092,-0.00286102,0.537611,0.0165961
20,0.000287528,0.63959,0.690979,-0.0300092,-0.00286102,0.537567,0.0165763
20,0.000287528,0.63959,0.690979,-0.0300092,-0.00286102,0.537633,0.0166061
20,0.000287528,0.63959,0.690979,-0.0300092,-0.00286102,0.537622,0.0166011
20,0.000287528,0.63959,0.690979,-0.0300092,-0.00286102,0.537643,0.016611
20,0.000287528,0.63959,0.690979,-0.0300092,-0.00286102,0.537622,0.0166011
20,0.000287528,0.63959,0.690979,-0.0300092,-0.00286102,0.537589,0.0165862
20,0.000287528,0.63959,0.690979,-0.0300092,-0.00286102,0.5376,0.0165912
20,0.000287528,0.63959,0.690979,-0.0300092,-0.00286102,0.5376,0.0165912
20,0.000287528,0.63959,0.690979,-0.0300092,-0.00286102,0.537578,0.0165813
20,0.000287528,0.63959,0.690979,-0.0300092,-0.00286102,0.537643,0.016611
20,0.000287528,0.63959,0.690979,-0.0300092,-0.00286102,0.537611,0.0165912
20,0.000287528,0.63959,0.690979,-0.0300092,-0.00286102,0.537578,0.0165763
20,0.000287528,0.63959,0.690979,-0.0300092,-0.00286102,0.537687,0.0166259
20,0.000287528,0.63959,0.690979,-0.0300092,-0.00286102,0.537643,0.0166061
20,0.000287528,0.63959,0.690979,-0.0300092,-0.00286102,0.537687,0.0166259
20,0.000287528,0.639494,0.690979,-0.0300092,-0.00286102,0.537687,0.0166259
20,0.000287528,0.639494,0.690979,-0.0300092,-0.00286102,0.537709,0.0166358
20,0.000287528,0.639494,0.690979,-0.0300092,-0.00286102,0.537654,0.016611
20,0.000287528,0.639494,0.690979,-0.0300092,-0.00286102,0.537687,0.0166259
20,0.000287528,0.639494,0.690979,-0.0300092,-0.00286102,0.537665,0.016616
20,0.000287528,0.639494,0.690979,-0.0300092,-0.00286102,0.537654,0.016611
20,0.000287528,0.639494,0.690979,-0.0300092,-0.00286102,0.537622,0.0165961
20,0.000287528,0.639494,0.690979,-0.0300092,-0.00286102,0.537654,0.016611
20,0.000287528,0.639494,0.690979,-0.0300092,-0.00286102,0.537665,0.016616
20,0.000287528,0.639494,0.690979,-0.0300092,-0.00286102,0.537633,0.0166011
20,0.000287528,0.639494,0.690979,-0.0300092,-0.00286102,0.537676,0.0166209
20,0.000287528,0.639494,0.690979,-0.0300092,-0.00286102,0.537676,0.0166209
20,0.000287528,0.639494,0.690979,-0.0300092,-0.00286102,0.537665,0.016616
20,0.000287528,0.639494,0.690979,-0.0300092,-0.00286102,0.537687,0.0166259
20,0.000287528,0.639494,0.690979,-0.0300092,-0.00286102,0.537819,0.0166853
20,0.000287528,0.639494,0.690979,-0.0300092,-0.00286102,0.53783,0.0166902
20,0.000287528,0.639494,0.690979,-0.0300092,-0.00286102,0.53783,0.0166853
20,0.000287528,0.639494,0.690979,-0.0300092,-0.00286102,0.538072,0.0167943
20,0.000287528,0.639494,0.690979,-0.0300092,-0.00286102,0.538061,0.0167893
20,0.000287528,0.639494,0.690979,-0.0300092,-0.00286102,0.538094,0.0168042
20,0.000287528,0.639494,0.690979,-0.0300092,-0.00286102,0.538094,0.0168042
20,0.000287528,0.639494,0.690979,-0.0300092,-0.00286102,0.538094,0.0168042
20,0.000287528,0.639494,0.690979,-0.0300092,-0.00286102,0.538061,0.0167893
20,0.000287528,0.639494,0.690979,-0.0300092,-0.00286102,0.538104,0.0168091
20,0.000287528,0.639494,0.690979,-0.0300092,-0.00286102,0.53805,0.0167843
20,0.000287528,0.639494,0.690979,-0.0300092,-0.00286102,0.538072,0.0167943
20,0.000287528,0.639494,0.690979,-0.0300092,-0.00286102,0.53828,0.0168884
20,0.000287528,0.639494,0.690979,-0.0300092,-0.00286102,0.53828,0.0168884
20,0.000287528,0.639494,0.690979,-0.0300092,-0.00286102,0.53828,0.0168884
20,0.000287528,0.639494,0.690979,-0.0300092,-0.00286102,0.538576,0.0170221
20,0.000287528,0.639494,0.690979,-0.0300092,-0.00286102,0.538598,0.017032
20,0.000287528,0.639494,0.690979,-0.0300092,-0.00286102,0.538598,0.017032
20,0.000287528,0.639494,0.690979,-0.0300092,-0.00286102,0.538576,0.0170221
20,0.000287528,0.639494,0.690979,-0.0300092,-0.00286102,0.538609,0.0170369
20,0.000287528,0.639494,0.690979,-0.0300092,-0.00286102,0.538642,0.0170518
20,0.000287528,0.639494,0.690979,-0.0300092,-0.00286102,0.538609,0.017027
20,0.000287528,0.639494,0.690979,-0.0300092,-0.00286102,0.53862,0.017032
20,0.000287528,0.639494,0.690979,-0.0300092,-0.00286102,0.53862,0.017032
20,0.000287528,0.639494,0.690979,-0.0300092,-0.00286102,0.538653,0.0170468
20,0.000287528,0.639494,0.690979,-0.0300092,-0.00286102,0.538917,0.0171657
20,0.000287528,0.639494,0.690979,-0.0300092,-0.00286102,0.538939,0.0171756
20,0.000287528,0.639494,0.690979,-0.0300092,-0.00286102,0.539037,0.0172202
20,0.000287528,0.639494,0.690979,-0.0300092,-0.00286102,0.538917,0.0171657
20,0.000287528,0.639494,0.690979,-0.0300092,-0.00286102,0.538939,0.0171756
20,0.000287528,0.639494,0.690979,-0.0300092,-0.00286102,0.53895,0.0171806
20,0.000287528,0.639494,0.690979,-0.0300092,-0.00286102,0.538961,0.0171855
20,0.000287528,0.639494,0.690979,-0.0300092,-0.00286102,0.538917,0.0171657
20,0.000287528,0.639494,0.690979,-0.0300092,-0.00286102,0.538917,0.0171657
20,0.000287528,0.639494,0.690979,-0.0300092,-0.00286102,0.53895,0.0171806
20,0.000287528,0.639494,0.690979,-0.0300092,-0.00286102,0.538939,0.0171756
20,0.000191685,0.639494,0.690979,-0.0300092,-0.00286102,0.538928,0.0171706
20,0.000191685,0.639494,0.690979,-0.0300092,-0.00286102,0.538928,0.0171706
20,0.000191685,0.639494,0.690979,-0.0300092,-0.00286102,0.538961,0.0171855
20,0.000191685,0.639494,0.690979,-0.0300092,-0.00286102,0.539158,0.0172747
20,0.000191685,0.639494,0.690979,-0.0300092,-0.00286102,0.539158,0.0172747
20,0.000191685,0.639494,0.690979,-0.0300092,-0.00286102,0.539147,0.0172697
20,0.000191685,0.639494,0.690979,-0.0300092,-0.00286102,0.539213,0.0172994
20,0.000191685,0.639494,0.690979,-0.0300092,-0.00286102,0.539169,0.0172796
20,0.000191685,0.639494,0.690979,-0.0300092,-0.00286102,0.539158,0.0172747
20,0.000191685,0.639494,0.690979,-0.0300092,-0.00286102,0.539191,0.0172895
20,0.000191685,0.639494,0.690979,-0.0300092,-0.00286102,0.539213,0.0172994
20,0.000191685,0.639494,0.690979,-0.0300092,-0.00286102,0.539213,0.0172945
20,0.000191685,0.639494,0.690979,-0.0300092,-0.00286102,0.539103,0.0172449
20,0.000191685,0.639494,0.690979,-0.0300092,-0.00286102,0.539158,0.0172647
20,0.000191685,0.639494,0.690979,-0.0300092,-0.00286102,0.539158,0.0172647
20,0.000191685,0.639494,0.690979,-0.0300092,-0.00286102,0.539213,0.0172895
20,0.000191685,0.639494,0.690979,-0.0300092,-0.00286102,0.53918,0.0172747
20,0.000191685,0.639494,0.690979,-0.0300092,-0.00286102,0.539092,0.017235
20,0.000191685,0.639494,0.690979,-0.0300092,-0.00286102,0.539125,0.0172499
20,0.000191685,0.639494,0.690979,-0.0300092,-0.00286102,0.539158,0.0172647
20,0.000191685,0.639494,0.690979,-0.0300092,-0.00286102,0.539136,0.0172548
20,0.000191685,0.639494,0.690979,-0.0300092,-0.00286102,0.539081,0.017235
20,0.000191685,0.639494,0.690979,-0.0300092,-0.00286102,0.539169,0.0172647
20,0.000191685,0.639494,0.690979,-0.0300092,-0.00286102,0.539125,0.0172449
20,0.000191685,0.639494,0.690979,-0.0300092,-0.00286102,0.53918,0.0172747
20,0.000191685,0.639494,0.690979,-0.0300092,-0.00286102,0.539224,0.01724
20,0.000191685,0.639494,0.690979,-0.0300092,-0.00286102,0.539158,0.0172301
20,0.000191685,0.639494,0.690979,-0.0300092,-0.00286102,0.539169,0.0172449
20,0.000191685,0.639494,0.690979,-0.0300092,-0.00286102,0.539202,0.0172499
20,0.000191685,0.639494,0.690979,-0.0300092,-0.00286102,0.539081,0.01724
20,0.000191685,0.639494,0.690979,-0.0300092,-0.00286102,0.539202,0.0172548
20,0.000191685,0.639494,0.690979,-0.0300092,-0.00286102,0.539125,0.017235
20,0.000191685,0.639494,0.690979,-0.0300092,-0.00286102,0.539158,0.0172548
20,0.000191685,0.639494,0.690979,-0.0300092,-0.00286102,0.539081,0.0172152
20,0.000191685,0.639494,0.690979,-0.0300092,-0.00286102,0.53918,0.0172598
20,0.000191685,0.639494,0.690979,-0.0300092,-0.00286102,0.53918,0.0172647
20,0.000191685,0.639494,0.690979,-0.0300092,-0.00286102,0.538983,0.0171706
20,0.000191685,0.639494,0.690979,-0.0300092,-0.00286102,0.539015,0.0171855
20,0.000191685,0.639494,0.690979,-0.0300092,-0.00286102,0.539015,0.0171855
20,0.000191685,0.639494,0.690979,-0.0300092,-0.00286102,0.539026,0.0171905
20,0.000191685,0.639494,0.690979,-0.0300092,-0.00286102,0.539026,0.0171855
20,0.000191685,0.639494,0.690979,-0.0300092,-0.00286102,0.539037,0.0171855
20,0.000191685,0.639494,0.690979,-0.0300092,-0.00286102,0.539004,0.0171706
20,0.000191685,0.639494,0.690979,-0.0300092,-0.00286102,0.539059,0.0171954
20,0.000191685,0.639494,0.690979,-0.0300092,-0.00286102,0.539037,0.0171855
20,0.000191685,0.639494,0.690979,-0.0300092,-0.00286102,0.539015,0.0171706
20,0.000191685,0.639494,0.690979,-0.0300092,-0.00286102,0.539081,0.0172004
20,0.000191685,0.639494,0.690979,-0.0300092,-0.00286102,0.539026,0.0171756
20,0.000191685,0.639494,0.690979,-0.0300092,-0.00286102,0.539026,0.0171706
20,0.000191685,0.639494,0.690979,-0.0300092,-0.00286102,0.539059,0.0171806
20,0.000191685,0.639494,0.690979,-0.0300092,-0.00286102,0.539048,0.0171756
20,0.000191685,0.639494,0.690979,-0.0300092,-0.00286102,0.539092,0.0171905
20,0.000191685,0.639494,0.690979,-0.0300092,-0.00286102,0.539092,0.0171905
20,0.000191685,0.639494,0.690979,-0.0300092,-0.00286102,0.539103,0.0171905
20,0.000191685,0.639494,0.690979,-0.0300092,-0.00286102,0.539125,0.0172004
20,0.000191685,0.639494,0.690979,-0.0300092,-0.00286102,0.539125,0.0172004
20,0.000191685,0.639494,0.690979,-0.0300092,-0.00286102,0.539125,0.0171855
20,0.000191685,0.639494,0.690979,-0.0300092,-0.00286102,0.539114,0.0171855
20,0.000191685,0.639494,0.690979,-0.0300092,-0.00286102,0.539114,0.0171855
20,0.000191685,0.639494,0.690979,-0.0300092,-0.00286102,0.539246,0.0171459
20,0.000191685,0.639494,0.690979,-0.0300092,-0.00286102,0.539202,0.0171261
20,0.000191685,0.639494,0.690979,-0.0300092,-0.00286102,0.539202,0.0171261
20,0.000191685,0.639494,0.690979,-0.0300092,-0.00286102,0.539213,0.017131
20,0.000191685,0.639494,0.690979,-0.0300092,-0.00286102,0.539224,0.017136
20,0.000191685,0.639494,0.690979,-0.0300092,-0.00286102,0.539191,0.0171211
20,0.000191685,0.639494,0.690979,-0.0300092,-0.00286102,0.539235,0.0171409
20,0.000191685,0.639494,0.690979,-0.0300092,-0.00286102,0.539235,0.0171409
20,0.000191685,0.639494,0.690979,-0.0300092,-0.00286102,0.539224,0.017136
20,0.000191685,0.639494,0.690979,-0.0300092,-0.00286102,0.539257,0.0171459
20,0.000191685,0.639494,0.690979,-0.0300092,-0.00286102,0.539235,0.017136
20,0.000191685,0.639494,0.690979,-0.0300092,-0.00286102,0.539257,0.0171459
20,0.000191685,0.639494,0.690979,-0.0300092,-0.00286102,0.539257,0.0171409
20,0.000191685,0.639494,0.690979,-0.0300092,-0.00286102,0.539202,0.0171162
20,0.000191685,0.639494,0.690979,-0.0300092,-0.00286102,0.53929,0.0171558
20,0.000191685,0.639494,0.690979,-0.0300092,-0.00286102,0.539301,0.0171558
20,0.000191685,0.639494,0.690979,-0.0300092,-0.00286102,0.539224,0.0171063
20,0.000191685,0.639494,0.690979,-0.0300092,-0.00286102,0.539323,0.0171508
20,0.000191685,0.639494,0.690979,-0.0300092,-0.00286102,0.539301,0.0171409
20,0.000191685,0.639494,0.690979,-0.0300092,-0.00286102,0.539345,0.0171508
20,0.000191685,0.639494,0.690979,-0.0300092,-0.00286102,0.539334,0.0171508
20,0.000191685,0.639494,0.690979,-0.0300092,-0.00286102,0.539356,0.0171508
20,0.000191685,0.639494,0.690979,-0.0300092,-0.00286102,0.539389,0.0171607
20,0.000191685,0.639494,0.690979,-0.0300092,-0.00286102,0.539356,0.017131
20,0.000191685,0.639494,0.690979,-0.0300092,-0.00286102,0.5394,0.0171409
20,0.000191685,0.639494,0.690979,-0.0300092,-0.00286102,0.539301,0.0170865
20,0.000191685,0.639494,0.690979,-0.0300092,-0.00286102,0.539389,0.0171261
20,0.000191685,0.639494,0.690979,-0.0300092,-0.00286102,0.5394,0.0171211
20,0.000191685,0.639494,0.690979,-0.0300092,-0.00286102,0.539433,0.017136
20,0.000191685,0.639494,0.690979,-0.0300092,-0.00286102,0.539443,0.0171261
20,0.000191685,0.639494,0.690979,-0.0300092,-0.00286102,0.539411,0.0171112
20,0.000191685,0.639494,0.690979,-0.0300092,-0.00286102,0.539422,0.0171063
20,0.000191685,0.639494,0.690979,-0.0300092,-0.00286102,0.539454,0.0171211
20,0.000191685,0.639494,0.690979,-0.0300092,-0.00286102,0.539454,0.0171112
20,0.000191685,0.639494,0.690979,-0.0300092,-0.00286102,0.539454,0.0171112
20,0.000191685,0.639494,0.690979,-0.0300092,-0.00286102,0.539476,0.0171063
20,0.000191685,0.639494,0.690979,-0.0300092,-0.00286102,0.539411,0.0170765
20,0.000191685,0.639494,0.690979,-0.0300092,-0.00286102,0.539465,0.0170914
20,0.000191685,0.639494,0.690979,-0.0300092,-0.00286102,0.539454,0.0170765
20,0.000191685,0.639494,0.690979,-0.0300092,-0.00286102,0.539487,0.0170914
20,0.000191685,0.639494,0.690979,-0.0300092,-0.00286102,0.539443,0.0170716
20,0.000191685,0.639494,0.690979,-0.0300092,-0.00286102,0.539509,0.0170914
20,0.000191685,0.639494,0.690979,-0.0300092,-0.00286102,0.539476,0.0170765
20,0.000191685,0.639494,0.690979,-0.0300092,-0.00286102,0.539498,0.0170716
20,0.000191685,0.639494,0.690979,-0.0300092,-0.00286102,0.53952,0.0170815
20,0.000191685,0.639494,0.690979,-0.0300092,-0.00286102,0.539531,0.0170865
20,0.000191685,0.639494,0.690979,-0.0300092,-0.00286102,0.539487,0.0170518
20,0.000191685,0.639494,0.690979,-0.0300092,-0.00286102,0.539509,0.0170617
20,0.000191685,0.639494,0.690979,-0.0300092,-0.00286102,0.53952,0.0170666
20,0.000191685,0.639494,0.690979,-0.0300092,-0.00286102,0.539542,0.0170617
20,0.000191685,0.639494,0.690979,-0.0300092,-0.00286102,0.539509,0.0170468
20,0.000191685,0.639494,0.690979,-0.0300092,-0.00286102,0.539553,0.0170567
20,0.000191685,0.639494,0.690979,-0.0300092,-0.00286102,0.539542,0.0170518
20,0.000191685,0.639494,0.690979,-0.0300092,-0.00286102,0.539597,0.0170666
20,0.000191685,0.639494,0.690979,-0.0300092,-0.00286102,0.539597,0.0170666
20,0.000191685,0.639494,0.690979,-0.0300092,-0.00286102,0.539586,0.0170617
20,0.000191685,0.639494,0.690979,-0.0300092,-0.00286102,0.539389,0.0169626
20,0.000191685,0.639494,0.690979,-0.0300092,-0.00286102,0.539531,0.017027
20,0.000191685,0.639494,0.690979,-0.0300092,-0.00286102,0.539356,0.0169478
20,0.000191685,0.639494,0.690979,-0.0300092,-0.00286102,0.539608,0.0170567
20,0.000191685,0.639494,0.690979,-0.0300092,-0.00286102,0.539345,0.016923
20,9.58427e-05,0.639494,0.690979,-0.0300092,-0.00286102,0.539553,0.0170171
20,9.58427e-05,0.639494,0.690979,-0.0300092,-0.00286102,0.539411,0.0169329
20,9.58427e-05,0.639494,0.690979,-0.0300092,-0.00286102,0.539575,0.0170072
20,9.58427e-05,0.639494,0.690979,-0.0300092,-0.00286102,0.539422,0.016923
20,9.58427e-05,0.639494,0.690979,-0.0300092,-0.00286102,0.539433,0.016928
20,9.58427e-05,0.639494,0.690979,-0.0300092,-0.00286102,0.539422,0.0169131
20,9.58427e-05,0.639494,0.690979,-0.0300092,-0.00286102,0.539487,0.0169428
20,9.58427e-05,0.639494,0.690979,-0.0300092,-0.00286102,0.539652,0.0170171
20,9.58427e-05,0.639494,0.690979,-0.0300092,-0.00286102,0.5394,0.0168933
20,9.58427e-05,0.639494,0.690979,-0.0300092,-0.00286102,0.539411,0.0168933
20,9.58427e-05,0.639494,0.690979,-0.0300092,-0.00286102,0.539433,0.0168884
20,9.58427e-05,0.639494,0.690979,-0.0300092,-0.00286102,0.539674,0.0169973
20,9.58427e-05,0.639494,0.690979,-0.0300092,-0.00286102,0.539663,0.0169824
20,9.58427e-05,0.639494,0.690979,-0.0300092,-0.00286102,0.539707,0.0169973
20,9.58427e-05,0.639494,0.690979,-0.0300092,-0.00286102,0.539652,0.0169626
20,9.58427e-05,0.639494,0.690979,-0.0300092,-0.00286102,0.539498,0.0168884
20,9.58427e-05,0.639494,0.690979,-0.0300092,-0.00286102,0.539696,0.0169676
20,9.58427e-05,0.639494,0.690979,-0.0300092,-0.00286102,0.53974,0.0169775
20,9.58427e-05,0.639494,0.690979,-0.0300092,-0.00286102,0.53974,0.0169725
20,9.58427e-05,0.639494,0.690979,-0.0300092,-0.00286102,0.539696,0.0169329
20,9.58427e-05,0.639494,0.690979,-0.0300092,-0.00286102,0.539729,0.0169379
20,9.58427e-05,0.639494,0.690979,-0.0300092,-0.00286102,0.539839,0.0169676
20,9.58427e-05,0.639494,0.690979,-0.0300092,-0.00286102,0.539817,0.0169329
20,9.58427e-05,0.639494,0.690979,-0.0300092,-0.00286102,0.541573,0.016091
20,9.58427e-05,0.639494,0.690979,-0.0300092,-0.00286102,0.541979,0.0159919
20,9.58427e-05,0.639494,0.690979,-0.0300092,-0.00286102,0.541814,0.0159375
20,9.58427e-05,0.639494,0.690979,-0.0300092,-0.00286102,0.535602,0.0131343
20,9.58427e-05,0.639494,0.690979,-0.0300092,-0.00286102,0.535646,0.0131442
20,9.58427e-05,0.639494,0.690979,-0.0300092,-0.00286102,0.535679,0.013169
20,9.58427e-05,0.639494,0.690979,-0.0300092,-0.00286102,0.535668,0.0131541
20,9.58427e-05,0.639494,0.690979,-0.0300092,-0.00286102,0.535756,0.0131937
20,9.58427e-05,0.639494,0.690979,-0.0300092,-0.00286102,0.535712,0.013164
20,9.58427e-05,0.639494,0.690979,-0.0300092,-0.00286102,0.535646,0.013159
20,9.58427e-05,0.639494,0.690979,-0.0300092,-0.00286102,0.535712,0.0131888
20,9.58427e-05,0.639494,0.690979,-0.0300092,-0.00286102,0.535712,0.0131838
20,9.58427e-05,0.639494,0.690979,-0.0300092,-0.00286102,0.535811,0.0132086
20,9.58427e-05,0.639494,0.690979,-0.0300092,-0.00286102,0.535712,0.0132135
20,9.58427e-05,0.639494,0.690979,-0.0300092,-0.00286102,0.535734,0.0131937
20,9.58427e-05,0.639494,0.690979,-0.0300092,-0.00286102,0.535811,0.0132185
20,9.58427e-05,0.639494,0.690979,-0.0300092,-0.00286102,0.535745,0.013159
20,9.58427e-05,0.639494,0.690979,-0.0300092,-0.00286102,0.535822,0.013169
20,9.58427e-05,0.639494,0.690979,-0.0300092,-0.00286102,0.535811,0.0131789
20,9.58427e-05,0.639494,0.690979,-0.0300092,-0.00286102,0.535855,0.0131888
20,9.58427e-05,0.639494,0.690979,-0.0300092,-0.00286102,0.535822,0.013169
20,9.58427e-05,0.639494,0.690979,-0.0300092,-0.00286102,0.535909,0.013164
20,9.58427e-05,0.639494,0.690979,-0.0300092,-0.00286102,0.535942,0.0131937
20,9.58427e-05,0.639494,0.690979,-0.0300092,-0.00286102,0.535986,0.0131541
20,9.58427e-05,0.639494,0.690979,-0.0300092,-0.00286102,0.536184,0.0130501
20,9.58427e-05,0.639494,0.690979,-0.0300092,-0.00286102,0.536272,0.0130897
20,9.58427e-05,0.639494,0.690979,-0.0300092,-0.00286102,0.536217,0.013055
20,9.58427e-05,0.639494,0.690979,-0.0300092,-0.00286102,0.536239,0.0130649
20,9.58427e-05,0.639494,0.690979,-0.0300092,-0.00286102,0.536272,0.0130798
20,9.58427e-05,0.639494,0.690979,-0.0300092,-0.00286102,0.536272,0.0130798
20,9.58427e-05,0.639494,0.690979,-0.0300092,-0.00286102,0.536337,0.0131095
20,9.58427e-05,0.639494,0.690979,-0.0300092,-0.00286102,0.536359,0.0131194
20,9.58427e-05,0.639494,0.690979,-0.0300092,-0.00286102,0.539037,0.0143279
20,9.58427e-05,0.639494,0.690979,-0.0300092,-0.00286102,0.539037,0.0143279
20,9.58427e-05,0.639494,0.690979,-0.0300092,-0.00286102,0.53907,0.0143427
20,9.58427e-05,0.639494,0.690979,-0.0300092,-0.00286102,0.539059,0.0143378
20,9.58427e-05,0.639494,0.690979,-0.0300092,-0.00286102,0.539092,0.0143526
20,9.58427e-05,0.639494,0.690979,-0.0300092,-0.00286102,0.539147,0.0143774
20,9.58427e-05,0.639494,0.690979,-0.0300092,-0.00286102,0.539103,0.0143576
20,9.58427e-05,0.639494,0.690979,-0.0300092,-0.00286102,0.539114,0.0143625
20,9.58427e-05,0.639494,0.690979,-0.0300092,-0.00286102,0.539147,0.0143724
20,9.58427e-05,0.639494,0.690979,-0.0300092,-0.00286102,0.539136,0.0143675
20,9.58427e-05,0.639494,0.690979,-0.0300092,-0.00286102,0.539729,0.0146349
20,9.58427e-05,0.639494,0.690979,-0.0300092,-0.00286102,0.539707,0.0146201
20,9.58427e-05,0.639494,0.690979,-0.0300092,-0.00286102,0.539718,0.014625
20,9.58427e-05,0.639494,0.690979,-0.0300092,-0.00286102,0.539729,0.0146349
20,9.58427e-05,0.639494,0.690979,-0.0300092,-0.00286102,0.539696,0.0146201
20,9.58427e-05,0.639494,0.690979,-0.0300092,-0.00286102,0.539696,0.0146201
20,9.58427e-05,0.639494,0.690979,-0.0300092,-0.00286102,0.53974,0.0146399
20,9.58427e-05,0.639494,0.690979,-0.0300092,-0.00286102,0.539696,0.0146201
20,9.58427e-05,0.639494,0.690979,-0.0300092,-0.00286102,0.53974,0.0146399
20,9.58427e-05,0.639494,0.690979,-0.0300092,-0.00286102,0.539839,0.0146844
20,9.58427e-05,0.639494,0.690979,-0.0300092,-0.00286102,0.539795,0.0146646
20,9.58427e-05,0.639494,0.690979,-0.0300092,-0.00286102,0.539806,0.0146696
20,9.58427e-05,0.639494,0.690979,-0.0300092,-0.00286102,0.539795,0.0146646
20,9.58427e-05,0.639494,0.690979,-0.0300092,-0.00286102,0.539806,0.0146696
20,9.58427e-05,0.639494,0.690979,-0.0300092,-0.00286102,0.539828,0.0146795
20,9.58427e-05,0.639494,0.690979,-0.0300092,-0.00286102,0.539839,0.0146844
20,9.58427e-05,0.639494,0.690979,-0.0300092,-0.00286102,0.539828,0.0146795
20,9.58427e-05,0.639494,0.690979,-0.0300092,-0.00286102,0.539806,0.0146696
20,9.58427e-05,0.639494,0.690979,-0.0300092,-0.00286102,0.539839,0.0146844
20,9.58427e-05,0.639494,0.690979,-0.0300092,-0.00286102,0.539806,0.0146696
20,9.58427e-05,0.639494,0.690979,-0.0300092,-0.00286102,0.539817,0.0146745
20,9.58427e-05,0.639494,0.690979,-0.0300092,-0.00286102,0.539828,0.0146795
20,9.58427e-05,0.639494,0.690979,-0.0300092,-0.00286102,0.539828,0.0146795
20,9.58427e-05,0.639494,0.690979,-0.0300092,-0.00286102,0.53985,0.0146894
20,9.58427e-05,0.639494,0.690979,-0.0300092,-0.00286102,0.539806,0.0146696
20,9.58427e-05,0.639494,0.690979,-0.0300092,-0.00286102,0.539828,0.0146795
20,9.58427e-05,0.639494,0.690979,-0.0300092,-0.00286102,0.539839,0.0146844
20,9.58427e-05,0.639494,0.690979,-0.0300092,-0.00286102,0.539839,0.0146844
20,9.58427e-05,0.639494,0.690979,-0.0300092,-0.00286102,0.539795,0.0146646
20,9.58427e-05,0.639494,0.690979,-0.0300092,-0.00286102,0.53985,0.0146894
20,9.58427e-05,0.639494,0.690979,-0.0300092,-0.00286102,0.539828,0.0146795
20,9.58427e-05,0.639494,0.690979,-0.0300092,-0.00286102,0.539828,0.0146795
20,9.58427e-05,0.639494,0.690979,-0.0300092,-0.00286102,0.539806,0.0146696
20,9.58427e-05,0.639494,0.690979,-0.0300092,-0.00286102,0.539828,0.0146795
20,9.58427e-05,0.639494,0.690979,-0.0300092,-0.00286102,0.53985,0.0146894
20,9.58427e-05,0.639494,0.690979,-0.0300092,-0.00286102,0.539806,0.0146696
20,9.58427e-05,0.639494,0.690979,-0.0300092,-0.00286102,0.539861,0.0146894
20,9.58427e-05,0.639494,0.690979,-0.0300092,-0.00286102,0.539817,0.0146696
20,9.58427e-05,0.639494,0.690979,-0.0300092,-0.00286102,0.539839,0.0146795
20,9.58427e-05,0.639494,0.690979,-0.0300092,-0.00286102,0.539839,0.0146795
20,9.58427e-05,0.639494,0.690979,-0.0300092,-0.00286102,0.539817,0.0146696
20,9.58427e-05,0.639494,0.690979,-0.0300092,-0.00286102,0.53985,0.0146844
20,9.58427e-05,0.639494,0.690979,-0.0300092,-0.00286102,0.539992,0.0147488
20,9.58427e-05,0.639494,0.690979,-0.0300092,-0.00286102,0.539992,0.0147488
20,9.58427e-05,0.639494,0.690979,-0.0300092,-0.00286102,0.540234,0.0148528
20,9.58427e-05,0.639494,0.690979,-0.0300092,-0.00286102,0.54053,0.0149866
20,9.58427e-05,0.639494,0.690979,-0.0300092,-0.00286102,0.540596,0.0150163
20,9.58427e-05,0.639494,0.690979,-0.0300092,-0.00286102,0.540596,0.0150212
20,9.58427e-05,0.639494,0.690979,-0.0300092,-0.00286102,0.540629,0.0150361
20,9.58427e-05,0.639494,0.690979,-0.0300092,-0.00286102,0.540618,0.0150262
20,9.58427e-05,0.639494,0.690979,-0.0300092,-0.00286102,0.54064,0.015041
20,9.58427e-05,0.639494,0.690979,-0.0300092,-0.00286102,0.540684,0.0150608
20,9.58427e-05,0.639494,0.690979,-0.0300092,-0.00286102,0.540684,0.0150608
20,9.58427e-05,0.639494,0.690979,-0.0300092,-0.00286102,0.540673,0.0150559
20,9.58427e-05,0.639494,0.690979,-0.0300092,-0.00286102,0.540662,0.0150509
20,9.58427e-05,0.639494,0.690979,-0.0300092,-0.00286102,0.540607,0.0150262
20,9.58427e-05,0.639494,0.690979,-0.0300092,-0.00286102,0.540607,0.0150262
20,9.58427e-05,0.639494,0.690979,-0.0300092,-0.00286102,0.540717,0.0150757
20,9.58427e-05,0.639494,0.690979,-0.0300092,-0.00286102,0.540717,0.0150807
20,9.58427e-05,0.639494,0.690979,-0.0300092,-0.00286102,0.540739,0.0150906
20,9.58427e-05,0.639494,0.690979,-0.0300092,-0.00286102,0.540706,0.0150757
20,9.58427e-05,0.639494,0.690979,-0.0300092,-0.00286102,0.540695,0.0150707
20,9.58427e-05,0.639494,0.690979,-0.0300092,-0.00286102,0.540629,0.015041
20,9.58427e-05,0.639494,0.690979,-0.0300092,-0.00286102,0.540662,0.0150559
20,9.58427e-05,0.639494,0.690979,-0.0300092,-0.00286102,0.540629,0.015041
20,9.58427e-05,0.639494,0.690979,-0.0300092,-0.00286102,0.54064,0.015046
20,9.58427e-05,0.639494,0.690979,-0.0300092,-0.00286102,0.540706,0.0150757
20,9.58427e-05,0.639494,0.690979,-0.0300092,-0.00286102,0.54064,0.015046
20,9.58427e-05,0.639494,0.690979,-0.0300092,-0.00286102,0.540651,0.0150509
20,9.58427e-05,0.639494,0.690979,-0.0300092,-0.00286102,0.540695,0.0150707
20,9.58427e-05,0.639494,0.690979,-0.0300092,-0.00286102,0.540815,0.0151203
20,9.58427e-05,0.639494,0.690979,-0.0300092,-0.00286102,0.54098,0.0151946
20,9.58427e-05,0.639494,0.690979,-0.0300092,-0.00286102,0.541002,0.0152045
20,9.58427e-05,0.639494,0.690979,-0.0300092,-0.00286102,0.54098,0.0151946
20,9.58427e-05,0.639494,0.690979,-0.0300092,-0.00286102,0.540991,0.0151995
20,9.58427e-05,0.63959,0.690979,-0.0300092,-0.00286102,0.541002,0.0152045
20,9.58427e-05,0.63959,0.690979,-0.0300092,-0.00286102,0.54098,0.0151995
20,9.58427e-05,0.63959,0.690979,-0.0300092,-0.00286102,0.541013,0.0152094
20,9.58427e-05,0.63959,0.690979,-0.0300092,-0.00286102,0.541002,0.0152045
20,9.58427e-05,0.63959,0.690979,-0.0300092,-0.00286102,0.541013,0.0152144
20,9.58427e-05,0.63959,0.690979,-0.0300092,-0.00286102,0.540969,0.0151946
20,9.58427e-05,0.63959,0.690979,-0.0300092,-0.00286102,0.54098,0.0151995
20,-0,0.63959,0.690979,-0.0300092,-0.00286102,0.540958,0.0151896
20,-0,0.63959,0.690979,-0.0300092,-0.00286102,0.54098,0.0151995
20,-0,0.63959,0.690979,-0.0300092,-0.00286102,0.540958,0.0151896
20,-0,0.63959,0.690979,-0.0300092,-0.00286102,0.540969,0.0151946
20,-0,0.63959,0.690979,-0.0300092,-0.00286102,0.54098,0.0151995
20,-0,0.63959,0.690979,-0.0300092,-0.00286102,0.541002,0.0152094
20,-0,0.63959,0.690979,-0.0300092,-0.00286102,0.540991,0.0152045
20,-0,0.63959,0.690979,-0.0300092,-0.00286102,0.540969,0.0151946
20,-0,0.63959,0.690979,-0.0300092,-0.00286102,0.54098,0.0151995
20,-0,0.63959,0.690979,-0.0300092,-0.00286102,0.54098,0.0151995
20,-0,0.63959,0.690979,-0.0300092,-0.00286102,0.541123,0.0152639
20,-0,0.63959,0.690979,-0.0300092,-0.00286102,0.541101,0.015254
20,-0,0.63959,0.690979,-0.0300092,-0.00286102,0.541123,0.0152639
20,-0,0.63959,0.690979,-0.0300092,-0.00286102,0.541101,0.015254
20,-0,0.63959,0.690979,-0.0300092,-0.00286102,0.541112,0.0152589
20,-0,0.63959,0.690979,-0.0300092,-0.00286102,0.541123,0.0152639
20,-0,0.63959,0.690979,-0.0300092,-0.00286102,0.541112,0.0152589
20,-0,0.63959,0.690979,-0.0300092,-0.00286102,0.541112,0.0152589
20,-0,0.63959,0.690979,-0.0300092,-0.00286102,0.54109,0.015249
20,-0,0.63959,0.690979,-0.0300092,-0.00286102,0.541178,0.0152887
20,-0,0.63959,0.690979,-0.0300092,-0.00286102,0.541189,0.0152936
20,-0,0.63959,0.690979,-0.0300092,-0.00286102,0.541331,0.015358
20,-0,0.63959,0.690979,-0.0300092,-0.00286102,0.541331,0.015353
20,-0,0.63959,0.690979,-0.0300092,-0.00286102,0.541331,0.015358
20,-0,0.63959,0.690979,-0.0300092,-0.00286102,0.541331,0.015353
20,-0,0.63959,0.690979,-0.0300092,-0.00286102,0.541342,0.015363
20,-0,0.63959,0.690979,-0.0300092,-0.00286102,0.54143,0.0154026
20,-0,0.63959,0.690979,-0.0300092,-0.00286102,0.54143,0.0153976
20,-0,0.63959,0.690979,-0.0300092,-0.00286102,0.54143,0.0154026
20,-0,0.63959,0.690979,-0.0300092,-0.00286102,0.541441,0.0154075
20,-0,0.63959,0.690979,-0.0300092,-0.00286102,0.541463,0.0154174
20,-0,0.63959,0.690979,-0.0300092,-0.00286102,0.54143,0.0154026
20,-0,0.63959,0.690979,-0.0300092,-0.00286102,0.541485,0.0154273
20,-0,0.63959,0.690979,-0.0300092,-0.00286102,0.54143,0.0154026
20,-0,0.63959,0.690979,-0.0300092,-0.00286102,0.54143,0.0154026
20,-0,0.63959,0.690979,-0.0300092,-0.00286102,0.54143,0.0154026
20,-0,0.63959,0.690979,-0.0300092,-0.00286102,0.541419,0.0153976
20,-0,0.63959,0.690979,-0.0300092,-0.00286102,0.541419,0.0153976
20,-0,0.63959,0.690979,-0.0300092,-0.00286102,0.541419,0.0153976
20,-0,0.63959,0.690979,-0.0300092,-0.00286102,0.541441,0.0154075
20,-0,0.63959,0.690979,-0.0300092,-0.00286102,0.541419,0.0153976
20,-0,0.63959,0.690979,-0.0300092,-0.00286102,0.541419,0.0153976
20,-0,0.63959,0.690979,-0.0300092,-0.00286102,0.541452,0.0154125
20,-0,0.63959,0.690979,-0.0300092,-0.00286102,0.541408,0.0153927
20,-0,0.63959,0.690979,-0.0300092,-0.00286102,0.541441,0.0154075
20,-0,0.63959,0.690979,-0.0300092,-0.00286102,0.541397,0.0153877
20,-0,0.63959,0.690979,-0.0300092,-0.00286102,0.541408,0.0153927
20,-0,0.63959,0.690979,-0.0300092,-0.00286102,0.541419,0.0153976
20,-0,0.63959,0.690979,-0.0300092,-0.00286102,0.541441,0.0154075
20,-0,0.63959,0.690979,-0.0300092,-0.00286102,0.54143,0.0154026
20,-0,0.63959,0.690979,-0.0300092,-0.00286102,0.541408,0.0153877
20,-0,0.63959,0.690979,-0.0300092,-0.00286102,0.541441,0.0154075
20,-0,0.63959,0.690979,-0.0300092,-0.00286102,0.541441,0.0154075
20,-0,0.63959,0.690979,-0.0300092,-0.00286102,0.54143,0.0154026
20,-0,0.63959,0.690979,-0.0300092,-0.00286102,0.54143,0.0154026
20,-0,0.63959,0.690979,-0.0300092,-0.00286102,0.54154,0.0154521
20,-0,0.63959,0.690979,-0.0300092,-0.00286102,0.541518,0.0154422
20,-0,0.63959,0.690979,-0.0300092,-0.00286102,0.541518,0.0154422
20,-0,0.63959,0.690979,-0.0300092,-0.00286102,0.541529,0.0154471
20,-0,0.63959,0.690979,-0.0300092,-0.00286102,0.54154,0.0154521
20,-0,0.63959,0.690979,-0.0300092,-0.00286102,0.541551,0.015457
20,-0,0.63959,0.690979,-0.0300092,-0.00286102,0.541529,0.0154471
20,-0,0.63959,0.690979,-0.0300092,-0.00286102,0.54154,0.0154471
20,-0,0.63959,0.690979,-0.0300092,-0.00286102,0.541529,0.0154422
20,-0,0.63959,0.690979,-0.0300092,-0.00286102,0.54154,0.0154471
20,-0,0.63959,0.690979,-0.0300092,-0.00286102,0.541518,0.0154372
20,-0,0.63959,0.690979,-0.0300092,-0.00286102,0.541529,0.0154422
20,-0,0.63959,0.690979,-0.0300092,-0.00286102,0.541529,0.0154471
20,-0,0.63959,0.690979,-0.0300092,-0.00286102,0.54154,0.0154521
20,-0,0.63959,0.690979,-0.0300092,-0.00286102,0.541551,0.015457
20,-0,0.63959,0.690979,-0.0300092,-0.00286102,0.541518,0.0154422
20,-0,0.63959,0.690979,-0.0300092,-0.00286102,0.541562,0.015462
20,-0,0.63959,0.690979,-0.0300092,-0.00286102,0.541551,0.015457
20,-0,0.63959,0.690979,-0.0300092,-0.00286102,0.541496,0.0154323
20,-0,0.63959,0.690979,-0.0300092,-0.00286102,0.541529,0.0154471
20,-0,0.63959,0.690979,-0.0300092,-0.00286102,0.541518,0.0154422
20,-0,0.63959,0.690979,-0.0300092,-0.00286102,0.541485,0.0154273
20,-0,0.63959,0.690979,-0.0300092,-0.00286102,0.541507,0.0154372
20,-0,0.63959,0.690979,-0.0300092,-0.00286102,0.541507,0.0154372
20,-0,0.63959,0.690979,-0.0300092,-0.00286102,0.541551,0.015457
20,-0,0.63959,0.690979,-0.0300092,-0.00286102,0.541496,0.0154323
20,-0,0.63959,0.690979,-0.0300092,-0.00286102,0.54154,0.0154521
20,-0,0.63959,0.690979,-0.0300092,-0.00286102,0.541496,0.0154323
20,-0,0.63959,0.690979,-0.0300092,-0.00286102,0.541518,0.0154422
20,-0,0.63959,0.690979,-0.0300092,-0.00286102,0.541595,0.0154769
20,-0,0.63959,0.690979,-0.0300092,-0.00286102,0.541573,0.015467
20,-0,0.63959,0.690979,-0.0300092,-0.00286102,0.541595,0.0154769
20,-0,0.63959,0.690979,-0.0300092,-0.00286102,0.541617,0.0154818
20,-0,0.63959,0.690979,-0.0300092,-0.00286102,0.541595,0.0154769
20,-0,0.63959,0.690979,-0.0300092,-0.00286102,0.541562,0.015457
20,-0,0.63959,0.690979,-0.0300092,-0.00286102,0.541562,0.015462
20,-0,0.63959,0.690979,-0.0300092,-0.00286102,0.541551,0.015457
20,-0,0.63959,0.690979,-0.0300092,-0.00286102,0.541584,0.0154719
20,-0,0.63959,0.690979,-0.0300092,-0.00286102,0.541562,0.015462
20,-0,0.63959,0.690979,-0.0300092,-0.00286102,0.54154,0.0154521
20,-0,0.63959,0.690979,-0.0300092,-0.00286102,0.541562,0.015462
20,-0,0.63959,0.690979,-0.0300092,-0.00286102,0.54154,0.0154521
20,-0,0.63959,0.690979,-0.0300092,-0.00286102,0.541617,0.0154868
20,-0,0.63959,0.690979,-0.0300092,-0.00286102,0.541573,0.015462
20,-0,0.63959,0.690979,-0.0300092,-0.00286102,0.54154,0.0154471
20,-0,0.63959,0.690979,-0.0300092,-0.00286102,0.541584,0.015467
20,-0,0.63959,0.690979,-0.0300092,-0.00286102,0.541562,0.015457
20,-0,0.63959,0.690979,-0.0300092,-0.00286102,0.541595,0.0154719
20,-0,0.63959,0.690979,-0.0300092,-0.00286102,0.541551,0.0154521
20,-0,0.63959,0.690979,-0.0300092,-0.00286102,0.541573,0.015467
20,-0,0.63959,0.690979,-0.0300092,-0.00286102,0.541551,0.015457
20,-0,0.63959,0.690979,-0.0300092,-0.00286102,0.541562,0.015462
20,-0,0.63959,0.690979,-0.0300092,-0.00286102,0.541529,0.0154471
20,-0,0.63959,0.690979,-0.0300092,-0.00286102,0.541562,0.015457
20,-0,0.63959,0.690979,-0.0300092,-0.00286102,0.541551,0.015457
20,-0,0.63959,0.690979,-0.0300092,-0.00286102,0.541595,0.0154769
20,-0,0.63959,0.690979,-0.0300092,-0.00286102,0.541573,0.015462
20,-0,0.63959,0.690979,-0.0300092,-0.00286102,0.541529,0.0154372
20,-0,0.63959,0.690979,-0.0300092,-0.00286102,0.541562,0.0154521
20,-0,0.63959,0.690979,-0.0300092,-0.00286102,0.541562,0.015457
20,-0,0.63959,0.690979,-0.0300092,-0.00286102,0.541529,0.0154422
20,-0,0.63959,0.690979,-0.0300092,-0.00286102,0.541529,0.0154422
20,-0,0.63959,0.690979,-0.0300092,-0.00286102,0.541584,0.015467
20,-0,0.63959,0.690979,-0.0300092,-0.00286102,0.541562,0.015457
20,-0,0.63959,0.690979,-0.0300092,-0.00286102,0.541529,0.0154422
20,-0,0.63959,0.690979,-0.0300092,-0.00286102,0.541529,0.0154471
20,-0,0.63959,0.690979,-0.0300092,-0.00286102,0.541562,0.015457
20,-0,0.63959,0.690979,-0.0300092,-0.00286102,0.541573,0.015467
20,-0,0.63959,0.690979,-0.0300092,-0.00286102,0.541529,0.0154471
20,-0,0.63959,0.690979,-0.0300092,-0.00286102,0.54154,0.0154521
20,-0,0.63959,0.690979,-0.0300092,-0.00286102,0.541551,0.0154521
20,-0,0.63959,0.690979,-0.0300092,-0.00286102,0.541562,0.015457
20,-0,0.63959,0.690979,-0.0300092,-0.00286102,0.541562,0.015462
20,-0,0.63959,0.690979,-0.0300092,-0.00286102,0.54154,0.0154521
20,-0,0.63959,0.690979,-0.0300092,-0.00286102,0.541562,0.015457
20,-0,0.63959,0.690979,-0.0300092,-0.00286102,0.541551,0.015457
20,-0,0.63959,0.690979,-0.0300092,-0.00286102,0.541529,0.0154422
20,-0,0.63959,0.690979,-0.0300092,-0.00286102,0.541529,0.0154471
20,-0,0.63959,0.690979,-0.0300092,-0.00286102,0.541529,0.0154471
20,-0,0.63959,0.690979,-0.0300092,-0.00286102,0.541551,0.0154521
20,-0,0.63959,0.690979,-0.0300092,-0.00286102,0.54154,0.0154521
20,-0,0.63959,0.690979,-0.0300092,-0.00286102,0.541529,0.0154471
20,-0,0.63959,0.690979,-0.0300092,-0.00286102,0.541529,0.0154471
20,-0,0.63959,0.690979,-0.0300092,-0.00286102,0.541551,0.015457
20,-0,0.63959,0.690979,-0.0300092,-0.00286102,0.541551,0.0154521
20,-0,0.63959,0.690979,-0.0300092,-0.00286102,0.541562,0.015462
20,-0,0.63959,0.690979,-0.0300092,-0.00286102,0.541518,0.0154422
20,-0,0.63959,0.690979,-0.0300092,-0.00286102,0.54154,0.0154521
20,-0,0.63959,0.690979,-0.0300092,-0.00286102,0.541529,0.0154422
20,-0,0.63959,0.690979,-0.0300092,-0.00286102,0.541529,0.0154422
20,-0,0.63959,0.690979,-0.0300092,-0.00286102,0.541562,0.015462
20,-0,0.63959,0.690979,-0.0300092,-0.00286102,0.54154,0.0154471
20,-0,0.63959,0.690979,-0.0300092,-0.00286102,0.541529,0.0154471
20,-0,0.63959,0.690979,-0.0300092,-0.00286102,0.541562,0.015462
20,-0,0.63959,0.690979,-0.0300092,-0.00286102,0.54154,0.0154521
20,-0,0.63959,0.690979,-0.0300092,-0.00286102,0.541518,0.0154422
20,-9.58427e-05,0.63959,0.690979,-0.0300092,-0.00286102,0.541573,0.015467
20,-9.58427e-05,0.63959,0.690979,-0.0300092,-0.00286102,0.541562,0.015457
20,-9.58427e-05,0.63959,0.690979,-0.0300092,-0.00286102,0.541584,0.015467
20,-9.58427e-05,0.63959,0.690979,-0.0300092,-0.00286102,0.541551,0.0154521
20,-9.58427e-05,0.63959,0.690979,-0.0300092,-0.00286102,0.541529,0.0154422
20,-9.58427e-05,0.63959,0.690979,-0.0300092,-0.00286102,0.541584,0.015467
20,-9.58427e-05,0.63959,0.690979,-0.0300092,-0.00286102,0.541529,0.0154422
20,-9.58427e-05,0.639686,0.690979,-0.0300092,-0.00286102,0.541529,0.0154471
20,-9.58427e-05,0.639686,0.690979,-0.0300092,-0.00286102,0.541595,0.0154719
20,-9.58427e-05,0.639686,0.690979,-0.0300092,-0.00286102,0.541573,0.015467
20,-9.58427e-05,0.639686,0.690979,-0.0300092,-0.00286102,0.541551,0.0154521
20,-9.58427e-05,0.639686,0.690979,-0.0300092,-0.00286102,0.541562,0.015462
20,-9.58427e-05,0.639686,0.690979,-0.0300092,-0.00286102,0.541518,0.0154422
20,-9.58427e-05,0.639686,0.690979,-0.0300092,-0.00286102,0.541584,0.015467
20,-9.58427e-05,0.639686,0.690979,-0.0300092,-0.00286102,0.541518,0.0154372
20,-9.58427e-05,0.639686,0.690979,-0.0300092,-0.00286102,0.541551,0.015457
20,-9.58427e-05,0.639686,0.690979,-0.0300092,-0.00286102,0.541518,0.0154422
20,-9.58427e-05,0.639686,0.690979,-0.0300092,-0.00286102,0.541518,0.0154422
20,-9.58427e-05,0.639686,0.690979,-0.0300092,-0.00286102,0.541529,0.0154471
20,-9.58427e-05,0.639686,0.690979,-0.0300092,-0.00286102,0.541562,0.015457
20,-9.58427e-05,0.639686,0.690979,-0.0300092,-0.00286102,0.541496,0.0154273
20,-9.58427e-05,0.639686,0.690979,-0.0300092,-0.00286102,0.541529,0.0154471
20,-9.58427e-05,0.639686,0.690979,-0.0300092,-0.00286102,0.541562,0.015462
20,-9.58427e-05,0.639686,0.690979,-0.0300092,-0.00286102,0.541551,0.0154521
20,-9.58427e-05,0.639686,0.690979,-0.0300092,-0.00286102,0.541507,0.0154372
20,-9.58427e-05,0.639686,0.690979,-0.0300092,-0.00286102,0.541496,0.0154323
20,-9.58427e-05,0.639686,0.690979,-0.0300092,-0.00286102,0.541485,0.0154273
20,-9.58427e-05,0.639686,0.690979,-0.0300092,-0.00286102,0.541518,0.0154422
20,-9.58427e-05,0.639686,0.690979,-0.0300092,-0.00286102,0.541529,0.0154422
20,-9.58427e-05,0.639686,0.690979,-0.0300092,-0.00286102,0.541518,0.0154422
20,-9.58427e-05,0.639686,0.690979,-0.0300092,-0.00286102,0.54154,0.0154521
20,-9.58427e-05,0.639686,0.690979,-0.0300092,-0.00286102,0.541562,0.015457
20,-9.58427e-05,0.639686,0.690979,-0.0300092,-0.00286102,0.541518,0.0154422
20,-9.58427e-05,0.639686,0.690979,-0.0300092,-0.00286102,0.54154,0.0154521
20,-9.58427e-05,0.639686,0.690979,-0.0300092,-0.00286102,0.54154,0.0154521
20,-9.58427e-05,0.639686,0.690979,-0.0300092,-0.00286102,0.541507,0.0154372
20,-9.58427e-05,0.63959,0.690979,-0.0300092,-0.00286102,0.541551,0.0154521
20,-9.58427e-05,0.639686,0.690979,-0.0300092,-0.00286102,0.541518,0.0154422
20,-9.58427e-05,0.639686,0.690979,-0.0300092,-0.00286102,0.541551,0.0154422
20,-9.58427e-05,0.639686,0.690979,-0.0300092,-0.00286102,0.541507,0.0154273
20,-9.58427e-05,0.639686,0.690979,-0.0300092,-0.00286102,0.541573,0.015457
20,-9.58427e-05,0.639686,0.690979,-0.0300092,-0.00286102,0.541551,0.0154422
20,-9.58427e-05,0.639686,0.690979,-0.0300092,-0.00286102,0.541518,0.0154323
20,-9.58427e-05,0.639686,0.690979,-0.0300092,-0.00286102,0.541562,0.0154471
20,-9.58427e-05,0.639686,0.690979,-0.0300092,-0.00286102,0.54154,0.0154372
20,-9.58427e-05,0.639686,0.690979,-0.0300092,-0.00286102,0.541496,0.0154174
20,-9.58427e-05,0.639686,0.690979,-0.0300092,-0.00286102,0.54154,0.0154224
20,-9.58427e-05,0.639686,0.690979,-0.0300092,-0.00286102,0.54154,0.0154224
20,-9.58427e-05,0.639686,0.690979,-0.0300092,-0.00286102,0.541529,0.0154224
20,-9.58427e-05,0.639686,0.690979,-0.0300092,-0.00286102,0.541595,0.0154026
20,-9.58427e-05,0.639686,0.690979,-0.0300092,-0.00286102,0.541573,0.0154075
20,-9.58427e-05,0.639686,0.690979,-0.0300092,-0.00286102,0.541584,0.0154224
20,-9.58427e-05,0.639686,0.690979,-0.0300092,-0.00286102,0.541562,0.0154026
20,-9.58427e-05,0.639686,0.690979,-0.0300092,-0.00286102,0.54154,0.0153729
20,-9.58427e-05,0.639686,0.690979,-0.0300092,-0.00286102,0.541551,0.0153877
20,-9.58427e-05,0.639686,0.690979,-0.0300092,-0.00286102,0.541529,0.0154125
20,-9.58427e-05,0.639686,0.690979,-0.0300092,-0.00286102,0.541584,0.0153679
20,-9.58427e-05,0.639686,0.690979,-0.0300092,-0.00286102,0.541551,0.0153877
20,-9.58427e-05,0.639782,0.690979,-0.0300092,-0.00286102,0.541617,0.0153877
20,-9.58427e-05,0.639782,0.690979,-0.0300092,-0.00286102,0.541551,0.0153976
20,-9.58427e-05,0.639782,0.690979,-0.0300092,-0.00286102,0.541518,0.0154125
20,-9.58427e-05,0.639782,0.690979,-0.0300092,-0.00286102,0.541584,0.0154075
20,-9.58427e-05,0.639782,0.690979,-0.0300092,-0.00286102,0.54154,0.0153778
20,-9.58427e-05,0.639782,0.690979,-0.0300092,-0.00286102,0.541595,0.0153976
20,-9.58427e-05,0.639782,0.690979,-0.0300092,-0.00286102,0.54154,0.0153828
20,-9.58427e-05,0.639782,0.690979,-0.0300092,-0.00286102,0.541562,0.0153927
20,-9.58427e-05,0.639782,0.690979,-0.0300092,-0.00286102,0.541551,0.0153778
20,-9.58427e-05,0.639782,0.690979,-0.0300092,-0.00286102,0.541562,0.0153778
20,-9.58427e-05,0.639782,0.690979,-0.0300092,-0.00286102,0.541573,0.0153828
20,-9.58427e-05,0.639782,0.690979,-0.0300092,-0.00286102,0.541639,0.0153729
20,-9.58427e-05,0.639782,0.690979,-0.0300092,-0.00286102,0.541595,0.015353
20,-9.58427e-05,0.639782,0.690979,-0.0300092,-0.00286102,0.541562,0.015358
20,-9.58427e-05,0.639782,0.690979,-0.0300092,-0.00286102,0.541562,0.015363
20,-9.58427e-05,0.639782,0.690979,-0.0300092,-0.00286102,0.541628,0.0153828
20,-9.58427e-05,0.639782,0.690979,-0.0300092,-0.00286102,0.54154,0.0153828
20,-9.58427e-05,0.639782,0.690979,-0.0300092,-0.00286102,0.541529,0.0153778
20,-9.58427e-05,0.639782,0.690979,-0.0300092,-0.00286102,0.541595,0.0153828
20,-9.58427e-05,0.639782,0.690979,-0.0300092,-0.00286102,0.541595,0.0153976
20,-9.58427e-05,0.639782,0.690979,-0.0300092,-0.00286102,0.541617,0.015358
20,-9.58427e-05,0.639782,0.690979,-0.0300092,-0.00286102,0.541595,0.0153877
20,-9.58427e-05,0.639782,0.690979,-0.0300092,-0.00286102,0.54154,0.0153778
20,-9.58427e-05,0.639782,0.690979,-0.0300092,-0.00286102,0.541595,0.0153927
20,-9.58427e-05,0.639782,0.690979,-0.0300092,-0.00286102,0.541628,0.0153927
20,-9.58427e-05,0.639782,0.690979,-0.0300092,-0.00286102,0.541584,0.0153778
20,-9.58427e-05,0.639686,0.690979,-0.0300092,-0.00247955,0.541606,0.0153481
20,-9.58427e-05,0.639686,0.690979,-0.0302969,-0.00286102,0.541595,0.0154075
20,-9.58427e-05,0.640453,0.690979,-0.0302969,-0.00286102,0.541562,0.015353
20,-9.58427e-05,0.640453,0.690979,-0.0302969,-0.00286102,0.541562,0.0153679
20,-9.58427e-05,0.640453,0.690979,-0.0302969,-0.00286102,0.541551,0.0153382
20,-9.58427e-05,0.640453,0.690979,-0.0302969,-0.00286102,0.541606,0.0153729
20,-9.58427e-05,0.640453,0.690979,-0.0302969,-0.00286102,0.541529,0.015358
20,-9.58427e-05,0.640357,0.690979,-0.0302969,-0.00286102,0.541551,0.015358
20,-9.58427e-05,0.640357,0.690979,-0.0302969,-0.00286102,0.541562,0.015358
20,-9.58427e-05,0.640357,0.690979,-0.0302969,-0.00286102,0.541595,0.015363
20,-9.58427e-05,0.640357,0.690979,-0.0302969,-0.00286102,0.541584,0.0153481
20,-9.58427e-05,0.640357,0.690979,-0.0302969,-0.00286102,0.541595,0.0153778
20,-9.58427e-05,0.640357,0.690979,-0.0302969,-0.00286102,0.541606,0.015363
20,-9.58427e-05,0.640357,0.690979,-0.0302969,-0.00286102,0.541584,0.0153679
20,-9.58427e-05,0.640357,0.690979,-0.0302969,-0.00286102,0.541529,0.0153877
20,-9.58427e-05,0.640357,0.690979,-0.0302969,-0.00286102,0.541595,0.0153778
20,-9.58427e-05,0.640357,0.690979,-0.0302969,-0.00286102,0.541584,0.015363
20,-9.58427e-05,0.640261,0.690979,-0.0302969,-0.00286102,0.54154,0.0153431
20,-9.58427e-05,0.640261,0.690979,-0.0302969,-0.00286102,0.541551,0.015363
20,-9.58427e-05,0.640261,0.690979,-0.0302969,-0.00286102,0.54154,0.0153828
20,-9.58427e-05,0.640261,0.690979,-0.0302969,-0.00286102,0.54154,0.015358
20,-9.58427e-05,0.640261,0.690979,-0.0302969,-0.00286102,0.541562,0.015363
20,-9.58427e-05,0.640261,0.690979,-0.0302969,-0.00286102,0.541562,0.015358
20,-9.58427e-05,0.640165,0.690979,-0.0302969,-0.00286102,0.541606,0.0153778
20,-9.58427e-05,0.640165,0.690979,-0.0302969,-0.00286102,0.541562,0.015353
20,-9.58427e-05,0.640165,0.690979,-0.0302969,-0.00286102,0.54154,0.0153778
20,-9.58427e-05,0.640069,0.690979,-0.0302969,-0.00286102,0.541584,0.0153382
20,-9.58427e-05,0.640069,0.690979,-0.0302969,-0.00286102,0.541573,0.015363
20,-9.58427e-05,0.640069,0.690979,-0.0302969,-0.00286102,0.54154,0.015353
20,-9.58427e-05,0.640069,0.690979,-0.0302969,-0.00286102,0.541584,0.0153332
20,-9.58427e-05,0.640069,0.690979,-0.0302969,-0.00286102,0.541551,0.015353
20,-9.58427e-05,0.639973,0.690979,-0.0302969,-0.00286102,0.541595,0.015353
20,-9.58427e-05,0.639877,0.690979,-0.0302969,-0.00286102,0.541518,0.015363
20,-9.58427e-05,0.639877,0.690979,-0.0302969,-0.00286102,0.541551,0.0153729
20,-9.58427e-05,0.639782,0.690979,-0.0302969,-0.00286102,0.541595,0.0153778
20,-9.58427e-05,0.639782,0.690979,-0.0302969,-0.00286102,0.541529,0.0153679
20,-9.58427e-05,0.639782,0.690979,-0.0302969,-0.00286102,0.54154,0.015353
20,-9.58427e-05,0.639782,0.690979,-0.0302969,-0.00286102,0.541573,0.0153481
20,-9.58427e-05,0.639782,0.690979,-0.0302969,-0.00286102,0.541518,0.0153729
20,-9.58427e-05,0.639782,0.690979,-0.0302969,-0.00286102,0.54154,0.015353
20,-9.58427e-05,0.639686,0.690979,-0.0302969,-0.00286102,0.54154,0.0153481
20,-9.58427e-05,0.639686,0.690979,-0.0302969,-0.00286102,0.541573,0.015363
20,-9.58427e-05,0.639494,0.690979,-0.0302969,-0.00286102,0.541529,0.0153431
20,-9.58427e-05,0.639494,0.690979,-0.0302969,-0.00286102,0.541562,0.0153729
20,-9.58427e-05,0.639494,0.690979,-0.0302969,-0.00286102,0.541595,0.0153778
20,-9.58427e-05,0.639494,0.690979,-0.0302969,-0.00286102,0.541595,0.0153382
20,-9.58427e-05,0.639494,0.690979,-0.0302969,-0.00286102,0.54154,0.0153481
20,-9.58427e-05,0.639494,0.690979,-0.0302969,-0.00286102,0.541595,0.015353
20,-9.58427e-05,0.639494,0.690979,-0.0302969,-0.00286102,0.541584,0.0153729
20,-9.58427e-05,0.639494,0.690979,-0.0302969,-0.00286102,0.541573,0.0153481
20,-9.58427e-05,0.639494,0.690979,-0.0302969,-0.00286102,0.541584,0.0153481
20,-9.58427e-05,0.639494,0.690979,-0.0302969,-0.00286102,0.541562,0.0153679
20,-9.58427e-05,0.639494,0.690979,-0.0302969,-0.00286102,0.541573,0.0153778
20,-9.58427e-05,0.639494,0.690979,-0.0302969,-0.00286102,0.541518,0.0153332
20,-9.58427e-05,0.639494,0.690979,-0.0302969,-0.00286102,0.541496,0.015353
20,-9.58427e-05,0.639494,0.690979,-0.0302969,-0.00286102,0.541529,0.0153332
20,-9.58427e-05,0.639494,0.690979,-0.0302969,-0.00286102,0.541595,0.0153332
20,-9.58427e-05,0.639494,0.690979,-0.0302969,-0.00286102,0.541529,0.0153233
20,-9.58427e-05,0.639494,0.690979,-0.0302969,-0.00286102,0.541529,0.015353
20,-9.58427e-05,0.639494,0.690979,-0.0302969,-0.00286102,0.54154,0.0153679
20,-9.58427e-05,0.639494,0.690979,-0.0302969,-0.00286102,0.541551,0.015358
20,-9.58427e-05,0.639494,0.690979,-0.0302969,-0.00286102,0.54154,0.015353
20,-9.58427e-05,0.639494,0.690979,-0.0302969,-0.00286102,0.541562,0.0153481
20,-9.58427e-05,0.639494,0.690979,-0.0302969,-0.00286102,0.541518,0.0153382
20,-9.58427e-05,0.639494,0.690979,-0.0302969,-0.00286102,0.541595,0.0153332
20,-9.58427e-05,0.639494,0.690979,-0.0302969,-0.00286102,0.541518,0.0153729
20,-9.58427e-05,0.639494,0.690979,-0.0302969,-0.00286102,0.541529,0.0153332
20,-9.58427e-05,0.639494,0.690979,-0.0302969,-0.00286102,0.541562,0.015353
20,-9.58427e-05,0.639494,0.690979,-0.0302969,-0.00286102,0.541551,0.0153332
20,-9.58427e-05,0.639494,0.690979,-0.0302969,-0.00286102,0.541551,0.0153332
20,-9.58427e-05,0.639494,0.690979,-0.0302969,-0.00286102,0.541507,0.0153382
20,-9.58427e-05,0.639494,0.690979,-0.0302969,-0.00286102,0.541562,0.0153283
20,-9.58427e-05,0.639494,0.690979,-0.0302969,-0.00286102,0.541529,0.015353
20,-9.58427e-05,0.639494,0.690979,-0.0302969,-0.00286102,0.54154,0.0153283
20,-9.58427e-05,0.639494,0.690979,-0.0302969,-0.00286102,0.541529,0.0153431
20,-9.58427e-05,0.639494,0.690979,-0.0302969,-0.00286102,0.541485,0.0153283
20,-9.58427e-05,0.639494,0.690979,-0.0302969,-0.00286102,0.541507,0.0153283
20,-9.58427e-05,0.639494,0.690979,-0.0302969,-0.00286102,0.541562,0.015358
20,-9.58427e-05,0.639494,0.690979,-0.0302969,-0.00286102,0.54154,0.0153184
20,-9.58427e-05,0.639494,0.690979,-0.0302969,-0.00286102,0.541518,0.015353
20,-9.58427e-05,0.639494,0.690979,-0.0302969,-0.00286102,0.541551,0.0153382
20,-9.58427e-05,0.639494,0.690979,-0.0302969,-0.00286102,0.541518,0.0153382
20,-9.58427e-05,0.639494,0.690979,-0.0302969,-0.00286102,0.541584,0.0153233
20,-9.58427e-05,0.639494,0.690979,-0.0302969,-0.00286102,0.541551,0.0153431
20,-9.58427e-05,0.639494,0.690979,-0.0302969,-0.00286102,0.541551,0.0153481
20,-9.58427e-05,0.639494,0.690979,-0.0302969,-0.00286102,0.541584,0.0153283
20,-9.58427e-05,0.639494,0.690979,-0.0302969,-0.00286102,0.54154,0.0153233
20,-9.58427e-05,0.639494,0.690979,-0.0302969,-0.00286102,0.541529,0.0153233
20,-9.58427e-05,0.639494,0.690979,-0.0302969,-0.00286102,0.54154,0.0153481
20,-9.58427e-05,0.639494,0.690979,-0.0302969,-0.00286102,0.541507,0.0153382
20,-9.58427e-05,0.639494,0.690979,-0.0302969,-0.00286102,0.541518,0.0153481
20,-9.58427e-05,0.639494,0.690979,-0.0302969,-0.00286102,0.541551,0.0153233
20,-9.58427e-05,0.639494,0.690979,-0.0302969,-0.00286102,0.541584,0.0153283
20,-9.58427e-05,0.639494,0.690979,-0.0302969,-0.00286102,0.541518,0.0153233
20,-9.58427e-05,0.639494,0.690979,-0.0302969,-0.00286102,0.541529,0.0153283
20,-9.58427e-05,0.639494,0.690979,-0.0302969,-0.00286102,0.541496,0.0153382
20,-9.58427e-05,0.639494,0.690979,-0.0302969,-0.00286102,0.541496,0.0153283
20,-9.58427e-05,0.639494,0.690979,-0.0302969,-0.00286102,0.541529,0.0153332
20,-9.58427e-05,0.639494,0.690979,-0.0302969,-0.00286102,0.541551,0.0152986
20,-9.58427e-05,0.639494,0.690979,-0.0302969,-0.00286102,0.541529,0.0152986
20,-9.58427e-05,0.639494,0.690979,-0.0302969,-0.00286102,0.541485,0.0153085
20,-9.58427e-05,0.639494,0.690979,-0.0302969,-0.00286102,0.541562,0.0153184
20,-9.58427e-05,0.639494,0.690979,-0.0302969,-0.00286102,0.541529,0.0153085
20,-9.58427e-05,0.639494,0.690979,-0.0302969,-0.00286102,0.541551,0.0153382
20,-9.58427e-05,0.639494,0.690979,-0.0302969,-0.00286102,0.541496,0.0153134
20,-9.58427e-05,0.639494,0.690979,-0.0302969,-0.00286102,0.541529,0.0153233
20,-9.58427e-05,0.639494,0.690979,-0.0302969,-0.00286102,0.541485,0.0153233
20,-9.58427e-05,0.639494,0.690979,-0.0302969,-0.00286102,0.54154,0.0153085
20,-9.58427e-05,0.639494,0.690979,-0.0302969,-0.00286102,0.541507,0.0153134
20,-9.58427e-05,0.639494,0.690979,-0.0302969,-0.00286102,0.541496,0.0153035
20,-9.58427e-05,0.639494,0.690979,-0.0302969,-0.00286102,0.541496,0.0153134
20,-9.58427e-05,0.639494,0.690979,-0.0302969,-0.00286102,0.541507,0.0153134
20,-9.58427e-05,0.639494,0.690979,-0.0302969,-0.00286102,0.541529,0.0153283
20,-9.58427e-05,0.639494,0.690979,-0.0302969,-0.00286102,0.541518,0.0153035
20,-9.58427e-05,0.639494,0.690979,-0.0302969,-0.00286102,0.541518,0.0152986
20,-9.58427e-05,0.639494,0.690979,-0.0302969,-0.00286102,0.54154,0.0153134
20,-9.58427e-05,0.639494,0.690979,-0.0302969,-0.00286102,0.541518,0.0153134
20,-9.58427e-05,0.639494,0.690979,-0.0302969,-0.00286102,0.541507,0.0152986
20,-9.58427e-05,0.639494,0.690979,-0.0302969,-0.00286102,0.541529,0.0153233
20,-9.58427e-05,0.639494,0.690979,-0.0302969,-0.00286102,0.54154,0.0152986
20,-9.58427e-05,0.639494,0.690979,-0.0302969,-0.00286102,0.541529,0.0152887
20,-9.58427e-05,0.639494,0.690979,-0.0302969,-0.00286102,0.541518,0.0152986
20,-9.58427e-05,0.639494,0.690979,-0.0302969,-0.00286102,0.541452,0.0153184
20,-9.58427e-05,0.639494,0.690979,-0.0302969,-0.00286102,0.541496,0.0152936
20,-9.58427e-05,0.639494,0.690979,-0.0302969,-0.00286102,0.541518,0.0152986
20,-9.58427e-05,0.639494,0.690979,-0.0302969,-0.00286102,0.54154,0.0153085
20,-9.58427e-05,0.639494,0.690979,-0.0302969,-0.00286102,0.541529,0.0152936
20,-9.58427e-05,0.639494,0.690979,-0.0302969,-0.00286102,0.541474,0.0153283
20,-9.58427e-05,0.639494,0.690979,-0.0302969,-0.00286102,0.541507,0.0152986
20,-9.58427e-05,0.639494,0.690979,-0.0302969,-0.00286102,0.541507,0.0153184
20,-9.58427e-05,0.639494,0.690979,-0.0302969,-0.00286102,0.541562,0.0153035
20,-9.58427e-05,0.639494,0.690979,-0.0302969,-0.00286102,0.541562,0.0153085
20,-9.58427e-05,0.639494,0.690979,-0.0302969,-0.00286102,0.541496,0.0153085
20,-9.58427e-05,0.639494,0.690979,-0.0302969,-0.00286102,0.541573,0.0153085
20,-9.58427e-05,0.639494,0.690979,-0.0302969,-0.00286102,0.541507,0.0153134
20,-9.58427e-05,0.639494,0.690979,-0.0302969,-0.00286102,0.541496,0.0152936
20,-9.58427e-05,0.639494,0.690979,-0.0302969,-0.00286102,0.541529,0.0152986
20,-9.58427e-05,0.639494,0.690979,-0.0302969,-0.00286102,0.541474,0.0152738
20,-9.58427e-05,0.639494,0.690979,-0.0302969,-0.00286102,0.541507,0.0152986
20,-9.58427e-05,0.639494,0.690979,-0.0302969,-0.00286102,0.541441,0.0153085
20,-9.58427e-05,0.639494,0.690979,-0.0302969,-0.00286102,0.541496,0.0152986
20,-9.58427e-05,0.639494,0.690979,-0.0302969,-0.00286102,0.541485,0.0152689
20,-9.58427e-05,0.639494,0.690979,-0.0302969,-0.00286102,0.541496,0.0152689
20,-9.58427e-05,0.639494,0.690979,-0.0302969,-0.00286102,0.541419,0.0153332
20,-9.58427e-05,0.639494,0.690979,-0.0302969,-0.00286102,0.541507,0.0152689
20,-9.58427e-05,0.639494,0.690979,-0.0302969,-0.00286102,0.541474,0.0152887
20,-9.58427e-05,0.639494,0.690979,-0.0302969,-0.00286102,0.541474,0.0152738
20,-9.58427e-05,0.639494,0.690979,-0.0302969,-0.00286102,0.541452,0.0152738
20,-9.58427e-05,0.639494,0.690979,-0.0302969,-0.00286102,0.541386,0.0153184
20,-9.58427e-05,0.639494,0.690979,-0.0302969,-0.00286102,0.541419,0.0152837
20,-9.58427e-05,0.639494,0.690979,-0.0302969,-0.00286102,0.541452,0.0152788
20,-9.58427e-05,0.639494,0.690979,-0.0302969,-0.00286102,0.541419,0.0152788
20,-9.58427e-05,0.639494,0.690979,-0.0302969,-0.00286102,0.54132,0.0153035
20,-9.58427e-05,0.639494,0.690979,-0.0302969,-0.00286102,0.541331,0.0152837
20,-9.58427e-05,0.639494,0.690979,-0.0302969,-0.00286102,0.541309,0.0152788
20,-9.58427e-05,0.639494,0.690979,-0.0302969,-0.00286102,0.541364,0.0152342
20,-9.58427e-05,0.639494,0.690979,-0.0302969,-0.00286102,0.541386,0.0152391
20,-9.58427e-05,0.639494,0.690979,-0.0302969,-0.00286102,0.541375,0.0152391
20,-9.58427e-05,0.639494,0.690979,-0.0302969,-0.00286102,0.541331,0.015249
20,-9.58427e-05,0.639494,0.690979,-0.0302969,-0.00286102,0.54053,0.0149321
20,-9.58427e-05,0.639494,0.690979,-0.0302969,-0.00286102,0.540508,0.0149222
20,-9.58427e-05,0.639494,0.690979,-0.0302969,-0.00286102,0.540574,0.0149618
20,-9.58427e-05,0.639494,0.690979,-0.0302969,-0.00286102,0.540563,0.0149469
20,-9.58427e-05,0.639494,0.690979,-0.0302969,-0.00286102,0.540563,0.0149519
20,-9.58427e-05,0.639494,0.690979,-0.0302969,-0.00286102,0.540497,0.0149222
20,-9.58427e-05,0.639494,0.690979,-0.0302969,-0.00286102,0.540563,0.0149469
20,-9.58427e-05,0.639494,0.690979,-0.0302969,-0.00286102,0.540585,0.014937
20,-9.58427e-05,0.639494,0.690979,-0.0302969,-0.00286102,0.540552,0.0149519
20,-9.58427e-05,0.639494,0.690979,-0.0302969,-0.00286102,0.540541,0.0149271
20,-9.58427e-05,0.639494,0.690979,-0.0302969,-0.00286102,0.540541,0.0149321
20,-9.58427e-05,0.639494,0.690979,-0.0302969,-0.00286102,0.540552,0.014937
20,-9.58427e-05,0.639494,0.690979,-0.0302969,-0.00286102,0.540541,0.0149321
20,-9.58427e-05,0.639494,0.690979,-0.0302969,-0.00286102,0.540552,0.0149469
20,-9.58427e-05,0.639494,0.690979,-0.0302969,-0.00286102,0.540541,0.0149469
20,-9.58427e-05,0.639494,0.690979,-0.0302969,-0.00286102,0.540508,0.0149222
20,-9.58427e-05,0.639494,0.690979,-0.0302969,-0.00286102,0.540541,0.0149469
20,-9.58427e-05,0.639494,0.690979,-0.0302969,-0.00286102,0.540541,0.014942
20,-9.58427e-05,0.639494,0.690979,-0.0302969,-0.00286102,0.540486,0.0149024
20,-9.58427e-05,0.639494,0.690979,-0.0302969,-0.00286102,0.54053,0.014942
20,-9.58427e-05,0.639494,0.690979,-0.0302969,-0.00286102,0.540563,0.0149519
20,-9.58427e-05,0.639494,0.690979,-0.0302969,-0.00286102,0.540486,0.0149172
20,-9.58427e-05,0.639494,0.690979,-0.0302969,-0.00286102,0.54053,0.0149271
20,-9.58427e-05,0.639494,0.690979,-0.0302969,-0.00286102,0.540475,0.0149222
20,-9.58427e-05,0.639494,0.690979,-0.0302969,-0.00286102,0.540541,0.0149469
20,-9.58427e-05,0.639494,0.690979,-0.0302969,-0.00286102,0.540475,0.0149172
20,-9.58427e-05,0.639494,0.690979,-0.0302969,-0.00286102,0.540508,0.0149321
20,-9.58427e-05,0.639494,0.690979,-0.0302969,-0.00286102,0.54053,0.014937
20,-9.58427e-05,0.639494,0.690979,-0.0302969,-0.00286102,0.540486,0.0149123
20,-9.58427e-05,0.639494,0.690979,-0.0302969,-0.00286102,0.540574,0.0149469
20,-9.58427e-05,0.639494,0.690979,-0.0302969,-0.00286102,0.540497,0.0149222
20,-9.58427e-05,0.639494,0.690979,-0.0302969,-0.00286102,0.54053,0.014937
20,-9.58427e-05,0.639494,0.690979,-0.0302969,-0.00286102,0.540519,0.014937
20,-9.58427e-05,0.639494,0.690979,-0.0302969,-0.00286102,0.540508,0.014937
20,-9.58427e-05,0.639494,0.690979,-0.0302969,-0.00286102,0.540552,0.014937
20,-9.58427e-05,0.639494,0.690979,-0.0302969,-0.00286102,0.540541,0.014942
20,-9.58427e-05,0.639494,0.690979,-0.0302969,-0.00286102,0.540486,0.0149222
20,-9.58427e-05,0.639494,0.690979,-0.0302969,-0.00286102,0.540552,0.0149519
20,-9.58427e-05,0.639494,0.690979,-0.0302969,-0.00286102,0.540475,0.0149222
20,-9.58427e-05,0.639494,0.690979,-0.0302969,-0.00286102,0.540508,0.0149271
20,-9.58427e-05,0.639494,0.690979,-0.0302969,-0.00286102,0.54053,0.014942
20,-9.58427e-05,0.639494,0.690979,-0.0302969,-0.00286102,0.54053,0.014942
20,-9.58427e-05,0.639494,0.690979,-0.0302969,-0.00286102,0.540541,0.014942
20,-9.58427e-05,0.63959,0.690979,-0.0302969,-0.00286102,0.54053,0.014942
20,-9.58427e-05,0.63959,0.690979,-0.0302969,-0.00286102,0.540508,0.0149271
20,-9.58427e-05,0.63959,0.690979,-0.0302969,-0.00286102,0.540574,0.0149519
20,-9.58427e-05,0.63959,0.690979,-0.0302969,-0.00286102,0.540552,0.0149469
20,-9.58427e-05,0.63959,0.690979,-0.0302969,-0.00286102,0.540519,0.0149321
20,-9.58427e-05,0.63959,0.690979,-0.0302969,-0.00286102,0.540497,0.0149222
20,-9.58427e-05,0.63959,0.690979,-0.0302969,-0.00286102,0.54053,0.0149469
20,-9.58427e-05,0.63959,0.690979,-0.0302969,-0.00286102,0.540497,0.0149172
20,-9.58427e-05,0.63959,0.690979,-0.0302969,-0.00286102,0.540519,0.0149222
20,-9.58427e-05,0.63959,0.690979,-0.0302969,-0.00286102,0.540519,0.0149321
20,-9.58427e-05,0.63959,0.690979,-0.0302969,-0.00286102,0.540497,0.0149222
20,-9.58427e-05,0.63959,0.690979,-0.0302969,-0.00286102,0.540508,0.0149321
20,-9.58427e-05,0.63959,0.690979,-0.0302969,-0.00286102,0.540497,0.0149271
20,-9.58427e-05,0.63959,0.690979,-0.0302969,-0.00286102,0.540541,0.0149469
20,-9.58427e-05,0.63959,0.690979,-0.0302969,-0.00286102,0.540475,0.0149172
20,-9.58427e-05,0.63959,0.690979,-0.0302969,-0.00286102,0.54053,0.014942
20,-9.58427e-05,0.63959,0.690979,-0.0302969,-0.00286102,0.540508,0.0149321
20,-9.58427e-05,0.63959,0.690979,-0.0302969,-0.00286102,0.540563,0.0149519
20,-9.58427e-05,0.63959,0.690979,-0.0302969,-0.00286102,0.540475,0.0149222
20,-9.58427e-05,0.63959,0.690979,-0.0302969,-0.00286102,0.540519,0.014942
20,-9.58427e-05,0.63959,0.690979,-0.0302969,-0.00286102,0.540497,0.0149172
20,-9.58427e-05,0.63959,0.690979,-0.0302969,-0.00286102,0.540508,0.0149271
20,-9.58427e-05,0.63959,0.690979,-0.0302969,-0.00286102,0.540486,0.0149222
20,-9.58427e-05,0.63959,0.690979,-0.0302969,-0.00286102,0.54053,0.014937
20,-9.58427e-05,0.63959,0.690979,-0.0302969,-0.00286102,0.540519,0.014937
20,-9.58427e-05,0.63959,0.690979,-0.0302969,-0.00286102,0.54053,0.014937
20,-9.58427e-05,0.63959,0.690979,-0.0302969,-0.00286102,0.540508,0.0149271
20,-9.58427e-05,0.63959,0.690979,-0.0302969,-0.00286102,0.540541,0.014942
20,-9.58427e-05,0.63959,0.690979,-0.0302969,-0.00286102,0.540574,0.0149618
20,-9.58427e-05,0.63959,0.690979,-0.0302969,-0.00286102,0.540497,0.0149271
20,-9.58427e-05,0.63959,0.690979,-0.0302969,-0.00286102,0.540508,0.0149271
20,-9.58427e-05,0.63959,0.690979,-0.0302969,-0.00286102,0.540585,0.0149667
20,-9.58427e-05,0.63959,0.690979,-0.0302969,-0.00286102,0.540497,0.0149222
20,-9.58427e-05,0.63959,0.690979,-0.0302969,-0.00286102,0.540552,0.0149469
20,-9.58427e-05,0.63959,0.690979,-0.0302969,-0.00286102,0.540497,0.0149271
20,-9.58427e-05,0.63959,0.690979,-0.0302969,-0.00286102,0.54053,0.014937
20,-9.58427e-05,0.63959,0.690979,-0.0302969,-0.00286102,0.54053,0.014942
20,-9.58427e-05,0.63959,0.690979,-0.0302969,-0.00286102,0.540563,0.0149519
20,-9.58427e-05,0.63959,0.690979,-0.0302969,-0.00286102,0.540519,0.0149222
20,-9.58427e-05,0.63959,0.690979,-0.0302969,-0.00286102,0.540519,0.014937
20,-9.58427e-05,0.63959,0.690979,-0.0302969,-0.00286102,0.54053,0.0149321
20,-9.58427e-05,0.63959,0.690979,-0.0302969,-0.00286102,0.540508,0.0149222
20,-9.58427e-05,0.63911,0.690979,-0.0299134,-0.00324249,0.0154864,-0.0270313
20,-9.58427e-05,0.639015,0.690979,-0.0298175,-0.00324249,-0.184179,-0.117129
20,-9.58427e-05,0.639015,0.690979,-0.0298175,-0.00324249,0.0929511,0.00790929
20,-9.58427e-05,0.639015,0.690979,-0.0298175,-0.00324249,0.0954535,0.00903849
20,-9.58427e-05,0.639015,0.690979,-0.0298175,-0.00324249,0.0954974,0.0090583
20,-9.58427e-05,0.639015,0.690979,-0.0298175,-0.00324249,0.0954535,0.00903849
20,-9.58427e-05,0.639015,0.690979,-0.0298175,-0.00324249,0.0955303,0.00907316
20,-9.58427e-05,0.639015,0.690979,-0.0298175,-0.00324249,0.0955084,0.00906325
20,-9.58427e-05,0.639015,0.690979,-0.0298175,-0.00324249,0.0954755,0.00904839
20,-9.58427e-05,0.639015,0.690979,-0.0298175,-0.00324249,0.0955742,0.00909297
20,-9.58427e-05,0.639015,0.690979,-0.0298175,-0.00324249,0.0955303,0.00907316
20,-9.58427e-05,0.639015,0.690979,-0.0298175,-0.00324249,0.0955523,0.00908306
20,-9.58427e-05,0.639015,0.690979,-0.0298175,-0.00324249,0.0955962,0.00910287
20,-9.58427e-05,0.639015,0.690979,-0.0298175,-0.00324249,0.0970889,0.00977642
20,-9.58427e-05,0.639015,0.690979,-0.0298175,-0.00324249,0.0970779,0.00977147
20,-9.58427e-05,0.438921,0.555123,-0.0297216,-0.00324249,0.098384,0.0103608
20,-9.58427e-05,0.12579,0.239786,-0.0298175,-0.00324249,0.0984718,0.0104004
20,0.00517551,0.00373917,0.0652917,-0.0300092,-0.00324249,0.0990535,0.0106629
20,0.00517551,0.00364329,0.0652917,-0.0300092,-0.00324249,0.0990974,0.0106827
20,0.00517551,0.00364329,0.0652917,-0.0300092,-0.00324249,0.0990425,0.010658
20,0.00517551,0.00354742,0.0652917,-0.0300092,-0.00324249,0.0990644,0.0106679
20,0.00517551,0.00354742,0.0652917,-0.0300092,-0.00324249,0.0990864,0.0106778
20,0.00507966,0.00345154,0.0652917,-0.0300092,-0.00324249,0.0991961,0.0107323
20,0.00507966,0.00335566,0.0652917,-0.0300092,-0.00324249,0.0991961,0.0107323
20,0.00507966,0.00325979,0.0652917,-0.0300092,-0.00324249,0.0991961,0.0107323
20,0.00507966,0.00316391,0.0652917,-0.0300092,-0.00324249,0.0991961,0.0107323
20,0.00507966,0.00316391,0.0652917,-0.0300092,-0.00324249,0.0991961,0.0107323
0,0,0,0,0,0,0,0
0,0,0,0,0,0,0,0
0,0,0,0,0,0,0,0
0,0,0,0,0,0,0,0
0,0,0,0,0,0,0,0
0,0,0,0,0,0,0,0
0,0,0,0,0,0,0,0
0,0,0,0,0,0,0,0
0,0,0,0,0,0,0,0
0,0,0,0,0,0,0,0
0,0,0,0,0,0,0,0
0,0,0,0,0,0,0,0
0,0,0,0,0,0,0,0
0,0,0,0,0,0,0,0
0,0,0,0,0,0,0,0
0,0,0,0,0,0,0,0
0,0,0,0,0,0,0,0
0,0,0,0,0,0,0,0
0,0,0,0,0,0,0,0
0,0,0,0,0,0,0,0
0,0,0,0,0,0,0,0
0,0,0,0,0,0,0,0
0,0,0,0,0,0,0,0
0,0,0,0,0,0,0,0
0,0,0,0,0,0,0,0
0,0,0,0,0,0,0,0
0,0,0,0,0,0,0,0
0,0,0,0,0,0,0,0
0,0,0,0,0,0,0,0
0,0,0,0,0,0,0,0
0,0,0,0,0,0,0,0
0,0,0,0,0,0,0,0
0,0,0,0,0,0,0,0
0,0,0,0,0,0,0,0
0,0,0,0,0,0,0,0
0,0,0,0,0,0,0,0
0,0,0,0,0,0,0,0
0,0,0,0,0,0,0,0
0,0,0,0,0,0,0,0
0,0,0,0,0,0,0,0
0,0,0,0,0,0,0,0
0,0,0,0,0,0,0,0
0,0,0,0,0,0,0,0
0,0,0,0,0,0,0,0
0,0,0,0,0,0,0,0
0,0,0,0,0,0,0,0
0,0,0,0,0,0,0,0
0,0,0,0,0,0,0,0
0,0,0,0,0,0,0,0
0,0,0,0,0,0,0,0
0,0,0,0,0,0,0,0
0,0,0,0,0,0,0,0
0,0,0,0,0,0,0,0
0,0,0,0,0,0,0,0
0,0,0,0,0,0,0,0
0,0,0,0,0,0,0,0
0,0,0,0,0,0,0,0
0,0,0,0,0,0,0,0
0,0,0,0,0,0,0,0
0,0,0,0,0,0,0,0
0,0,0,0,0,0,0,0
0,0,0,0,0,0,0,0
0,0,0,0,0,0,0,0
0,0,0,0,0,0,0,0
0,0,0,0,0,0,0,0
0,0,0,0,0,0,0,0
0,0,0,0,0,0,0,0
0,0,0,0,0,0,0,0
0,0,0,0,0,0,0,0
0,0,0,0,0,0,0,0
0,0,0,0,0,0,0,0
0,0,0,0,0,0,0,0
0,0,0,0,0,0,0,0
0,0,0,0,0,0,0,0
0,0,0,0,0,0,0,0
0,0,0,0,0,0,0,0
0,0,0,0,0,0,0,0
0,0,0,0,0,0,0,0
0,0,0,0,0,0,0,0
0,0,0,0,0,0,0,0
0,0,0,0,0,0,0,0
0,0,0,0,0,0,0,0
0,0,0,0,0,0,0,0
0,0,0,0,0,0,0,0
0,0,0,0,0,0,0,0
0,0,0,0,0,0,0,0
0,0,0,0,0,0,0,0
0,0,0,0,0,0,0,0
0,0,0,0,0,0,0,0
0,0,0,0,0,0,0,0
0,0,0,0,0,0,0,0
0,0,0,0,0,0,0,0
0,0,0,0,0,0,0,0
0,0,0,0,0,0,0,0
0,0,0,0,0,0,0,0
0,0,0,0,0,0,0,0
0,0,0,0,0,0,0,0
0,0,0,0,0,0,0,0
0,0,0,0,0,0,0,0
0,0,0,0,0,0,0,0
0,0,0,0,0,0,0,0
0,0,0,0,0,0,0,0
0,0,0,0,0,0,0,0
0,0,0,0,0,0,0,0
0,0,0,0,0,0,0,0
0,0,0,0,0,0,0,0
0,0,0,0,0,0,0,0
0,0,0,0,0,0,0,0
0,0,0,0,0,0,0,0
0,0,0,0,0,0,0,0
0,0,0,0,0,0,0,0
0,0,0,0,0,0,0,0
0,0,0,0,0,0,0,0
0,0,0,0,0,0,0,0
0,0,0,0,0,0,0,0
0,0,0,0,0,0,0,0
0,0,0,0,0,0,0,0
0,0,0,0,0,0,0,0
0,0,0,0,0,0,0,0
0,0,0,0,0,0,0,0
0,0,0,0,0,0,0,0
0,0,0,0,0,0,0,0
0,0,0,0,0,0,0,0
0,0,0,0,0,0,0,0
0,0,0,0,0,0,0,0
0,0,0,0,0,0,0,0
0,0,0,0,0,0,0,0
0,0,0,0,0,0,0,0
0,0,0,0,0,0,0,0
0,0,0,0,0,0,0,0
0,0,0,0,0,0,0,0
0,0,0,0,0,0,0,0
0,0,0,0,0,0,0,0
0,0,0,0,0,0,0,0
0,0,0,0,0,0,0,0
0,0,0,0,0,0,0,0
0,0,0,0,0,0,0,0
0,0,0,0,0,0,0,0
0,0,0,0,0,0,0,0
0,0,0,0,0,0,0,0
0,0,0,0,0,0,0,0
0,0,0,0,0,0,0,0
0,0,0,0,0,0,0,0
0,0,0,0,0,0,0,0
0,0,0,0,0,0,0,0
0,0,0,0,0,0,0,0
0,0,0,0,0,0,0,0
0,0,0,0,0,0,0,0
0,0,0,0,0,0,0,0
0,0,0,0,0,0,0,0
0,0,0,0,0,0,0,0
0,0,0,0,0,0,0,0
0,0,0,0,0,0,0,0
0,0,0,0,0,0,0,0
0,0,0,0,0,0,0,0
0,0,0,0,0,0,0,0
0,0,0,0,0,0,0,0
0,0,0,0,0,0,0,0
0,0,0,0,0,0,0,0
0,0,0,0,0,0,0,0
0,0,0,0,0,0,0,0
0,0,0,0,0,0,0,0
0,0,0,0,0,0,0,0
0,0,0,0,0,0,0,0
0,0,0,0,0,0,0,0
0,0,0,0,0,0,0,0
0,0,0,0,0,0,0,0
0,0,0,0,0,0,0,0
0,0,0,0,0,0,0,0
0,0,0,0,0,0,0,0
0,0,0,0,0,0,0,0
0,0,0,0,0,0,0,0
0,0,0,0,0,0,0,0
0,0,0,0,0,0,0,0
0,0,0,0,0,0,0,0
0,0,0,0,0,0,0,0
0,0,0,0,0,0,0,0
0,0,0,0,0,0,0,0
0,0,0,0,0,0,0,0
0,0,0,0,0,0,0,0
0,0,0,0,0,0,0,0
0,0,0,0,0,0,0,0
0,0,0,0,0,0,0,0
0,0,0,0,0,0,0,0
0,0,0,0,0,0,0,0
0,0,0,0,0,0,0,0
0,0,0,0,0,0,0,0
0,0,0,0,0,0,0,0
0,0,0,0,0,0,0,0
0,0,0,0,0,0,0,0
0,0,0,0,0,0,0,0
0,0,0,0,0,0,0,0
0,0,0,0,0,0,0,0
0,0,0,0,0,0,0,0
0,0,0,0,0,0,0,0
0,0,0,0,0,0,0,0
0,0,0,0,0,0,0,0
0,0,0,0,0,0,0,0
0,0,0,0,0,0,0,0
0,0,0,0,0,0,0,0
0,0,0,0,0,0,0,0
0,0,0,0,0,0,0,0
0,0,0,0,0,0,0,0
0,0,0,0,0,0,0,0
0,0,0,0,0,0,0,0
0,0,0,0,0,0,0,0
0,0,0,0,0,0,0,0
0,0,0,0,0,0,0,0
0,0,0,0,0,0,0,0
0,0,0,0,0,0,0,0
0,0,0,0,0,0,0,0
0,0,0,0,0,0,0,0
0,0,0,0,0,0,0,0
0,0,0,0,0,0,0,0
0,0,0,0,0,0,0,0
0,0,0,0,0,0,0,0
0,0,0,0,0,0,0,0
0,0,0,0,0,0,0,0
0,0,0,0,0,0,0,0
0,0,0,0,0,0,0,0
0,0,0,0,0,0,0,0
0,0,0,0,0,0,0,0
0,0,0,0,0,0,0,0
0,0,0,0,0,0,0,0
0,0,0,0,0,0,0,0
0,0,0,0,0,0,0,0
0,0,0,0,0,0,0,0
0,0,0,0,0,0,0,0
0,0,0,0,0,0,0,0
0,0,0,0,0,0,0,0
0,0,0,0,0,0,0,0
0,0,0,0,0,0,0,0
0,0,0,0,0,0,0,0
0,0,0,0,0,0,0,0
0,0,0,0,0,0,0,0
0,0,0,0,0,0,0,0
0,0,0,0,0,0,0,0
0,0,0,0,0,0,0,0
0,0,0,0,0,0,0,0
0,0,0,0,0,0,0,0
0,0,0,0,0,0,0,0
0,0,0,0,0,0,0,0
0,0,0,0,0,0,0,0
0,0,0,0,0,0,0,0
0,0,0,0,0,0,0,0
0,0,0,0,0,0,0,0
0,0,0,0,0,0,0,0
0,0,0,0,0,0,0,0
0,0,0,0,0,0,0,0
0,0,0,0,0,0,0,0
0,0,0,0,0,0,0,0
0,0,0,0,0,0,0,0
0,0,0,0,0,0,0,0
0,0,0,0,0,0,0,0
0,0,0,0,0,0,0,0
0,0,0,0,0,0,0,0
0,0,0,0,0,0,0,0
0,0,0,0,0,0,0,0
0,0,0,0,0,0,0,0
0,0,0,0,0,0,0,0
0,0,0,0,0,0,0,0
0,0,0,0,0,0,0,0
0,0,0,0,0,0,0,0
0,0,0,0,0,0,0,0
0,0,0,0,0,0,0,0
0,0,0,0,0,0,0,0
0,0,0,0,0,0,0,0
0,0,0,0,0,0,0,0
0,0,0,0,0,0,0,0
0,0,0,0,0,0,0,0
0,0,0,0,0,0,0,0
0,0,0,0,0,0,0,0
0,0,0,0,0,0,0,0
0,0,0,0,0,0,0,0
0,0,0,0,0,0,0,0
0,0,0,0,0,0,0,0
0,0,0,0,0,0,0,0
0,0,0,0,0,0,0,0
0,0,0,0,0,0,0,0
0,0,0,0,0,0,0,0
0,0,0,0,0,0,0,0
0,0,0,0,0,0,0,0
0,0,0,0,0,0,0,0
0,0,0,0,0,0,0,0
0,0,0,0,0,0,0,0
0,0,0,0,0,0,0,0
0,0,0,0,0,0,0,0
0,0,0,0,0,0,0,0
0,0,0,0,0,0,0,0
0,0,0,0,0,0,0,0
0,0,0,0,0,0,0,0
0,0,0,0,0,0,0,0
0,0,0,0,0,0,0,0
0,0,0,0,0,0,0,0
0,0,0,0,0,0,0,0
0,0,0,0,0,0,0,0
0,0,0,0,0,0,0,0
0,0,0,0,0,0,0,0
0,0,0,0,0,0,0,0
0,0,0,0,0,0,0,0
0,0,0,0,0,0,0,0
0,0,0,0,0,0,0,0
0,0,0,0,0,0,0,0
0,0,0,0,0,0,0,0
0,0,0,0,0,0,0,0
0,0,0,0,0,0,0,0
0,0,0,0,0,0,0,0
0,0,0,0,0,0,0,0
0,0,0,0,0,0,0,0
0,0,0,0,0,0,0,0
0,0,0,0,0,0,0,0
0,0,0,0,0,0,0,0
0,0,0,0,0,0,0,0
0,0,0,0,0,0,0,0
0,0,0,0,0,0,0,0
0,0,0,0,0,0,0,0
0,0,0,0,0,0,0,0
0,0,0,0,0,0,0,0
0,0,0,0,0,0,0,0
0,0,0,0,0,0,0,0
0,0,0,0,0,0,0,0
0,0,0,0,0,0,0,0
0,0,0,0,0,0,0,0
0,0,0,0,0,0,0,0
0,0,0,0,0,0,0,0
0,0,0,0,0,0,0,0
0,0,0,0,0,0,0,0
0,0,0,0,0,0,0,0
0,0,0,0,0,0,0,0
0,0,0,0,0,0,0,0
0,0,0,0,0,0,0,0
0,0,0,0,0,0,0,0
0,0,0,0,0,0,0,0
0,0,0,0,0,0,0,0
0,0,0,0,0,0,0,0
0,0,0,0,0,0,0,0
0,0,0,0,0,0,0,0
0,0,0,0,0,0,0,0
0,0,0,0,0,0,0,0
0,0,0,0,0,0,0,0
0,0,0,0,0,0,0,0
0,0,0,0,0,0,0,0
0,0,0,0,0,0,0,0
0,0,0,0,0,0,0,0
0,0,0,0,0,0,0,0
0,0,0,0,0,0,0,0
0,0,0,0,0,0,0,0
0,0,0,0,0,0,0,0
0,0,0,0,0,0,0,0
0,0,0,0,0,0,0,0
0,0,0,0,0,0,0,0
0,0,0,0,0,0,0,0
0,0,0,0,0,0,0,0
0,0,0,0,0,0,0,0
0,0,0,0,0,0,0,0
0,0,0,0,0,0,0,0
0,0,0,0,0,0,0,0
0,0,0,0,0,0,0,0
0,0,0,0,0,0,0,0
0,0,0,0,0,0,0,0
0,-9.58427e-05,0.0682638,0.307571,-0.0246402,-0.00247955,-0.00254631,-0.000312014
0,0.000958427,0.054937,0.311597,-0.0281876,-0.00209808,-0.00796818,-5.94311e-05
0,0.000862584,0.0986566,0.325404,-0.0284752,-0.00324249,-0.00464262,0.00089642
0,0.000862584,0.0989442,0.325404,-0.0284752,-0.00324249,-0.00465359,0.000886515
0,0.000862584,0.0989442,0.325404,-0.0284752,-0.00324249,-0.00462067,0.000901372
0,0.000862584,0.0989442,0.325404,-0.0284752,-0.00324249,-0.00468652,0.000876609
0,0.000862584,0.0990401,0.325404,-0.0284752,-0.00324249,-0.00464262,0.000886515
0,0.000862584,0.0990401,0.325404,-0.0284752,-0.00324249,-0.00465359,0.000891467
0,0.000862584,0.0990401,0.3255,-0.0284752,-0.00324249,-0.00388531,0.0012332
0,0.000862584,0.0990401,0.3255,-0.0284752,-0.00324249,-0.00386336,0.00123815
0,0.000862584,0.0995194,0.328568,-0.0284752,-0.00324249,-0.00386336,0.0012332
0,0.000862584,0.0995194,0.328568,-0.0284752,-0.00324249,-0.00385238,0.00123815
0,0.000862584,0.0995194,0.328568,-0.0284752,-0.00324249,-0.00383043,0.0012431
0,0.000862584,0.0995194,0.328568,-0.0284752,-0.00324249,-0.00388531,0.00121834
0,0.000862584,0.0995194,0.328568,-0.0284752,-0.00324249,-0.00386336,0.00121834
0,0.000862584,0.0995194,0.328568,-0.0284752,-0.00324249,-0.00381946,0.0012332
0,0.000766741,0.0995194,0.328568,-0.0284752,-0.00324249,-0.00385238,0.00121834
0,0.000766741,0.0995194,0.328568,-0.0284752,-0.00324249,-0.00381946,0.00122824
0,0.000766741,0.0995194,0.328568,-0.0284752,-0.00324249,-0.00383043,0.00121834
0,0.000766741,0.0995194,0.328568,-0.0284752,-0.00324249,-0.00383043,0.00121339
0,0.000766741,0.0995194,0.328568,-0.0284752,-0.00324249,-0.00383043,0.00120843
0,0.000766741,0.0995194,0.328568,-0.0284752,-0.00324249,-0.00378653,0.00121339
0,0.000766741,0.0995194,0.32943,-0.0284752,-0.00324249,-0.00377556,0.00120843
0,0.000766741,0.100958,0.339881,-0.0283793,-0.00324249,-0.00349019,0.00107471
0,0.000766741,0.100862,0.339881,-0.0283793,-0.00324249,-0.00350117,0.00106976
0,0.000766741,0.100862,0.339881,-0.0283793,-0.00324249,-0.00349019,0.00107471
0,0.000766741,0.100862,0.339881,-0.0283793,-0.00324249,-0.00349019,0.00107471
0,0.000766741,0.100862,0.339881,-0.0283793,-0.00324249,-0.00347922,0.00107967
0,0.000766741,0.100862,0.339881,-0.0283793,-0.00324249,-0.00349019,0.00107471
0,0.000766741,0.100862,0.339881,-0.0283793,-0.00324249,-0.00347922,0.00107967
0,0.000766741,0.100862,0.339881,-0.0283793,-0.00324249,-0.00346824,0.00108462
0,0.000766741,0.100862,0.339881,-0.0283793,-0.00324249,-0.00346824,0.00108462
0,0.000670899,0.100862,0.339881,-0.0283793,-0.00324249,-0.00345727,0.00108957
0,0.000670899,0.100862,0.339881,-0.0283793,-0.00324249,-0.00349019,0.00107471
0,0.000670899,0.100862,0.339881,-0.0283793,-0.00324249,-0.00345727,0.00107471
0,0.000670899,0.100862,0.339881,-0.0283793,-0.00324249,-0.00341337,0.00109452
0,-0.00230022,0.100958,0.339977,-0.0283793,-0.00324249,-0.00347922,0.00105986
0,-0.00230022,0.100958,0.339977,-0.0283793,-0.00324249,-0.00344629,0.00106481
0,-0.00230022,0.100958,0.339977,-0.0283793,-0.00324249,-0.00342434,0.00107471
0,-0.00230022,0.100958,0.339977,-0.0283793,-0.00324249,-0.00340239,0.00106976
0,-0.00230022,0.100958,0.339977,-0.0283793,-0.00324249,-0.00339141,0.00107471
0,-0.00230022,0.100958,0.339977,-0.0283793,-0.00324249,-0.00336946,0.00106481
0,-0.00230022,0.100958,0.339977,-0.0283793,-0.00324249,-0.00338044,0.00105986
0,-0.00230022,0.100958,0.339977,-0.0283793,-0.00324249,-0.00332556,0.00106976
0,-0.00230022,0.100958,0.339977,-0.0283793,-0.00324249,-0.00338044,0.001045
0,-0.00230022,0.100958,0.339977,-0.0283793,-0.00324249,-0.00338044,0.00103509
0,-0.00230022,0.100958,0.339977,-0.0283793,-0.00324249,-0.00335849,0.00103509
0,-0.00230022,0.100958,0.339977,-0.0283793,-0.00324249,-0.00336946,0.00103014
0,-0.00230022,0.100958,0.339977,-0.0283793,-0.00324249,-0.00334751,0.00102519
0,-0.00230022,0.100958,0.339977,-0.0283793,-0.00324249,-0.00336946,0.00101528
0,-0.00230022,0.100958,0.339977,-0.0283793,-0.00324249,-0.00329264,0.00104004
0,-0.00230022,0.100958,0.339977,-0.0283793,-0.00324249,-0.00330361,0.00101033
0,-0.00230022,0.100958,0.339977,-0.0283793,-0.00324249,-0.00328166,0.00100538
0,-0.00230022,0.100958,0.339977,-0.0283793,-0.00324249,-0.00322678,0.00100042
0,-0.00230022,0.100958,0.339977,-0.0283793,-0.00324249,-0.00313898,0.00100538
0,-0.00230022,0.100958,0.339977,-0.0283793,-0.00324249,0.000109755,-0.000490307
0,-0.00230022,0.100958,0.339977,-0.0283793,-0.00324249,2.19509e-05,-0.000524975
0,-0.00230022,0.100958,0.339977,-0.0283793,-0.00324249,3.29264e-05,-0.000520022
0,-0.00230022,0.100958,0.339977,-0.0283793,-0.00324249,7.68282e-05,-0.000500212
0,-0.00230022,0.100958,0.339977,-0.0283793,-0.00324249,4.39018e-05,-0.00051507
0,-0.00220438,0.100958,0.339977,-0.0283793,-0.00324249,3.29264e-05,-0.000520022
0,-0.00220438,0.100958,0.339977,-0.0283793,-0.00324249,9.87791e-05,-0.000490307
0,-0.00220438,0.100958,0.339977,-0.0283793,-0.00324249,7.68282e-05,-0.000500212
0,-0.00220438,0.100958,0.339977,-0.0283793,-0.00324249,7.68282e-05,-0.000500212
0,-0.00220438,0.100958,0.339977,-0.0283793,-0.00324249,6.58527e-05,-0.000505165
0,-0.00220438,0.100958,0.339977,-0.0283793,-0.00324249,0.000131705,-0.000480402
0,-0.00220438,0.100958,0.339977,-0.0283793,-0.00324249,9.87791e-05,-0.000485354
0,-0.00220438,0.100958,0.339977,-0.0283793,-0.00324249,0.000164632,-0.000455639
0,-0.00220438,0.100958,0.339977,-0.0283793,-0.00324249,8.78036e-05,-0.000490307
0,-0.00220438,0.100958,0.339977,-0.0283793,-0.00324249,0.000153656,-0.000460591
0,-0.00220438,0.100958,0.339977,-0.0283793,-0.00324249,0.000208534,-0.000440781
0,-0.00220438,0.100958,0.339977,-0.0283793,-0.00324249,0.000219509,-0.000440781
0,-0.00220438,0.100958,0.339977,-0.0283793,-0.00324249,0.00012073,-0.000475449
0,-0.00220438,0.100958,0.339977,-0.0283793,-0.00324249,0.000197558,-0.000445734
0,-0.00220438,0.100958,0.339977,-0.0283793,-0.00324249,0.000142681,-0.000460591
0,-0.00220438,0.100958,0.339977,-0.0283793,-0.00324249,0.00012073,-0.000475449
0,-0.00220438,0.100958,0.339977,-0.0283793,-0.00324249,0.000175607,-0.000450686
0,-0.00220438,0.100958,0.339977,-0.0283793,-0.00324249,0.000197558,-0.000450686
0,-0.00220438,0.100958,0.339977,-0.0283793,-0.00324249,0.000208534,-0.000430876
0,-0.00220438,0.100958,0.339977,-0.0283793,-0.00324249,9.87791e-05,-0.000485354
0,-0.00220438,0.100958,0.339977,-0.0283793,-0.00324249,0.000142681,-0.000465544
0,-0.00220438,0.100958,0.339977,-0.0283793,-0.00324249,0.000197558,-0.000445734
0,-0.00220438,0.100958,0.339977,-0.0283793,-0.00324249,0.000109755,-0.000485354
0,-0.00210854,0.100958,0.339977,-0.0283793,-0.00324249,0.000197558,-0.000445734
0,-0.00210854,0.100958,0.339977,-0.0283793,-0.00324249,0.000219509,-0.000440781
0,-0.00210854,0.100958,0.339977,-0.0283793,-0.00324249,0.000197558,-0.000440781
0,-0.00210854,0.100958,0.339977,-0.0283793,-0.00324249,0.000164632,-0.000455639
0,-0.00210854,0.100958,0.339977,-0.0283793,-0.00324249,9.87791e-05,-0.000480402
0,-0.00210854,0.100958,0.339977,-0.0283793,-0.00324249,0.000164632,-0.000455639
0,-0.00210854,0.100958,0.339977,-0.0283793,-0.00324249,9.87791e-05,-0.000485354
0,-0.00210854,0.100958,0.339977,-0.0283793,-0.00324249,0.000164632,-0.000460591
0,-0.00210854,0.100958,0.339977,-0.0283793,-0.00324249,0.000208534,-0.000440781
0,-0.00210854,0.100958,0.339977,-0.0283793,-0.00324249,0.000208534,-0.000440781
0,-0.00210854,0.100958,0.339977,-0.0283793,-0.00324249,0.000131705,-0.000480402
0,-0.00210854,0.100958,0.339977,-0.0283793,-0.00324249,0.000219509,-0.000440781
0,-0.00210854,0.100958,0.339977,-0.0283793,-0.00324249,0.000208534,-0.000440781
0,-0.00210854,0.100958,0.339977,-0.0283793,-0.00324249,0.000186583,-0.000450686
0,-0.00210854,0.100958,0.339977,-0.0283793,-0.00324249,0.000164632,-0.000455639
0,-0.00210854,0.100958,0.339977,-0.0283793,-0.00324249,0.000208534,-0.000435828
0,-0.0020127,0.100958,0.339977,-0.0283793,-0.00324249,0.000175607,-0.000450686
0,-0.0020127,0.100958,0.339977,-0.0283793,-0.00324249,0.000197558,-0.000445734
0,-0.0020127,0.100958,0.339977,-0.0283793,-0.00324249,0.000175607,-0.000445734
0,-0.0020127,0.100958,0.339977,-0.0283793,-0.00324249,0.000197558,-0.000450686
0,-0.0020127,0.100958,0.339977,-0.0283793,-0.00324249,0.000131705,-0.000470497
0,-0.0020127,0.100958,0.339977,-0.0283793,-0.00324249,0.000274386,-0.000406113
0,-0.0020127,0.100958,0.339977,-0.0283793,-0.00324249,0.000274386,-0.000406113
0,-0.0020127,0.100958,0.339977,-0.0283793,-0.00324249,0.000274386,-0.000406113
0,-0.0020127,0.100958,0.339977,-0.0283793,-0.00324249,0.000296337,-0.000396208
0,-0.00191685,0.100958,0.339977,-0.0283793,-0.00324249,0.000285362,-0.000411065
0,-0.00153348,0.100958,0.339977,-0.0283793,-0.00324249,0.000274386,-0.000416018
0,0.00210854,0.101053,0.339977,-0.0283793,-0.00324249,0.000219509,-0.000425923
0,0.00210854,0.101053,0.339977,-0.0283793,-0.00324249,0.000186583,-0.000455639
0,0.00210854,0.101053,0.339977,-0.0283793,-0.00324249,0.000274386,-0.000406113
0,0.00210854,0.101053,0.339977,-0.0283793,-0.00324249,0.000285362,-0.000406113
0,0.00210854,0.101053,0.339977,-0.0283793,-0.00324249,0.00024146,-0.000416018
0,0.00210854,0.101053,0.339977,-0.0283793,-0.00324249,0.000318288,-0.000391255
0,0.00210854,0.101053,0.339977,-0.0283793,-0.00324249,0.000285362,-0.000411065
0,0.00210854,0.101053,0.339977,-0.0283793,-0.00324249,0.000285362,-0.000406113
0,0.00210854,0.101053,0.339977,-0.0283793,-0.00324249,0.000285362,-0.000406113
0,0.00210854,0.101053,0.339977,-0.0283793,-0.00324249,0.000186583,-0.000450686
0,0.00210854,0.101053,0.339977,-0.0283793,-0.00324249,0.000208534,-0.000440781
0,0.00210854,0.101053,0.339977,-0.0283793,-0.00324249,0.000307313,-0.000391255
0,0.00210854,0.101053,0.339977,-0.0283793,-0.00324249,0.000307313,-0.000396208
0,0.00210854,0.101053,0.339977,-0.0283793,-0.00324249,0.000252435,-0.000425923
0,0.00210854,0.101053,0.339977,-0.0283793,-0.00324249,0.000186583,-0.000455639
0,0.00210854,0.101053,0.339977,-0.0283793,-0.00324249,0.00024146,-0.000425923
0,0.00210854,0.101053,0.339977,-0.0283793,-0.00324249,0.000274386,-0.000406113
0,0.00210854,0.101149,0.339977,-0.0283793,-0.00324249,0.000230484,-0.000425923
0,0.00210854,0.101149,0.339977,-0.0283793,-0.00324249,0.000230484,-0.000425923
0,0.00210854,0.101149,0.339977,-0.0283793,-0.00324249,0.000252435,-0.000411065
0,0.00210854,0.101149,0.339977,-0.0283793,-0.00324249,0.00024146,-0.000425923
0,0.00210854,0.101149,0.339977,-0.0283793,-0.00324249,0.000274386,-0.000411065
0,0.00210854,0.101149,0.339977,-0.0283793,-0.00324249,0.000296337,-0.000396208
0,0.00210854,0.101149,0.339977,-0.0283793,-0.00324249,0.000351214,-0.000416018
0,0.00210854,0.101149,0.339977,-0.0283793,-0.00324249,0.00036219,-0.000411065
0,0.00210854,0.101149,0.339977,-0.0283793,-0.00324249,0.000395116,-0.000396208
0,0.0020127,0.101149,0.339977,-0.0283793,-0.00324249,0.00036219,-0.000411065
0,0.0020127,0.101149,0.339977,-0.0283793,-0.00324249,0.000395116,-0.000391255
0,0.0020127,0.101149,0.339977,-0.0283793,-0.00324249,0.000417067,-0.000386302
0,0.0020127,0.101149,0.339977,-0.0283793,-0.00324249,0.000340239,-0.000420971
0,0.0020127,0.101149,0.339977,-0.0283793,-0.00324249,0.000329264,-0.000425923
0,0.0020127,0.101149,0.339977,-0.0283793,-0.00324249,0.000329264,-0.000425923
0,0.0020127,0.101149,0.339977,-0.0283793,-0.00324249,0.000318288,-0.000430876
0,0.0020127,0.101149,0.339977,-0.0283793,-0.00324249,0.000307313,-0.000435828
0,0.0020127,0.101149,0.339977,-0.0283793,-0.00324249,0.000263411,-0.000445734
0,0.0020127,0.101149,0.339977,-0.0283793,-0.00324249,0.000285362,-0.000445734
0,0.0020127,0.101149,0.339977,-0.0283793,-0.00324249,0.000274386,-0.000450686
0,0.0020127,0.101149,0.339977,-0.0283793,-0.00324249,0.000318288,-0.000425923
0,0.0020127,0.101149,0.339977,-0.0283793,-0.00324249,0.000274386,-0.000450686
0,0.0020127,0.101149,0.339977,-0.0283793,-0.00324249,0.000296337,-0.000435828
0,0.0020127,0.101149,0.339977,-0.0283793,-0.00324249,0.000285362,-0.000445734
0,0.0020127,0.101149,0.339977,-0.0283793,-0.00324249,0.000263411,-0.000455639
0,0.0020127,0.101245,0.339977,-0.0283793,-0.00324249,0.000230484,-0.000470497
0,0.0020127,0.101245,0.339977,-0.0283793,-0.00324249,0.000285362,-0.000445734
0,0.0020127,0.101245,0.339977,-0.0283793,-0.00324249,0.000307313,-0.000440781
0,0.0020127,0.101245,0.339977,-0.0283793,-0.00324249,0.000219509,-0.000470497
0,0.0020127,0.101245,0.339977,-0.0283793,-0.00324249,0.000285362,-0.000445734
0,0.0020127,0.101245,0.339977,-0.0283793,-0.00324249,0.000318288,-0.000430876
0,0.0020127,0.101245,0.339977,-0.0283793,-0.00324249,0.000307313,-0.000440781
0,0.0020127,0.101245,0.339977,-0.0283793,-0.00324249,0.000296337,-0.000440781
0,0.0020127,0.101341,0.339977,-0.0283793,-0.00324249,0.000329264,-0.000425923
0,0.0020127,0.101341,0.339977,-0.0283793,-0.00324249,0.000263411,-0.000455639
0,0.0020127,0.101341,0.339977,-0.0283793,-0.00324249,0.000263411,-0.000450686
0,0.0020127,0.101341,0.339977,-0.0283793,-0.00324249,0.000307313,-0.000430876
0,0.00191685,0.101341,0.339977,-0.0283793,-0.00324249,0.000296337,-0.000435828
0,0.00191685,0.101341,0.339977,-0.0283793,-0.00324249,0.000329264,-0.000420971
0,0.00191685,0.101341,0.339977,-0.0283793,-0.00324249,0.000351214,-0.000411065
0,0.00191685,0.101341,0.339977,-0.0283793,-0.00324249,0.000329264,-0.000420971
0,0.00191685,0.101341,0.339977,-0.0283793,-0.00324249,0.000384141,-0.000396208
0,0.00191685,0.101341,0.339977,-0.0283793,-0.00324249,0.000318288,-0.000425923
0,0.00191685,0.101341,0.339977,-0.0283793,-0.00324249,0.000373165,-0.00040116
0,0.00191685,0.101341,0.339977,-0.0283793,-0.00324249,0.000384141,-0.000396208
0,0.00191685,0.101341,0.339977,-0.0283793,-0.00324249,0.00410482,0.00128767
0,0.00191685,0.101533,0.339977,-0.0283793,-0.00324249,0.00395116,0.00120843
0,0.00191685,0.101533,0.339977,-0.0283793,-0.00324249,0.00391824,0.00119853
0,0.00191685,0.101533,0.339977,-0.0283793,-0.00324249,0.00398409,0.00122329
0,0.00191685,0.101533,0.339977,-0.0283793,-0.00324249,0.00392921,0.00119853
0,0.00191685,0.101533,0.339977,-0.0283793,-0.00324249,0.00390726,0.00118862
0,0.00191685,0.101533,0.339977,-0.0283793,-0.00324249,0.00394019,0.00120348
0,0.00191685,0.101629,0.339977,-0.0283793,-0.00324249,0.00400604,0.0012332
0,0.00191685,0.101629,0.339977,-0.0283793,-0.00324249,0.00396214,0.00121339
0,0.00191685,0.101725,0.339977,-0.0283793,-0.00324249,0.00396214,0.00120843
0,0.00191685,0.101725,0.339977,-0.0283793,-0.00324249,0.00389629,0.00119358
0,0.00191685,0.101725,0.339977,-0.0283793,-0.00324249,0.00394019,0.00120348
0,0.00182101,0.101725,0.339977,-0.0283793,-0.00324249,0.00389629,0.00118367
0,0.00182101,0.101725,0.339977,-0.0283793,-0.00324249,0.00396214,0.00121339
0,0.00182101,0.101725,0.339977,-0.0283793,-0.00324249,0.00386336,0.00116881
0,0.00182101,0.101725,0.339977,-0.0283793,-0.00324249,0.00387433,0.00117377
0,0.00182101,0.101725,0.339977,-0.0283793,-0.00324249,0.00386336,0.00116881
0,0.00182101,0.101725,0.339977,-0.0283793,-0.00324249,0.00381946,0.001149
0,0.00182101,0.101725,0.339977,-0.0283793,-0.00324249,0.00386336,0.00117377
0,0.00182101,0.101725,0.339977,-0.0283793,-0.00324249,0.00384141,0.00116386
0,0.00182101,0.101725,0.339977,-0.0283793,-0.00324249,0.00385238,0.00117377
0,0.00182101,0.101725,0.339977,-0.0283793,-0.00324249,0.00389629,0.00118862
0,0.00172517,0.101725,0.339977,-0.0283793,-0.00324249,0.00390726,0.00118862
0,0.00172517,0.101725,0.339977,-0.0283793,-0.00324249,0.00390726,0.00118862
0,-0.0013418,0.10182,0.339977,-0.0283793,-0.00324249,0.00378653,0.00112919
0,-0.0013418,0.101916,0.339977,-0.0283793,-0.00324249,0.00380848,0.00114405
0,-0.0013418,0.101916,0.339977,-0.0283793,-0.00324249,0.00383043,0.00116386
0,-0.0013418,0.101916,0.339977,-0.0283793,-0.00324249,0.00379751,0.0011391
0,-0.0013418,0.101916,0.339977,-0.0283793,-0.00324249,0.00384141,0.00116881
0,-0.0013418,0.101916,0.339977,-0.0283793,-0.00324249,0.00381946,0.00115891
0,-0.0013418,0.101916,0.339977,-0.0283793,-0.00324249,0.0037536,0.00111929
0,-0.0013418,0.101916,0.339977,-0.0283793,-0.00324249,0.00252435,0.000569548
0,-0.0013418,0.101916,0.339977,-0.0283793,-0.00324249,0.00254631,0.000579454
0,-0.0013418,0.101916,0.339977,-0.0283793,-0.00324249,0.00254631,0.000584406
0,-0.0013418,0.101916,0.339977,-0.0283793,-0.00324249,0.00255728,0.000574501
0,-0.0013418,0.101916,0.339977,-0.0283793,-0.00324249,0.00256826,0.000584406
0,-0.0013418,0.101916,0.339977,-0.0283793,-0.00324249,0.00254631,0.000579454
0,-0.0013418,0.101916,0.339977,-0.0283793,-0.00324249,0.00255728,0.000579454
0,-0.0013418,0.101916,0.339977,-0.0283793,-0.00324249,0.00255728,0.000579454
0,-0.0013418,0.101916,0.339977,-0.0283793,-0.00324249,0.00259021,0.000604217
0,-0.0013418,0.101916,0.339977,-0.0283793,-0.00324249,0.00255728,0.000584406
0,-0.0013418,0.101916,0.339977,-0.0283793,-0.00324249,0.00263411,0.000624027
0,-0.0013418,0.101916,0.339977,-0.0283793,-0.00324249,0.00263411,0.000619074
0,-0.0013418,0.101916,0.339977,-0.0283793,-0.00324249,0.00256826,0.000589359
0,-0.0013418,0.101916,0.339977,-0.0283793,-0.00324249,0.00264508,0.000619074
0,-0.0013418,0.101916,0.339977,-0.0283793,-0.00324249,0.00265606,0.000633932
0,-0.0013418,0.101916,0.339977,-0.0283793,-0.00324249,0.00267801,0.000638885
0,-0.00124595,0.101916,0.339977,-0.0283793,-0.00324249,0.00266703,0.000633932
0,-0.00124595,0.101916,0.339977,-0.0283793,-0.00324249,0.00257923,0.000594311
0,-0.00124595,0.101916,0.339977,-0.0283793,-0.00324249,0.00260118,0.000604217
0,-0.00124595,0.101916,0.339977,-0.0283793,-0.00324249,0.00249143,0.000554691
0,-0.00124595,0.101916,0.339977,-0.0283793,-0.00324249,0.00244753,0.00053488
0,-0.00124595,0.101916,0.339977,-0.0283793,-0.00324249,0.00234875,0.00049526
0,-0.00124595,0.102012,0.339977,-0.0283793,-0.00324249,-0.00163534,-0.00130749
0,-0.00124595,0.102012,0.339977,-0.0283793,-0.00324249,-0.00163534,-0.00130253
0,-0.00124595,0.102012,0.339977,-0.0283793,-0.00324249,-0.00162437,-0.00129758
0,-0.00124595,0.102012,0.339977,-0.0283793,-0.00324249,-0.000647552,-0.000866704
0,-0.00124595,0.102108,0.339977,-0.0283793,-0.00324249,-0.000735355,-0.000901372
0,-0.00124595,0.102108,0.339977,-0.0283793,-0.00324249,-0.00072438,-0.000891467
0,-0.00124595,0.102108,0.339977,-0.0283793,-0.00324249,-0.000779257,-0.000921183
0,-0.00124595,0.102108,0.339977,-0.0283793,-0.00324249,-0.000757306,-0.000906325
0,-0.00124595,0.102108,0.339977,-0.0283793,-0.00324249,-0.000790233,-0.000926135
0,-0.00124595,0.102108,0.339977,-0.0283793,-0.00324249,-0.000834134,-0.000936041
0,-0.00124595,0.102108,0.339977,-0.0283793,-0.00324249,-0.000746331,-0.000911278
0,-0.00124595,0.102108,0.339977,-0.0283793,-0.00324249,-0.000768282,-0.000921183
0,-0.00124595,0.102108,0.339977,-0.0283793,-0.00324249,-0.000768282,-0.000921183
0,-0.00124595,0.102108,0.339977,-0.0283793,-0.00324249,-0.000713404,-0.000891467
0,-0.00124595,0.102108,0.339977,-0.0283793,-0.00324249,-0.000735355,-0.000901372
0,-0.00124595,0.102108,0.339977,-0.0283793,-0.00324249,-0.000768282,-0.000921183
0,-0.00124595,0.102108,0.339977,-0.0283793,-0.00324249,-0.000812183,-0.000931088
0,-0.00124595,0.102108,0.339977,-0.0283793,-0.00324249,-0.000735355,-0.000891467
0,-0.00124595,0.102108,0.339977,-0.0283793,-0.00324249,-0.000735355,-0.000901372
0,-0.00124595,0.102108,0.339977,-0.0283793,-0.00324249,-0.000801208,-0.000931088
0,-0.00124595,0.102108,0.339977,-0.0283793,-0.00324249,-0.000713404,-0.000891467
0,-0.00124595,0.102108,0.339977,-0.0283793,-0.00324249,-0.000790233,-0.000911278
0,-0.00124595,0.102108,0.339977,-0.0283793,-0.00324249,-0.000768282,-0.00091623
0,-0.00124595,0.102204,0.339977,-0.0283793,-0.00324249,-0.000713404,-0.000891467
0,-0.00124595,0.102204,0.339977,-0.0283793,-0.00324249,-0.000746331,-0.000906325
0,-0.00124595,0.102204,0.339977,-0.0283793,-0.00324249,-0.000746331,-0.000906325
0,-0.00124595,0.102204,0.339977,-0.0283793,-0.00324249,-0.000746331,-0.00089642
0,-0.00124595,0.102204,0.339977,-0.0283793,-0.00324249,-0.000812183,-0.000931088
0,-0.00124595,0.102204,0.339977,-0.0283793,-0.00324249,-0.000779257,-0.00091623
0,-0.00124595,0.102204,0.339977,-0.0283793,-0.00324249,-0.000702429,-0.000881562
0,-0.00115011,0.102204,0.339977,-0.0283793,-0.00324249,-0.000735355,-0.00089642
0,-0.00115011,0.102204,0.339977,-0.0283793,-0.00324249,-0.000757306,-0.000906325
0,-0.00115011,0.102204,0.339977,-0.0283793,-0.00324249,-0.000702429,-0.000871657
0,-0.00115011,0.102204,0.339977,-0.0283793,-0.00324249,-0.000713404,-0.000886515
0,-0.00115011,0.102204,0.339977,-0.0283793,-0.00324249,8.78036e-05,-0.000520022
0,-0.00115011,0.102204,0.339977,-0.0283793,-0.00324249,8.78036e-05,-0.000529928
0,-0.00115011,0.102204,0.339977,-0.0283793,-0.00324249,8.78036e-05,-0.000529928
0,-0.00115011,0.102204,0.339977,-0.0283793,-0.00324249,7.68282e-05,-0.00053488
0,-0.00115011,0.102204,0.339977,-0.0283793,-0.00324249,9.87791e-05,-0.000520022
0,-0.00115011,0.1023,0.339977,-0.0283793,-0.00324249,0.000109755,-0.000520022
0,-0.00115011,0.1023,0.339977,-0.0283793,-0.00324249,0.000109755,-0.000520022
0,-0.00115011,0.1023,0.339977,-0.0283793,-0.00324249,7.68282e-05,-0.000529928
0,-0.00115011,0.1023,0.339977,-0.0283793,-0.00324249,9.87791e-05,-0.000520022
0,-0.00115011,0.1023,0.339977,-0.0283793,-0.00324249,0.000109755,-0.00051507
0,-0.00115011,0.1023,0.339977,-0.0283793,-0.00324249,8.78036e-05,-0.000524975
0,-0.00115011,0.1023,0.339977,-0.0283793,-0.00324249,7.68282e-05,-0.000529928
0,-0.00115011,0.1023,0.339977,-0.0283793,-0.00324249,0.000131705,-0.000505165
0,-0.00115011,0.1023,0.339977,-0.0283793,-0.00324249,0.000131705,-0.000505165
0,-0.00115011,0.1023,0.339977,-0.0283793,-0.00324249,9.87791e-05,-0.00051507
0,-0.00115011,0.102396,0.339977,-0.0283793,-0.00324249,0.000131705,-0.000505165
0,-0.00115011,0.102396,0.339977,-0.0283793,-0.00324249,0.000109755,-0.00051507
0,-0.00115011,0.102396,0.339977,-0.0283793,-0.00324249,0.000131705,-0.000510117
0,-0.00115011,0.102396,0.339977,-0.0283793,-0.00324249,0.000131705,-0.000505165
0,-0.00115011,0.102396,0.339977,-0.0283793,-0.00324249,0.000131705,-0.000505165
0,-0.00115011,0.102396,0.339977,-0.0283793,-0.00324249,9.87791e-05,-0.000520022
0,-0.00115011,0.102396,0.339977,-0.0283793,-0.00324249,0.000131705,-0.000500212
0,-0.00115011,0.102396,0.339977,-0.0283793,-0.00324249,0.00012073,-0.000505165
0,-0.00115011,0.102396,0.339977,-0.0283793,-0.00324249,0.000175607,-0.000485354
0,-0.00115011,0.102396,0.339977,-0.0283793,-0.00324249,0.000131705,-0.000505165
0,-0.00115011,0.102396,0.339977,-0.0283793,-0.00324249,8.78036e-05,-0.000520022
0,-0.00115011,0.102396,0.339977,-0.0283793,-0.00324249,0.000109755,-0.000510117
0,-0.00115011,0.102396,0.339977,-0.0283793,-0.00324249,7.68282e-05,-0.00053488
0,-0.00115011,0.102396,0.339977,-0.0283793,-0.00324249,8.78036e-05,-0.000520022
0,-0.00115011,0.102492,0.339977,-0.0283793,-0.00324249,8.78036e-05,-0.000520022
0,-0.00115011,0.102492,0.339977,-0.0283793,-0.00324249,6.58527e-05,-0.00053488
0,-0.00115011,0.102492,0.339977,-0.0283793,-0.00324249,7.68282e-05,-0.00053488
0,-0.00115011,0.102492,0.339977,-0.0283793,-0.00324249,0.000109755,-0.00051507
0,-0.00115011,0.102492,0.339977,-0.0283793,-0.00324249,8.78036e-05,-0.000529928
0,-0.00115011,0.102492,0.339977,-0.0283793,-0.00324249,0.000109755,-0.000510117
0,-0.00105427,0.102492,0.339977,-0.0283793,-0.00324249,0.00012073,-0.000510117
0,-0.00105427,0.102492,0.339977,-0.0283793,-0.00324249,8.78036e-05,-0.00051507
0,-0.00105427,0.102492,0.339977,-0.0283793,-0.00324249,0.000109755,-0.000510117
0,-0.00105427,0.102492,0.339977,-0.0283793,-0.00324249,7.68282e-05,-0.000524975
0,-0.00105427,0.102587,0.339977,-0.0283793,-0.00324249,9.87791e-05,-0.00051507
0,-0.00105427,0.102587,0.339977,-0.0283793,-0.00324249,8.78036e-05,-0.000524975
0,-0.00105427,0.102683,0.339977,-0.0283793,-0.00324249,9.87791e-05,-0.00051507
0,-0.00105427,0.105464,0.339977,-0.0283793,-0.00324249,5.48773e-05,-0.00053488
0,-0.00105427,0.105464,0.339977,-0.0283793,-0.00324249,0.000131705,-0.000500212
0,-0.00105427,0.105464,0.339977,-0.0283793,-0.00324249,0.00012073,-0.000505165
0,-0.00105427,0.105464,0.339977,-0.0283793,-0.00324249,0.000164632,-0.000485354
0,-0.00105427,0.105464,0.339977,-0.0283793,-0.00324249,0.000142681,-0.00049526
0,-0.00105427,0.105464,0.339977,-0.0283793,-0.00324249,0.000142681,-0.00049526
0,-0.00105427,0.105464,0.339977,-0.0283793,-0.00324249,0.000109755,-0.000510117
0,-0.00105427,0.105464,0.339977,-0.0283793,-0.00324249,8.78036e-05,-0.000524975
0,-0.00105427,0.105464,0.339977,-0.0283793,-0.00324249,0.00012073,-0.000505165
0,-0.00105427,0.105464,0.339977,-0.0283793,-0.00324249,0.000131705,-0.000510117
0,-0.00105427,0.105464,0.339977,-0.0283793,-0.00324249,0.000131705,-0.000500212
0,-0.00105427,0.105464,0.339977,-0.0283793,-0.00324249,9.87791e-05,-0.00051507
0,-0.00105427,0.105464,0.339977,-0.0283793,-0.00324249,0.00012073,-0.000505165
0,-0.00105427,0.105464,0.339977,-0.0283793,-0.00324249,0.000109755,-0.000510117
0,-0.000958427,0.105464,0.339977,-0.0283793,-0.00324249,0.000131705,-0.00049526
0,-0.000958427,0.105464,0.339977,-0.0283793,-0.00324249,0.000109755,-0.000510117
0,-0.000958427,0.105464,0.339977,-0.0283793,-0.00324249,0.000109755,-0.000505165
0,-0.000958427,0.105464,0.339977,-0.0283793,-0.00324249,9.87791e-05,-0.000510117
0,-0.000958427,0.105464,0.339977,-0.0283793,-0.00324249,0.00012073,-0.000505165
0,-0.000958427,0.105464,0.339977,-0.0283793,-0.00324249,6.58527e-05,-0.000520022
0,-0.000958427,0.105464,0.339977,-0.0283793,-0.00324249,7.68282e-05,-0.00051507
0,-0.000958427,0.105464,0.339977,-0.0283793,-0.00324249,0.000153656,-0.000490307
0,-0.000958427,0.105464,0.339977,-0.0283793,-0.00324249,0.000109755,-0.000500212
0,-0.000958427,0.105464,0.339977,-0.0283793,-0.00324249,9.87791e-05,-0.000505165
0,-0.000958427,0.105464,0.339977,-0.0283793,-0.00324249,0.000164632,-0.000475449
0,-0.000862584,0.105464,0.339977,-0.0283793,-0.00324249,0.000164632,-0.000470497
0,-0.000862584,0.105464,0.339977,-0.0283793,-0.00324249,0.000131705,-0.000490307
0,0.00210854,0.105464,0.339977,-0.0283793,-0.00324249,0.00012073,-0.00049526
0,0.00210854,0.105464,0.339977,-0.0283793,-0.00324249,0.000109755,-0.000500212
0,0.00210854,0.105464,0.339977,-0.0283793,-0.00324249,0.000142681,-0.000485354
0,0.00210854,0.105464,0.339977,-0.0283793,-0.00324249,0.00024146,-0.000435828
0,0.00210854,0.105464,0.339977,-0.0283793,-0.00324249,0.000109755,-0.000500212
0,0.00210854,0.105464,0.339977,-0.0283793,-0.00324249,0.00012073,-0.000490307
0,0.00210854,0.105464,0.339977,-0.0283793,-0.00324249,0.000109755,-0.000500212
0,0.00210854,0.105464,0.339977,-0.0283793,-0.00324249,0.000175607,-0.000470497
0,0.00210854,0.105464,0.339977,-0.0283793,-0.00324249,0.000142681,-0.000485354
0,0.00210854,0.105464,0.339977,-0.0283793,-0.00324249,6.58527e-05,-0.00051507
0,0.00210854,0.105464,0.339977,-0.0283793,-0.00324249,0.000186583,-0.000465544
0,0.00210854,0.105464,0.339977,-0.0283793,-0.00324249,0.000230484,-0.000440781
0,0.00210854,0.105464,0.339977,-0.0283793,-0.00324249,0.000186583,-0.000445734
0,0.00210854,0.105464,0.339977,-0.0283793,-0.00324249,0.000186583,-0.000460591
0,0.00210854,0.105464,0.339977,-0.0283793,-0.00324249,0.000153656,-0.000470497
0,0.00210854,0.105464,0.339977,-0.0283793,-0.00324249,0.000186583,-0.000450686
0,0.00210854,0.105464,0.339977,-0.0283793,-0.00324249,0.000164632,-0.000470497
0,0.00210854,0.105464,0.339977,-0.0283793,-0.00324249,0.00024146,-0.000425923
0,0.00210854,0.105464,0.339977,-0.0283793,-0.00324249,0.00012073,-0.000490307
0,0.00210854,0.105464,0.339977,-0.0283793,-0.00324249,0.00024146,-0.000440781
0,0.00210854,0.105464,0.339977,-0.0283793,-0.00324249,0.000175607,-0.000460591
0,0.00210854,0.105464,0.339977,-0.0283793,-0.00324249,0.000197558,-0.000450686
0,0.00210854,0.105464,0.339977,-0.0283793,-0.00324249,0.000252435,-0.000416018
0,0.00210854,0.105464,0.339977,-0.0283793,-0.00324249,0.000131705,-0.000490307
0,0.00210854,0.105464,0.339977,-0.0283793,-0.00324249,0.000197558,-0.000445734
0,0.00210854,0.105464,0.339977,-0.0283793,-0.00324249,0.000186583,-0.000450686
0,0.0020127,0.105464,0.339977,-0.0283793,-0.00324249,0.000175607,-0.000465544
0,0.0020127,0.105464,0.339977,-0.0283793,-0.00324249,0.000164632,-0.000460591
0,0.0020127,0.105464,0.339977,-0.0283793,-0.00324249,0.000131705,-0.000475449
0,0.0020127,0.105464,0.339977,-0.0283793,-0.00324249,0.000197558,-0.000450686
0,0.0020127,0.105464,0.339977,-0.0283793,-0.00324249,0.000208534,-0.000440781
0,0.0020127,0.105464,0.339977,-0.0283793,-0.00324249,0.000197558,-0.000445734
0,0.0020127,0.105464,0.339977,-0.0283793,-0.00324249,0.000186583,-0.000460591
0,0.0020127,0.105464,0.339977,-0.0283793,-0.00324249,0.000208534,-0.000440781
0,0.0020127,0.105464,0.339977,-0.0283793,-0.00324249,0.000153656,-0.000470497
0,0.0020127,0.105464,0.339977,-0.0283793,-0.00324249,0.000142681,-0.000485354
0,0.0020127,0.105464,0.339977,-0.0283793,-0.00324249,0.00012073,-0.000480402
0,0.0020127,0.105464,0.339977,-0.0283793,-0.00324249,0.000197558,-0.000445734
0,0.0020127,0.105464,0.339977,-0.0283793,-0.00324249,0.00012073,-0.000480402
0,0.0020127,0.105464,0.339977,-0.0283793,-0.00324249,9.87791e-05,-0.000480402
0,0.0020127,0.105464,0.339977,-0.0283793,-0.00324249,0.000230484,-0.000430876
0,0.0020127,0.105464,0.339977,-0.0283793,-0.00324249,0.000197558,-0.000435828
0,0.0020127,0.105464,0.339977,-0.0283793,-0.00324249,0.000219509,-0.000440781
0,0.0020127,0.105464,0.339977,-0.0283793,-0.00324249,0.00012073,-0.000470497
0,0.0020127,0.105464,0.339977,-0.0283793,-0.00324249,0.000219509,-0.000435828
0,0.0020127,0.105464,0.339977,-0.0283793,-0.00324249,0.000252435,-0.000411065
0,0.0020127,0.105464,0.339977,-0.0283793,-0.00324249,0.000252435,-0.000411065
0,0.0020127,0.105464,0.339977,-0.0283793,-0.00324249,0.000230484,-0.000416018
0,0.0020127,0.105464,0.339977,-0.0283793,-0.00324249,0.000175607,-0.000450686
0,0.0020127,0.105464,0.339977,-0.0283793,-0.00324249,0.00024146,-0.000416018
0,0.0020127,0.105464,0.339977,-0.0283793,-0.00324249,0.000219509,-0.000430876
0,0.00191685,0.105464,0.339977,-0.0283793,-0.00324249,0.000208534,-0.000435828
0,0.00191685,0.105464,0.339977,-0.0283793,-0.00324249,0.000164632,-0.000450686
0,0.00191685,0.105464,0.339977,-0.0283793,-0.00324249,0.000219509,-0.000420971
0,0.00191685,0.105464,0.339977,-0.0283793,-0.00324249,0.000219509,-0.000420971
0,0.00191685,0.105464,0.339977,-0.0283793,-0.00324249,0.000186583,-0.000425923
0,0.00191685,0.105464,0.339977,-0.0283793,-0.00324249,0.000153656,-0.000450686
0,0.00191685,0.105464,0.339977,-0.0283793,-0.00324249,0.000230484,-0.000411065
0,0.00191685,0.105464,0.339977,-0.0283793,-0.00324249,0.000186583,-0.000435828
0,0.00191685,0.105464,0.339977,-0.0283793,-0.00324249,0.000252435,-0.000406113
0,0.00191685,0.105464,0.339977,-0.0283793,-0.00324249,0.000197558,-0.000435828
0,0.00191685,0.105464,0.339977,-0.0283793,-0.00324249,0.000208534,-0.000425923
0,0.00191685,0.105464,0.339977,-0.0283793,-0.00324249,0.000197558,-0.000430876
0,0.00191685,0.105464,0.339977,-0.0283793,-0.00324249,0.000208534,-0.000420971
0,0.00191685,0.105464,0.339977,-0.0283793,-0.00324249,0.000164632,-0.000440781
0,0.00191685,0.105464,0.339977,-0.0283793,-0.00324249,0.000197558,-0.000435828
0,0.00191685,0.105464,0.339977,-0.0283793,-0.00324249,0.000252435,-0.000406113
0,0.00191685,0.105464,0.339977,-0.0283793,-0.00324249,0.00012073,-0.000455639
0,0.00191685,0.105464,0.339977,-0.0283793,-0.00324249,0.000208534,-0.000420971
0,0.00191685,0.105464,0.339977,-0.0283793,-0.00324249,0.000230484,-0.000406113
0,0.00191685,0.105464,0.339977,-0.0283793,-0.00324249,0.000230484,-0.000420971
0,0.00191685,0.105464,0.339977,-0.0283793,-0.00324249,0.000274386,-0.000391255
0,0.172133,0.00469793,0.0248319,-0.032502,-0.00476837,0.0149156,0.00369464
0,0.181718,0.0113134,0.0291463,-0.0275165,-0.00362396,0.0030402,0.00150559
0,0.181718,0.0113134,0.0291463,-0.0275165,-0.00362396,0.00310605,0.00153035
0,0.181718,0.0111216,0.0291463,-0.0275165,-0.00362396,0.00311703,0.0015353
0,0.181718,0.0110258,0.0291463,-0.0275165,-0.00362396,0.00306215,0.00152045
0,0.181718,0.0103546,0.0291463,-0.0275165,-0.00362396,0.0030841,0.0015254
0,0.181814,0.00997112,0.0291463,-0.0275165,-0.00362396,0.00311703,0.00154521
0,0.181814,0.00958761,0.0291463,-0.0275165,-0.00362396,0.00313898,0.00155511
0,0.181814,0.00872473,0.0291463,-0.0275165,-0.00362396,0.00314995,0.00156502
0,0.181909,0.00853298,0.0291463,-0.0275165,-0.00362396,0.00310605,0.0015353
0,0.185072,0.0080536,0.0291463,-0.0275165,-0.00324249,0.00309508,0.0015353
0,0.185072,0.00747834,0.0291463,-0.0275165,-0.00362396,0.00305118,0.00152045
0,0.185072,0.00661545,0.0291463,-0.0275165,-0.00362396,0.00313898,0.00155511
0,0.189098,0.00498556,0.0291463,-0.0275165,-0.00362396,0.00313898,0.00155016
0,0.189193,0.00488968,0.0291463,-0.0275165,-0.00362396,0.00305118,0.00150559
0,0.189193,0.00488968,0.0291463,-0.0275165,-0.00362396,0.00306215,0.00151549
0,0.189193,0.00479381,0.0291463,-0.0275165,-0.00362396,0.00305118,0.00151549
0,0.189193,0.00469793,0.0291463,-0.0275165,-0.00362396,0.00301825,0.00149568
0,0.189193,0.00460205,0.0291463,-0.0275165,-0.00362396,0.00306215,0.00151549
0,0.189193,0.0040268,0.0291463,-0.0275165,-0.00362396,0.00310605,0.00153035
0,0.189193,0.00383505,0.0291463,-0.0275165,-0.00362396,0.003128,0.00154521
0,0.189193,0.00373917,0.0291463,-0.0275165,-0.00362396,0.00310605,0.0015353
0,0.189289,0.00364329,0.0291463,-0.0275165,-0.00362396,0.0030841,0.00153035
0,0.189289,0.00345154,0.0291463,-0.0275165,-0.00362396,0.00313898,0.00154521
0,0.193315,0.000287628,0.0206134,-0.0276123,-0.00362396,-0.000647552,-0.000173341
0,0.193315,0.000287628,0.0206134,-0.0276123,-0.00362396,-0.000647552,-0.000173341
0,0.193315,0.000287628,0.0206134,-0.0276123,-0.00362396,-0.000669503,-0.000183246
0,0.193315,0.000287628,0.0206134,-0.0276123,-0.00362396,-0.000636576,-0.000173341
0,0.193315,0.000287628,0.0206134,-0.0276123,-0.00362396,-0.000658527,-0.000183246
0,0.193315,0.000287628,0.0206134,-0.0276123,-0.00362396,-0.000680478,-0.000183246
0,0.193315,0.000287628,0.0206134,-0.0276123,-0.00362396,-0.000658527,-0.000183246
0,0.193315,0.000287628,0.0206134,-0.0276123,-0.00362396,-0.000636576,-0.000168388
0,0.193315,0.000287628,0.0206134,-0.0276123,-0.00362396,-0.000669503,-0.000188199
0,0.193315,0.000287628,0.0206134,-0.0276123,-0.00362396,-0.000647552,-0.000178293
0,0.193315,0.000287628,0.0206134,-0.0276123,-0.00362396,-0.000669503,-0.000183246
0,0.193315,0.000287628,0.0206134,-0.0276123,-0.00362396,-0.000647552,-0.000168388
0,0.193315,0.000287628,0.0206134,-0.0276123,-0.00362396,-0.000625601,-0.000168388
0,0.193315,0.000287628,0.0206134,-0.0276123,-0.00362396,-0.000625601,-0.000168388
0,0.193315,0.000287628,0.0206134,-0.0276123,-0.00362396,-0.000669503,-0.000188199
0,0.193315,0.000287628,0.0206134,-0.0276123,-0.00362396,-0.000658527,-0.000183246
0,0.193315,0.000287628,0.0206134,-0.0276123,-0.00362396,-0.000647552,-0.000173341
0,0.193315,0.000383505,0.0206134,-0.0276123,-0.00362396,-0.000658527,-0.000178293
0,0.193315,0.000383505,0.0206134,-0.0276123,-0.00362396,-0.00060365,-0.000163436
0,0.193315,0.000383505,0.0206134,-0.0276123,-0.00362396,-0.00060365,-0.000163436
0,0.193315,0.000383505,0.0206134,-0.0276123,-0.00362396,-0.00060365,-0.000158483
0,0.193315,0.000383505,0.0206134,-0.0276123,-0.00362396,-0.000647552,-0.000173341
0,0.193315,0.000383505,0.0206134,-0.0276123,-0.00362396,-0.00060365,-0.00015353
0,0.193315,0.000383505,0.0206134,-0.0276123,-0.00362396,-0.000614625,-0.000163436
0,0.193315,0.000383505,0.0206134,-0.0276123,-0.00362396,-0.000636576,-0.000173341
0,0.193315,0.000383505,0.0206134,-0.0276123,-0.00362396,-0.000614625,-0.000158483
0,0.193315,0.000383505,0.0206134,-0.0276123,-0.00362396,-0.000680478,-0.000193151
0,0.193315,0.000383505,0.0206134,-0.0276123,-0.00362396,-0.000680478,-0.000193151
0,0.193315,0.000383505,0.0206134,-0.0276123,-0.00362396,-0.000680478,-0.000188199
0,0.193219,0.000383505,0.0206134,-0.0276123,-0.00362396,-0.000658527,-0.000183246
0,0.193219,0.000383505,0.0206134,-0.0276123,-0.00362396,-0.000680478,-0.000188199
0,0.193219,0.000383505,0.0206134,-0.0276123,-0.00362396,-0.000647552,-0.000183246
0,0.193219,0.000383505,0.0206134,-0.0276123,-0.00362396,-0.000680478,-0.000193151
0,0.193219,0.000383505,0.0206134,-0.0276123,-0.00362396,-0.000636576,-0.000183246
0,0.193219,0.000383505,0.0206134,-0.0276123,-0.00362396,-0.000636576,-0.000178293
0,0.193219,0.000383505,0.0206134,-0.0276123,-0.00362396,-0.000647552,-0.000178293
0,0.193219,0.000383505,0.0206134,-0.0276123,-0.00362396,-0.000658527,-0.000188199
0,0.193219,0.000383505,0.0206134,-0.0276123,-0.00362396,-0.000669503,-0.000193151
0,0.193219,0.000383505,0.0206134,-0.0276123,-0.00362396,-0.000614625,-0.000173341
0,0.193219,0.000383505,0.0205175,-0.0276123,-0.00362396,-0.000658527,-0.000188199
0,0.193219,0.000383505,0.0205175,-0.0276123,-0.00362396,-0.000658527,-0.000183246
0,0.193219,0.000383505,0.0205175,-0.0276123,-0.00362396,-0.000625601,-0.000163436
0,0.193219,0.000383505,0.0205175,-0.0276123,-0.00362396,-0.000636576,-0.000178293
0,0.193219,0.000383505,0.0133268,-0.0277082,-0.00362396,-0.00060365,-0.000163436
0,0.193219,0.000383505,0.0133268,-0.0277082,-0.00362396,-0.000625601,-0.000173341
0,0.193219,0.000383505,0.0133268,-0.0277082,-0.00362396,-0.000614625,-0.000163436
0,0.193219,0.000383505,0.0133268,-0.0277082,-0.00362396,-0.000581699,-0.00015353
0,0.193219,0.000383505,0.0133268,-0.0277082,-0.00362396,-0.000548773,-0.000138673
0,0.193219,0.000383505,0.0133268,-0.0277082,-0.00362396,-0.000559748,-0.000143625
0,0.193219,0.000383505,0.0133268,-0.0277082,-0.00362396,-0.000570724,-0.000138673
0,0.193219,0.000383505,0.0133268,-0.0277082,-0.00362396,-0.000570724,-0.000148578
0,0.193219,0.000383505,0.0133268,-0.0277082,-0.00362396,-0.00060365,-0.000158483
0,0.193219,0.000383505,0.0133268,-0.0277082,-0.00362396,-0.000548773,-0.000128767
0,0.193219,0.000383505,0.0133268,-0.0277082,-0.00362396,-0.000570724,-0.000143625
0,0.193219,0.000383505,0.0133268,-0.0277082,-0.00362396,-0.000548773,-0.000143625
0,0.193219,0.000383505,0.0133268,-0.0277082,-0.00362396,-0.000559748,-0.000143625
0,0.193219,0.000383505,0.0133268,-0.0277082,-0.00362396,-0.000548773,-0.000138673
0,0.193123,0.000383505,0.0133268,-0.0277082,-0.00362396,-0.000570724,-0.000143625
0,0.193123,0.000383505,0.0133268,-0.0277082,-0.00362396,-0.000559748,-0.000148578
0,0.193123,0.000383505,0.0133268,-0.0277082,-0.00362396,-0.000581699,-0.000158483
0,0.193123,0.000383505,0.0133268,-0.0277082,-0.00362396,-0.000592674,-0.000173341
0,0.193123,0.000383505,0.0133268,-0.0277082,-0.00362396,-0.00060365,-0.000173341
0,0.193123,0.000383505,0.0133268,-0.0277082,-0.00362396,-0.000504871,-0.000118862
0,0.193123,0.000383505,0.0133268,-0.0277082,-0.00362396,-0.000581699,-0.000158483
0,0.193123,0.000383505,0.0133268,-0.0277082,-0.00362396,-0.000493895,-0.000118862
0,0.193123,0.000383505,0.0133268,-0.0277082,-0.00362396,-0.000559748,-0.000143625
0,0.193123,0.000383505,0.0133268,-0.0277082,-0.00362396,-0.00060365,-0.000178293
0,0.193123,0.000383505,0.0133268,-0.0277082,-0.00362396,-0.000537797,-0.00013372
0,0.193123,0.000383505,0.0133268,-0.0277082,-0.00362396,-0.000515846,-0.000128767
0,0.193123,0.000383505,0.0133268,-0.0277082,-0.00362396,-0.000537797,-0.00013372
0,0.193123,0.000383505,0.0133268,-0.0277082,-0.00362396,-0.000548773,-0.000148578
0,0.193123,0.000383505,0.0133268,-0.0277082,-0.00362396,-0.000548773,-0.000138673
0,0.193123,0.000383505,0.0133268,-0.0277082,-0.00362396,-0.000570724,-0.00015353
0,0.193123,0.000383505,0.0133268,-0.0277082,-0.00362396,-0.000526822,-0.00013372
0,0.193123,0.000383505,0.0133268,-0.0277082,-0.00362396,-0.000570724,-0.00015353
0,0.193123,0.000383505,0.0133268,-0.0277082,-0.00362396,-0.000504871,-0.00013372
0,0.193123,0.000383505,0.0133268,-0.0277082,-0.00362396,-0.000581699,-0.000158483
0,0.193123,0.000383505,0.0133268,-0.0277082,-0.00362396,-0.000570724,-0.000158483
0,0.193123,0.000383505,0.0133268,-0.0277082,-0.00362396,-0.000526822,-0.000138673
0,0.193123,0.000383505,0.0133268,-0.0277082,-0.00362396,-0.000559748,-0.00015353
0,0.193123,0.000383505,0.0133268,-0.0277082,-0.00362396,-0.00048292,-0.000123815
0,0.193123,0.000383505,0.0133268,-0.0277082,-0.00362396,-0.00060365,-0.000173341
0,0.193123,0.000383505,0.0133268,-0.0277082,-0.00362396,-0.000636576,-0.000188199
0,0.193123,0.000383505,0.0133268,-0.0277082,-0.00362396,-0.000581699,-0.000163436
0,0.193123,0.000383505,0.0133268,-0.0277082,-0.00362396,-0.000537797,-0.000143625
0,0.193123,0.000383505,0.0133268,-0.0277082,-0.00362396,-0.000526822,-0.00015353
0,0.193123,0.000383505,0.0133268,-0.0277082,-0.00362396,-0.000559748,-0.00015353
0,0.193123,0.000383505,0.0133268,-0.0277082,-0.00362396,-0.000460969,-0.00015353
0,0.193123,0.000383505,0.0133268,-0.0277082,-0.00362396,-0.000526822,-0.000138673
0,0.193027,0.000383505,0.0133268,-0.0277082,-0.00362396,-0.000515846,-0.000138673
0,0.193027,0.000383505,0.0133268,-0.0277082,-0.00362396,-0.000581699,-0.000168388
0,0.193027,0.000383505,0.0133268,-0.0277082,-0.00362396,-0.000460969,-0.000108957
0,0.193027,0.000383505,0.0133268,-0.0277082,-0.00362396,-0.000515846,-0.000143625
0,0.193027,0.000383505,0.0133268,-0.0277082,-0.00362396,-0.000460969,-0.000123815
0,0.193027,0.000383505,0.0133268,-0.0277082,-0.00362396,-0.000537797,-0.000143625
0,0.193027,0.000383505,0.0133268,-0.0277082,-0.00362396,-0.000559748,-0.000163436
0,0.193027,0.000383505,0.0133268,-0.0277082,-0.00362396,-0.000449994,-0.00011391
0,0.193027,0.000383505,0.0133268,-0.0277082,-0.00362396,-0.000537797,-0.000148578
0,0.193027,0.000383505,0.0133268,-0.0277082,-0.00362396,-0.00048292,-0.000123815
0,0.193027,0.000383505,0.0133268,-0.0277082,-0.00362396,-0.000439018,-0.00011391
0,0.193027,0.000383505,0.0133268,-0.0277082,-0.00362396,-0.000504871,-0.00013372
0,0.193027,0.000383505,0.0133268,-0.0277082,-0.00362396,-0.00048292,-0.000118862
0,0.193027,0.000383505,0.0133268,-0.0277082,-0.00362396,-0.000460969,-0.00011391
0,0.193027,0.000383505,0.0133268,-0.0277082,-0.00362396,-0.000504871,-0.00013372
0,0.192931,0.000383505,0.0133268,-0.0277082,-0.00362396,-0.000417067,-9.40993e-05
0,0.192931,0.000383505,0.0133268,-0.0277082,-0.00362396,-0.000417067,-9.40993e-05
0,0.190631,0.000383505,0.0133268,-0.0277082,-0.00362396,-0.000548773,-0.00015353
0,0.187852,0.000479381,0.0133268,-0.0277082,-0.00400543,-0.000439018,-0.000104005
0,0.187852,0.000479381,0.0133268,-0.0277082,-0.00400543,-0.000504871,-0.000148578
0,0.187852,0.000479381,0.0133268,-0.0277082,-0.00400543,-0.000515846,-0.000143625
0,0.187852,0.000479381,0.0133268,-0.0277082,-0.00400543,-0.000548773,-0.000158483
0,0.187852,0.000479381,0.0133268,-0.0277082,-0.00400543,-0.000406092,-9.40993e-05
0,0.187852,0.000479381,0.0133268,-0.0277082,-0.00400543,-0.000428043,-0.000104005
0,0.187852,0.000479381,0.0133268,-0.0277082,-0.00400543,-0.000537797,-0.00015353
0,0.187852,0.000479381,0.0133268,-0.0277082,-0.00400543,-0.000439018,-0.000108957
0,0.187852,0.000479381,0.0133268,-0.0277082,-0.00400543,-0.000548773,-0.00015353
0,0.187852,0.000479381,0.0133268,-0.0277082,-0.00400543,-0.000471944,-0.000118862
0,0.187852,0.000479381,0.0133268,-0.0277082,-0.00400543,-0.000460969,-0.000118862
0,0.187852,0.000479381,0.0133268,-0.0277082,-0.00400543,-0.00048292,-0.000123815
0,0.187852,0.000479381,0.0133268,-0.0277082,-0.00400543,-0.000417067,-9.40993e-05
0,0.187852,0.000479381,0.0133268,-0.0277082,-0.00400543,-0.000384141,-7.92415e-05
0,0.187947,0.000479381,0.0133268,-0.0277082,-0.00400543,-0.000417067,-9.40993e-05
0,0.187947,0.000479381,0.0133268,-0.0277082,-0.00400543,-0.000439018,-0.000104005
0,0.187947,0.000479381,0.0133268,-0.0277082,-0.00400543,-0.000395116,-7.92415e-05
0,0.187947,0.000479381,0.0133268,-0.0277082,-0.00400543,-0.000417067,-9.90519e-05
0,0.187947,0.000479381,0.0133268,-0.0277082,-0.00400543,-0.000428043,-0.000104005
0,0.187947,0.000479381,0.0133268,-0.0277082,-0.00400543,-0.00048292,-0.000123815
0,0.187947,0.000479381,0.0133268,-0.0277082,-0.00400543,-0.000395116,-8.91467e-05
0,0.187947,0.000479381,0.0133268,-0.0277082,-0.00400543,-0.000384141,-7.42889e-05
0,0.187947,0.000479381,0.0133268,-0.0277082,-0.00400543,-0.000417067,-9.40993e-05
0,0.187947,0.000479381,0.0133268,-0.0277082,-0.00400543,-0.000384141,-8.41941e-05
0,0.187947,0.000479381,0.0133268,-0.0277082,-0.00400543,-0.000406092,-8.91467e-05
0,0.187947,0.000479381,0.0133268,-0.0277082,-0.00400543,-0.000439018,-0.000108957
0,0.187947,0.000479381,0.0133268,-0.0277082,-0.00400543,-0.00048292,-0.000123815
0,0.188043,0.000479381,0.0133268,-0.0277082,-0.00400543,-0.000428043,-9.90519e-05
0,0.188043,0.000479381,0.0133268,-0.0277082,-0.00400543,-0.000417067,-9.40993e-05
0,0.188043,0.000479381,0.0133268,-0.0277082,-0.00400543,-0.000471944,-0.000118862
0,0.188043,0.000479381,0.0133268,-0.0277082,-0.00400543,-0.000449994,-0.000108957
0,0.188043,0.000479381,0.0133268,-0.0277082,-0.00400543,-0.000351214,-6.93363e-05
0,0.188043,0.000479381,0.0133268,-0.0277082,-0.00400543,-0.000449994,-0.000104005
0,0.188043,0.000479381,0.0133268,-0.0277082,-0.00400543,-0.000460969,-0.000118862
0,0.188043,0.000479381,0.0133268,-0.0277082,-0.00400543,-0.000515846,-0.000143625
0,0.188043,0.000479381,0.0133268,-0.0277082,-0.00400543,-0.000406092,-9.40993e-05
0,0.188139,0.000479381,0.0133268,-0.0277082,-0.00400543,-0.000439018,-0.000108957
0,0.188139,0.000479381,0.0133268,-0.0277082,-0.00400543,-0.00036219,-6.93363e-05
0,0.188139,0.000479381,0.0133268,-0.0277082,-0.00400543,-0.000340239,-5.94311e-05
0,0.188139,0.000479381,0.0133268,-0.0277082,-0.00400543,-0.000493895,-0.00013372
0,0.188235,0.000479381,0.0133268,-0.0277082,-0.00400543,-0.000471944,-0.000128767
0,0.188331,0.000479381,0.0133268,-0.0277082,-0.00400543,-0.000395116,-8.91467e-05
0,0.190248,0.000383505,0.0133268,-0.0277082,-0.00362396,-0.000417067,-9.40993e-05
0,0.190248,0.000383505,0.0133268,-0.0277082,-0.00362396,-0.000471944,-0.000123815
0,0.190248,0.000383505,0.0133268,-0.0277082,-0.00362396,-0.000384141,-8.41941e-05
0,0.190248,0.000383505,0.0133268,-0.0277082,-0.00362396,-0.000439018,-0.000104005
0,0.190248,0.000383505,0.0133268,-0.0277082,-0.00362396,-0.000449994,-0.000108957
0,0.190248,0.000383505,0.0133268,-0.0277082,-0.00362396,-0.000428043,-9.90519e-05
0,0.190248,0.000383505,0.0133268,-0.0277082,-0.00362396,-0.000417067,-9.40993e-05
0,0.190248,0.000383505,0.0133268,-0.0277082,-0.00362396,-0.000439018,-0.000108957
0,0.190248,0.000383505,0.0133268,-0.0277082,-0.00362396,-0.000428043,-0.000104005
0,0.190248,0.000383505,0.0133268,-0.0277082,-0.00362396,-0.000395116,-8.41941e-05
0,0.190248,0.000383505,0.0133268,-0.0277082,-0.00362396,-0.000395116,-8.41941e-05
0,0.190248,0.000383505,0.0133268,-0.0277082,-0.00362396,-0.000417067,-9.90519e-05
0,0.190344,0.000383505,0.0133268,-0.0277082,-0.00362396,-0.000439018,-0.000104005
0,0.190344,0.000383505,0.0133268,-0.0277082,-0.00362396,-0.000252435,-1.98104e-05
0,0.192356,0.000383505,0.0133268,-0.0277082,-0.00362396,-0.000197558,-4.9526e-06
0,0.192356,0.000383505,0.0134227,-0.0277082,-0.00362396,-0.000263411,-2.4763e-05
0,0.192356,0.000383505,0.0134227,-0.0277082,-0.00362396,-0.000208534,-4.9526e-06
0,0.192356,0.000383505,0.0134227,-0.0277082,-0.00362396,-0.000252435,-2.4763e-05
0,0.192356,0.000383505,0.0134227,-0.0277082,-0.00362396,-0.000252435,-1.98104e-05
0,0.192356,0.000383505,0.0134227,-0.0277082,-0.00362396,-0.000208534,0
0,0.192356,0.000383505,0.0134227,-0.0277082,-0.00362396,-0.00024146,-1.98104e-05
0,0.192356,0.000383505,0.0134227,-0.0277082,-0.00362396,-0.000230484,-1.98104e-05
0,0.192356,0.000383505,0.0134227,-0.0277082,-0.00362396,-0.000197558,0
0,0.192356,0.000383505,0.0134227,-0.0277082,-0.00362396,-0.00024146,-1.48578e-05
0,0.192356,0.000383505,0.0134227,-0.0277082,-0.00362396,-0.000252435,-1.98104e-05
0,0.192356,0.000383505,0.0134227,-0.0277082,-0.00362396,-0.000252435,-2.4763e-05
0,0.192356,0.000383505,0.0134227,-0.0277082,-0.00362396,-0.000230484,-9.90519e-06
0,0.192356,0.000383505,0.0134227,-0.0277082,-0.00362396,-0.000230484,-1.48578e-05
0,0.192356,0.000383505,0.0134227,-0.0277082,-0.00362396,-0.000230484,-9.90519e-06
0,0.192356,0.000383505,0.0134227,-0.0277082,-0.00362396,-0.000230484,-1.48578e-05
0,0.192356,0.000383505,0.0134227,-0.0277082,-0.00362396,-0.00024146,-1.98104e-05
0,0.192356,0.000383505,0.0134227,-0.0277082,-0.00362396,-0.00024146,-1.48578e-05
0,0.192356,0.000383505,0.0134227,-0.0277082,-0.00362396,-0.000219509,-9.90519e-06
0,0.192356,0.000383505,0.0134227,-0.0277082,-0.00362396,-0.00024146,-1.98104e-05
0,0.192356,0.000383505,0.0134227,-0.0277082,-0.00362396,0.0029963,0.00144121
0,0.192356,0.000383505,0.0134227,-0.0277082,-0.00362396,0.00300727,0.00145111
0,0.192356,0.000383505,0.0134227,-0.0277082,-0.00362396,0.00318288,0.0015254
0,0.192356,0.000383505,0.0134227,-0.0277082,-0.00362396,0.00321581,0.0015353
0,0.192356,0.000383505,0.0134227,-0.0277082,-0.00362396,0.00320483,0.0015353
0,0.192356,0.000383505,0.0134227,-0.0277082,-0.00362396,0.00321581,0.00154026
0,0.192356,0.000383505,0.0134227,-0.0277082,-0.00362396,0.00317191,0.00152045
0,0.192356,0.000383505,0.0134227,-0.0277082,-0.00362396,0.00319386,0.0015353
0,0.192356,0.000383505,0.0134227,-0.0277082,-0.00362396,0.00323776,0.00154521
0,0.192356,0.000383505,0.0134227,-0.0277082,-0.00362396,0.00320483,0.00154026
0,0.192356,0.000383505,0.0134227,-0.0277082,-0.00362396,0.00322678,0.00155016
0,0.192356,0.000383505,0.0134227,-0.0277082,-0.00362396,0.00309508,0.00148578
0,0.192356,0.000383505,0.0134227,-0.0277082,-0.00362396,0.0030841,0.00148083
0,0.192356,0.000383505,0.0134227,-0.0277082,-0.00362396,0.00317191,0.0015254
0,0.192356,0.000383505,0.0134227,-0.0277082,-0.00362396,0.00309508,0.00149073
0,0.192356,0.000383505,0.0134227,-0.0277082,-0.00362396,0.00314995,0.00151549
0,0.192356,0.000383505,0.0135185,-0.0277082,-0.00362396,0.00318288,0.00153035
0,0.192356,0.000383505,0.0135185,-0.0277082,-0.00362396,0.003128,0.00150064
0,0.192356,0.000383505,0.0135185,-0.0277082,-0.00362396,0.00310605,0.00149568
0,0.192356,0.000383505,0.0135185,-0.0277082,-0.00362396,0.00313898,0.00151054
0,0.192356,0.000383505,0.0135185,-0.0277082,-0.00362396,0.00305118,0.00146102
0,0.192356,0.000383505,0.0135185,-0.0277082,-0.00362396,0.00307313,0.00146597
0,0.192356,0.000383505,0.0135185,-0.0277082,-0.00362396,0.0030841,0.00148083
0,0.192356,0.000383505,0.0135185,-0.0277082,-0.00362396,0.00313898,0.00150559
0,0.192356,0.000383505,0.0135185,-0.0277082,-0.00362396,0.00316093,0.00151549
0,0.192356,0.000383505,0.0135185,-0.0277082,-0.00362396,0.003128,0.00149568
0,0.192356,0.000383505,0.0135185,-0.0277082,-0.00362396,0.00306215,0.00147092
0,0.192356,0.000383505,0.0135185,-0.0277082,-0.00362396,0.0030402,0.00146102
0,0.192356,0.000383505,0.0135185,-0.0277082,-0.00362396,0.00184388,0.000921183
0,0.192356,0.000383505,0.0135185,-0.0277082,-0.00362396,0.00185485,0.000926135
0,0.192356,0.000383505,0.0135185,-0.0277082,-0.00362396,0.00185485,0.000926135
0,0.192356,0.000383505,0.0135185,-0.0277082,-0.00362396,0.00185485,0.000926135
0,0.192356,0.000383505,0.0135185,-0.0277082,-0.00362396,0.00185485,0.000926135
0,0.192356,0.000383505,0.0135185,-0.0277082,-0.00362396,0.00186583,0.000926135
0,0.192356,0.000383505,0.0135185,-0.0277082,-0.00362396,0.00185485,0.000921183
0,0.192452,0.000383505,0.0135185,-0.0277082,-0.00362396,0.00186583,0.000931088
0,0.192452,0.000287628,0.0135185,-0.0277082,-0.00362396,0.00195363,0.000970709
0,0.192452,0.000287628,0.0135185,-0.0277082,-0.00362396,0.00195363,0.000970709
0,0.192452,0.000287628,0.0135185,-0.0277082,-0.00362396,0.00184388,0.000921183
0,0.192452,0.000287628,0.0135185,-0.0277082,-0.00362396,0.00195363,0.000975661
0,0.192452,0.000287628,0.0135185,-0.0277082,-0.00362396,0.00195363,0.000975661
0,0.192452,0.000287628,0.0135185,-0.0277082,-0.00362396,0.00196461,0.000985566
0,0.192452,0.000287628,0.0135185,-0.0277082,-0.00362396,0.00193168,0.000960803
0,0.192452,0.000287628,0.0135185,-0.0277082,-0.00362396,0.0019207,0.000960803
0,0.192452,0.000287628,0.0135185,-0.0277082,-0.00362396,0.00194266,0.000960803
0,0.192452,0.000287628,0.0135185,-0.0277082,-0.00362396,0.0019207,0.000955851
0,0.192452,0.000287628,0.0135185,-0.0277082,-0.00362396,0.00179997,0.000901372
0,0.192452,0.000287628,0.0135185,-0.0277082,-0.00362396,0.00189875,0.000955851
0,0.192452,0.000287628,0.0135185,-0.0277082,-0.00362396,0.00188778,0.000940993
0,0.192452,0.000287628,0.0135185,-0.0277082,-0.00362396,0.001789,0.00089642
0,0.192452,0.000287628,0.0135185,-0.0277082,-0.00362396,0.00176705,0.000886515
0,0.192452,0.000287628,0.0135185,-0.0277082,-0.00362396,0.0017451,0.000881562
0,0.192452,0.000287628,0.0135185,-0.0277082,-0.00362396,0.00155851,0.000797368
0,0.192452,0.000287628,0.0135185,-0.0277082,-0.00362396,-0.00153656,-0.000609169
0,0.192452,0.000287628,0.0135185,-0.0277082,-0.00362396,-0.00155851,-0.000609169
0,0.192452,0.000287628,0.0136144,-0.0277082,-0.00362396,-0.00150364,-0.000589359
0,0.192452,0.000287628,0.0136144,-0.0277082,-0.00362396,-0.00158047,-0.000624027
0,0.192452,0.000191752,0.0136144,-0.0277082,-0.00362396,-0.00152559,-0.000599264
0,0.192452,0.000191752,0.0136144,-0.0277082,-0.00362396,-0.00159144,-0.00062898
0,0.192452,0.000191752,0.0136144,-0.0277082,-0.00362396,-0.00136096,-0.000529928
0,0.192452,0.000191752,0.0136144,-0.0277082,-0.00362396,-0.00148169,-0.000574501
0,0.192452,0.000191752,0.0136144,-0.0277082,-0.00362396,-0.00141583,-0.000549738
0,0.192452,0.000191752,0.0136144,-0.0277082,-0.00362396,-0.00143778,-0.000569548
0,0.192452,0.000191752,0.0136144,-0.0277082,-0.00362396,-0.00145974,-0.000574501
0,0.192452,0.000191752,0.0136144,-0.0277082,-0.00362396,-0.00148169,-0.000579454
0,0.192452,0.000191752,0.0136144,-0.0277082,-0.00362396,-0.00144876,-0.000579454
0,0.192452,0.000191752,0.0136144,-0.0277082,-0.00362396,-0.00148169,-0.000584406
0,0.192452,0.000191752,0.0136144,-0.0277082,-0.00362396,-0.00147071,-0.000579454
0,0.192452,0.000191752,0.0136144,-0.0277082,-0.00362396,-0.00149266,-0.000589359
0,0.192452,0.000191752,0.0136144,-0.0277082,-0.00362396,-0.00149266,-0.000589359
0,0.192452,0.000191752,0.0136144,-0.0277082,-0.00362396,-0.00144876,-0.000574501
0,0.192452,0.000191752,0.0136144,-0.0277082,-0.00362396,-0.00144876,-0.000574501
0,0.192452,0.000191752,0.0136144,-0.0277082,-0.00362396,-0.00142681,-0.000559643
0,0.192452,0.000191752,0.0136144,-0.0277082,-0.00362396,-0.00144876,-0.000564596
0,0.192452,0.000191752,0.0136144,-0.0277082,-0.00362396,-0.00145974,-0.000569548
0,0.192452,0.000191752,0.0136144,-0.0277082,-0.00362396,-0.00148169,-0.000584406
0,0.192452,0.000191752,0.0136144,-0.0277082,-0.00362396,-0.00147071,-0.000569548
0,0.192452,0.000191752,0.0136144,-0.0277082,-0.00362396,-0.00150364,-0.000589359
0,0.192452,0.000191752,0.0136144,-0.0277082,-0.00362396,-0.00148169,-0.000579454
0,0.192452,0.000191752,0.0136144,-0.0277082,-0.00362396,-0.00140486,-0.000544785
0,0.192452,0.000191752,0.0136144,-0.0277082,-0.00362396,-0.00142681,-0.000564596
0,0.192452,0.000191752,0.0136144,-0.0277082,-0.00362396,-0.00143778,-0.000559643
0,0.192452,0.000191752,0.0136144,-0.0277082,-0.00362396,-0.000625601,-0.000198104
0,0.192452,0.000191752,0.0136144,-0.0277082,-0.00362396,-0.000669503,-0.000212962
0,0.192452,0.000191752,0.0136144,-0.0277082,-0.00362396,-0.000625601,-0.000198104
0,0.192452,9.58761e-05,0.0136144,-0.0277082,-0.00362396,-0.000658527,-0.000208009
0,0.192452,9.58761e-05,0.0136144,-0.0277082,-0.00362396,-0.000647552,-0.000208009
0,0.192452,9.58761e-05,0.0136144,-0.0277082,-0.00362396,-0.00060365,-0.000188199
0,0.192452,9.58761e-05,0.0136144,-0.0277082,-0.00362396,-0.00060365,-0.000188199
0,0.192452,9.58761e-05,0.0136144,-0.0277082,-0.00362396,-0.000592674,-0.000188199
0,0.192452,9.58761e-05,0.0136144,-0.0277082,-0.00362396,-0.000647552,-0.000208009
0,0.192452,9.58761e-05,0.0136144,-0.0277082,-0.00362396,-0.00060365,-0.000183246
0,0.192452,9.58761e-05,0.0136144,-0.0277082,-0.00362396,-0.000625601,-0.000193151
0,0.192452,9.58761e-05,0.0136144,-0.0277082,-0.00362396,-0.000625601,-0.000198104
0,0.192452,9.58761e-05,0.0136144,-0.0277082,-0.00362396,-0.000614625,-0.000193151
0,0.192452,9.58761e-05,0.0136144,-0.0277082,-0.00362396,-0.000614625,-0.000193151
0,0.192452,9.58761e-05,0.0136144,-0.0277082,-0.00362396,-0.000625601,-0.000198104
0,0.192452,9.58761e-05,0.0136144,-0.0277082,-0.00362396,-0.000614625,-0.000188199
0,0.192452,9.58761e-05,0.0136144,-0.0277082,-0.00362396,-0.000592674,-0.000183246
0,0.192452,9.58761e-05,0.0136144,-0.0277082,-0.00362396,-0.000625601,-0.000198104
0,0.192452,9.58761e-05,0.0136144,-0.0277082,-0.00362396,-0.000592674,-0.000188199
0,0.192452,9.58761e-05,0.0136144,-0.0277082,-0.00362396,-0.000592674,-0.000193151
0,0.192452,9.58761e-05,0.0136144,-0.0277082,-0.00362396,-0.000625601,-0.000198104
0,0.192452,9.58761e-05,0.0136144,-0.0277082,-0.00362396,-0.000625601,-0.000193151
0,0.192452,9.58761e-05,0.0136144,-0.0277082,-0.00362396,-0.00060365,-0.000193151
0,0.192452,9.58761e-05,0.0136144,-0.0277082,-0.00362396,-0.00060365,-0.000188199
0,0.192452,9.58761e-05,0.0136144,-0.0277082,-0.00362396,-0.000636576,-0.000203056
0,0.192452,9.58761e-05,0.0137103,-0.0277082,-0.00362396,-0.00060365,-0.000188199
0,0.192452,0,0.0137103,-0.0277082,-0.00362396,-0.000570724,-0.000173341
0,0.192452,0,0.0137103,-0.0277082,-0.00362396,-0.000581699,-0.000178293
0,0.192452,0,0.0137103,-0.0277082,-0.00362396,-0.000581699,-0.000173341
0,0.192452,0,0.0137103,-0.0277082,-0.00362396,-0.000592674,-0.000183246
0,0.192452,-9.58761e-05,0.0137103,-0.0277082,-0.00362396,-0.000581699,-0.000183246
0,0.192452,-9.58761e-05,0.0137103,-0.0277082,-0.00362396,-0.000570724,-0.000173341
0,0.192452,-9.58761e-05,0.0137103,-0.0277082,-0.00362396,-0.000614625,-0.000193151
0,0.192452,-9.58761e-05,0.0137103,-0.0277082,-0.00362396,-0.000570724,-0.000173341
0,0.192452,-9.58761e-05,0.0137103,-0.0277082,-0.00362396,-0.000581699,-0.000173341
0,0.192452,-9.58761e-05,0.0137103,-0.0277082,-0.00362396,-0.000559748,-0.000178293
0,0.192452,-9.58761e-05,0.0137103,-0.0277082,-0.00362396,-0.000548773,-0.000173341
0,0.192452,-9.58761e-05,0.0137103,-0.0277082,-0.00362396,-0.000625601,-0.000198104
0,0.192452,-9.58761e-05,0.0137103,-0.0277082,-0.00362396,-0.000647552,-0.000203056
0,0.192452,-9.58761e-05,0.0137103,-0.0277082,-0.00362396,-0.000625601,-0.000198104
0,0.192452,-9.58761e-05,0.0137103,-0.0277082,-0.00362396,-0.000625601,-0.000198104
0,0.192452,-9.58761e-05,0.0137103,-0.0277082,-0.00362396,-0.000559748,-0.000173341
0,0.192452,-9.58761e-05,0.0137103,-0.0277082,-0.00362396,-0.000548773,-0.000163436
0,0.192452,-9.58761e-05,0.0137103,-0.0277082,-0.00362396,-0.00060365,-0.000193151
0,0.192452,-9.58761e-05,0.0137103,-0.0277082,-0.00362396,-0.000636576,-0.000208009
0,0.192452,-9.58761e-05,0.0137103,-0.0277082,-0.00362396,-0.000636576,-0.000212962
0,0.192452,-9.58761e-05,0.0137103,-0.0277082,-0.00362396,-0.000614625,-0.000193151
0,0.192452,-9.58761e-05,0.0137103,-0.0277082,-0.00362396,-0.000625601,-0.000193151
0,0.192452,-9.58761e-05,0.0137103,-0.0277082,-0.00362396,-0.000636576,-0.000203056
0,0.192452,-9.58761e-05,0.0137103,-0.0277082,-0.00362396,-0.000625601,-0.000208009
0,0.192452,-9.58761e-05,0.0137103,-0.0277082,-0.00362396,-0.000625601,-0.000198104
0,0.192452,-9.58761e-05,0.0137103,-0.0277082,-0.00362396,-0.000614625,-0.000198104
0,0.192452,-9.58761e-05,0.0137103,-0.0277082,-0.00362396,-0.000614625,-0.000193151
0,0.192452,-9.58761e-05,0.0137103,-0.0277082,-0.00362396,-0.000614625,-0.000198104
0,0.192452,-9.58761e-05,0.0137103,-0.0277082,-0.00362396,-0.000658527,-0.000212962
0,0.192452,-9.58761e-05,0.0137103,-0.0277082,-0.00362396,-0.000625601,-0.000203056
0,0.192452,-9.58761e-05,0.0137103,-0.0277082,-0.00362396,-0.000625601,-0.000198104
0,0.192452,-9.58761e-05,0.0137103,-0.0277082,-0.00362396,-0.000636576,-0.000208009
0,0.192452,-9.58761e-05,0.0137103,-0.0277082,-0.00362396,-0.000636576,-0.000208009
0,0.192452,-9.58761e-05,0.0137103,-0.0277082,-0.00362396,-0.00060365,-0.000193151
0,0.192452,-9.58761e-05,0.0137103,-0.0277082,-0.00362396,-0.000614625,-0.000203056
0,0.192452,-9.58761e-05,0.0137103,-0.0277082,-0.00362396,-0.000614625,-0.000208009
0,0.192452,-9.58761e-05,0.0137103,-0.0277082,-0.00362396,-0.000625601,-0.000198104
0,0.192452,-9.58761e-05,0.0137103,-0.0277082,-0.00362396,-0.000614625,-0.000203056
0,0.192452,-9.58761e-05,0.0137103,-0.0277082,-0.00362396,-0.000625601,-0.000203056
0,0.192452,-9.58761e-05,0.0137103,-0.0277082,-0.00362396,-0.000515846,-0.000158483
0,0.192452,-9.58761e-05,0.0137103,-0.0277082,-0.00362396,-0.000570724,-0.000183246
0,0.192452,-9.58761e-05,0.0137103,-0.0277082,-0.00362396,-0.000526822,-0.000158483
0,0.192452,-9.58761e-05,0.0137103,-0.0277082,-0.00362396,-0.000417067,-0.00011391
0,0.192452,-9.58761e-05,0.0137103,-0.0277082,-0.00362396,-0.000559748,-0.000183246
0,0.192452,-9.58761e-05,0.0137103,-0.0277082,-0.00362396,-0.000548773,-0.000168388
0,0.192452,-9.58761e-05,0.0137103,-0.0277082,-0.00362396,-0.000526822,-0.000168388
0,0.192452,-9.58761e-05,0.0137103,-0.0277082,-0.00362396,-0.000570724,-0.000178293
0,0.192452,-9.58761e-05,0.0137103,-0.0277082,-0.00362396,-0.000515846,-0.000168388
0,0.192452,-9.58761e-05,0.0137103,-0.0277082,-0.00362396,-0.000526822,-0.00015353
0,0.192452,-9.58761e-05,0.0137103,-0.0277082,-0.00362396,-0.000548773,-0.000168388
0,0.192452,-9.58761e-05,0.0137103,-0.0277082,-0.00362396,-0.000504871,-0.000148578
0,0.192452,-9.58761e-05,0.0137103,-0.0277082,-0.00362396,-0.000526822,-0.000158483
0,0.192452,-9.58761e-05,0.0137103,-0.0277082,-0.00362396,-0.000537797,-0.000163436
0,0.192452,-9.58761e-05,0.0137103,-0.0277082,-0.00362396,-0.000537797,-0.000168388
0,0.192452,-9.58761e-05,0.0137103,-0.0277082,-0.00362396,-0.000537797,-0.000163436
0,0.192452,-9.58761e-05,0.0137103,-0.0277082,-0.00362396,-0.000526822,-0.000163436
0,0.192452,-9.58761e-05,0.0137103,-0.0277082,-0.00362396,-0.000493895,-0.000138673
0,0.192452,-9.58761e-05,0.0137103,-0.0277082,-0.00362396,-0.000559748,-0.000178293
0,0.192452,-9.58761e-05,0.0137103,-0.0277082,-0.00362396,-0.000537797,-0.000158483
0,0.192452,-9.58761e-05,0.0137103,-0.0277082,-0.00362396,-0.000581699,-0.000178293
0,0.192452,-9.58761e-05,0.0137103,-0.0277082,-0.00362396,-0.000548773,-0.000168388
0,0.192452,-9.58761e-05,0.0137103,-0.0277082,-0.00362396,-0.000559748,-0.000168388
0,0.192452,-9.58761e-05,0.0137103,-0.0277082,-0.00362396,-0.000570724,-0.000183246
0,0.192452,-9.58761e-05,0.0137103,-0.0277082,-0.00362396,-0.000559748,-0.000168388
0,0.192452,-9.58761e-05,0.0137103,-0.0277082,-0.00362396,-0.000493895,-0.000143625
0,0.192452,-9.58761e-05,0.0137103,-0.0277082,-0.00362396,-0.000439018,-0.00011391
0,0.192452,-9.58761e-05,0.0137103,-0.0277082,-0.00362396,-0.000548773,-0.000163436
0,0.192452,-9.58761e-05,0.0137103,-0.0277082,-0.00362396,-0.00048292,-0.000143625
0,0.192452,-9.58761e-05,0.0137103,-0.0277082,-0.00362396,-0.000504871,-0.00015353
0,0.192452,-9.58761e-05,0.0137103,-0.0277082,-0.00362396,-0.000449994,-0.000128767
0,0.192452,-9.58761e-05,0.0137103,-0.0277082,-0.00362396,-0.000449994,-0.000118862
0,0.192452,-9.58761e-05,0.0137103,-0.0277082,-0.00362396,-0.000548773,-0.000163436
0,0.192356,-9.58761e-05,0.0137103,-0.0277082,-0.00362396,-0.000548773,-0.000173341
0,0.192356,-9.58761e-05,0.0137103,-0.0277082,-0.00362396,-0.000559748,-0.000178293
0,0.192356,-9.58761e-05,0.0137103,-0.0277082,-0.00362396,-0.00048292,-0.000138673
0,0.192356,-9.58761e-05,0.0137103,-0.0277082,-0.00362396,-0.000537797,-0.000168388
0,0.192356,-9.58761e-05,0.0137103,-0.0277082,-0.00362396,-0.000559748,-0.000168388
0,0.192356,-9.58761e-05,0.0137103,-0.0277082,-0.00362396,-0.000526822,-0.000168388
0,0.192356,-0.000191752,0.0138062,-0.0277082,-0.00362396,-0.000460969,-0.000128767
0,0.192356,-0.000191752,0.0138062,-0.0277082,-0.00362396,-0.000537797,-0.000168388
0,0.192356,-0.000191752,0.0138062,-0.0277082,-0.00362396,-0.000548773,-0.000168388
0,0.192356,-0.000191752,0.0138062,-0.0277082,-0.00362396,-0.00048292,-0.000138673
0,0.192356,-0.000191752,0.0138062,-0.0277082,-0.00362396,-0.000471944,-0.000128767
0,0.192356,-0.000191752,0.0138062,-0.0277082,-0.00362396,-0.000406092,-9.40993e-05
0,0.192356,-0.000191752,0.0138062,-0.0277082,-0.00362396,-0.000504871,-0.000148578
0,0.192356,-0.000191752,0.0138062,-0.0277082,-0.00362396,-0.000460969,-0.000128767
0,0.192356,-0.000191752,0.0138062,-0.0277082,-0.00362396,-0.000493895,-0.000143625
0,0.192356,-0.000191752,0.0138062,-0.0277082,-0.00362396,-0.000515846,-0.000148578
0,0.192356,-0.000191752,0.0138062,-0.0277082,-0.00362396,-0.000493895,-0.000143625
0,0.192356,-0.000191752,0.0138062,-0.0277082,-0.00362396,-0.000460969,-0.000128767
0,0.192356,-0.000191752,0.0138062,-0.0277082,-0.00362396,-0.000417067,-0.00011391
0,0.192356,-0.000191752,0.0138062,-0.0277082,-0.00362396,-0.000515846,-0.000148578
0,0.192356,-0.000191752,0.0138062,-0.0277082,-0.00362396,-0.000449994,-0.000123815
0,0.192356,-0.000191752,0.0138062,-0.0277082,-0.00362396,-0.000373165,-8.91467e-05
0,0.192356,-0.000191752,0.0138062,-0.0277082,-0.00362396,-0.000460969,-0.000128767
0,0.192356,-0.000191752,0.0138062,-0.0277082,-0.00362396,-0.000417067,-0.000108957
0,0.192356,-0.000191752,0.0138062,-0.0277082,-0.00362396,-0.000428043,-0.00011391
0,0.192356,-0.000191752,0.0138062,-0.0277082,-0.00362396,-0.00036219,-7.92415e-05
0,0.192356,-0.000191752,0.0138062,-0.0277082,-0.00362396,-0.000515846,-0.00015353
0,0.192356,-0.000191752,0.0138062,-0.0277082,-0.00362396,-0.000460969,-0.000128767
0,0.192356,-0.000191752,0.0138062,-0.0277082,-0.00362396,-0.00048292,-0.000138673
0,0.192356,-0.000191752,0.0138062,-0.0277082,-0.00362396,-0.000406092,-0.00011391
0,0.192356,-0.000191752,0.0138062,-0.0277082,-0.00362396,-0.00036219,-8.41941e-05
0,0.192356,-0.000191752,0.0138062,-0.0277082,-0.00362396,-0.000504871,-0.00015353
0,0.192356,-0.000191752,0.0138062,-0.0277082,-0.00362396,-0.000373165,-9.40993e-05
0,0.192356,-0.000191752,0.0138062,-0.0277082,-0.00362396,-0.000417067,-0.000104005
0,0.192356,-0.000191752,0.0138062,-0.0277082,-0.00362396,-0.000526822,-0.000163436
0,0.192356,-0.000191752,0.0138062,-0.0277082,-0.00362396,-0.00048292,-0.000128767
0,0.192356,-0.000191752,0.0138062,-0.0277082,-0.00362396,-0.00048292,-0.00013372
0,0.192356,-0.000191752,0.0138062,-0.0277082,-0.00362396,-0.000471944,-0.000138673
0,0.192356,-0.000191752,0.0138062,-0.0277082,-0.00362396,-0.000460969,-0.000123815
0,0.192356,-0.000191752,0.0138062,-0.0277082,-0.00362396,-0.000395116,-0.000104005
0,0.192356,-0.000191752,0.0138062,-0.0277082,-0.00362396,-0.00048292,-0.00013372
0,0.192356,-0.000191752,0.0138062,-0.0277082,-0.00362396,-0.000395116,-0.000104005
0,0.192356,-0.000191752,0.0138062,-0.0277082,-0.00362396,-0.000406092,-0.000104005
0,0.192356,-0.000191752,0.0138062,-0.0277082,-0.00362396,-0.000395116,-0.000104005
0,0.192356,-0.000191752,0.0138062,-0.0277082,-0.00362396,-0.000493895,-0.000138673
0,0.192356,-0.000191752,0.0138062,-0.0277082,-0.00362396,-0.000460969,-0.000138673
0,0.192356,-0.000191752,0.0138062,-0.0277082,-0.00362396,-0.000493895,-0.000138673
0,0.192356,-0.000191752,0.0138062,-0.0277082,-0.00362396,-0.000406092,-0.000104005
0,0.192356,-0.000191752,0.0138062,-0.0277082,-0.00362396,-0.000351214,-7.42889e-05
0,0.192356,-0.000191752,0.0138062,-0.0277082,-0.00362396,-0.000351214,-7.92415e-05
0,0.192356,-0.000191752,0.0138062,-0.0277082,-0.00362396,-0.000351214,-8.41941e-05
0,0.192356,-0.000191752,0.0138062,-0.0277082,-0.00362396,-0.000329264,-7.92415e-05
0,0.192356,-0.000191752,0.0138062,-0.0277082,-0.00362396,-0.000373165,-8.91467e-05
0,0.192356,-0.000191752,0.0138062,-0.0277082,-0.00362396,-0.000471944,-0.00013372
0,0.192356,-0.000191752,0.0138062,-0.0277082,-0.00362396,-0.000395116,-9.90519e-05
0,0.192356,-0.000191752,0.0138062,-0.0277082,-0.00362396,-0.000417067,-0.000104005
0,0.192356,-0.000191752,0.0138062,-0.0277082,-0.00362396,-0.000274386,-4.45734e-05
0,0.192356,-0.000191752,0.0138062,-0.0277082,-0.00362396,-0.000285362,-6.43837e-05
0,0.192356,-0.000191752,0.0138062,-0.0277082,-0.00362396,-0.000384141,-0.00011391
0,0.192356,-0.000191752,0.0138062,-0.0277082,-0.00362396,0.00226094,0.00108462
0,0.192356,-0.000191752,0.0138062,-0.0277082,-0.00362396,0.00226094,0.00108957
0,0.192356,-0.000191752,0.0138062,-0.0277082,-0.00362396,0.00221704,0.00108462
0,0.192356,-9.58761e-05,0.0138062,-0.0277082,-0.00362396,0.0023707,0.001149
0,0.192356,-9.58761e-05,0.0138062,-0.0277082,-0.00362396,0.00235972,0.0011391
0,0.192356,-9.58761e-05,0.0138062,-0.0277082,-0.00362396,0.00235972,0.00113414
0,0.192356,-9.58761e-05,0.0138062,-0.0277082,-0.00362396,0.00233777,0.00113414
0,0.192356,-9.58761e-05,0.0138062,-0.0277082,-0.00362396,0.0023268,0.00113414
0,0.192356,-9.58761e-05,0.0138062,-0.0277082,-0.00362396,0.00233777,0.00112424
0,0.192356,-9.58761e-05,0.0138062,-0.0277082,-0.00362396,0.00231582,0.00112919
0,0.192356,-9.58761e-05,0.0138062,-0.0277082,-0.00362396,0.0023268,0.00112919
0,0.192356,-9.58761e-05,0.0138062,-0.0277082,-0.00362396,0.00231582,0.00112424
0,0.192356,-9.58761e-05,0.0138062,-0.0277082,-0.00362396,0.00230485,0.00111929
0,0.192356,-9.58761e-05,0.0138062,-0.0277082,-0.00362396,0.00230485,0.00112424
0,0.192356,-9.58761e-05,0.0138062,-0.0277082,-0.00362396,0.00229387,0.00111433
0,0.192356,-9.58761e-05,0.0138062,-0.0277082,-0.00362396,0.00229387,0.00111433
0,0.192356,-9.58761e-05,0.0138062,-0.0277082,-0.00362396,0.00228289,0.00110938
0,0.192356,-9.58761e-05,0.0138062,-0.0277082,-0.00362396,0.00227192,0.00110938
0,0.192356,-9.58761e-05,0.0138062,-0.0277082,-0.00362396,0.00217314,0.00105986
0,0.192356,-9.58761e-05,0.0138062,-0.0277082,-0.00362396,0.00217314,0.0010549
0,0.192356,-9.58761e-05,0.0138062,-0.0277082,-0.00362396,0.00217314,0.00105986
0,0.19226,-9.58761e-05,0.0138062,-0.0277082,-0.00362396,0.00217314,0.00105986
0,0.19226,-9.58761e-05,0.0138062,-0.0277082,-0.00362396,0.00217314,0.00105986
0,0.19226,-9.58761e-05,0.0138062,-0.0277082,-0.00362396,0.00217314,0.00104995
0,0.19226,-9.58761e-05,0.0138062,-0.0277082,-0.00362396,0.00215119,0.0010549
0,0.19226,-9.58761e-05,0.0138062,-0.0277082,-0.00362396,0.00215119,0.0010549
0,0.19226,-9.58761e-05,0.0138062,-0.0277082,-0.00362396,0.00215119,0.00105986
0,0.19226,-9.58761e-05,0.0138062,-0.0277082,-0.00362396,0.00215119,0.00104995
0,0.19226,-9.58761e-05,0.0138062,-0.0277082,-0.00362396,0.00215119,0.00104995
0,0.19226,-9.58761e-05,0.0138062,-0.0277082,-0.00362396,0.00215119,0.00104995
0,0.19226,-9.58761e-05,0.0138062,-0.0277082,-0.00362396,0.00215119,0.001045
0,0.19226,-9.58761e-05,0.0138062,-0.0277082,-0.00362396,0.00214021,0.001045
0,0.19226,-9.58761e-05,0.0138062,-0.0277082,-0.00362396,0.00222802,0.00100538
0,0.19226,-9.58761e-05,0.0138062,-0.0277082,-0.00362396,0.00214021,0.00104004
0,0.19226,-9.58761e-05,0.0138062,-0.0277082,-0.00362396,0.00214021,0.001045
0,0.19226,-9.58761e-05,0.0138062,-0.0277082,-0.00362396,0.00214021,0.00103014
0,0.19226,-9.58761e-05,0.0138062,-0.0277082,-0.00362396,0.00215119,0.00103509
0,0.19226,-9.58761e-05,0.0138062,-0.0277082,-0.00362396,0.00212924,0.00103509
0,0.19226,-9.58761e-05,0.0138062,-0.0277082,-0.00362396,0.00212924,0.00103014
0,0.19226,-9.58761e-05,0.0138062,-0.0277082,-0.00362396,0.00212924,0.00103509
0,0.19226,-9.58761e-05,0.0138062,-0.0277082,-0.00362396,0.00211826,0.00103509
0,0.19226,-9.58761e-05,0.0138062,-0.0277082,-0.00362396,0.00212924,0.00102519
0,0.19226,-9.58761e-05,0.0138062,-0.0277082,-0.00362396,0.00214021,0.00103509
0,0.19226,0,0.0138062,-0.0277082,-0.00362396,0.00211826,0.00102519
0,0.19226,0,0.0138062,-0.0277082,-0.00362396,0.00211826,0.00103014
0,0.19226,0,0.0138062,-0.0277082,-0.00362396,0.00207436,0.00101528
0,0.19226,0,0.0138062,-0.0277082,-0.00362396,0.00209631,0.00101528
0,0.19226,0,0.0138062,-0.0277082,-0.00362396,0.00201948,0.000980614
0,0.19226,0,0.0138062,-0.0277082,-0.00362396,0.00205241,0.000990519
0,0.19226,0,0.0138062,-0.0277082,-0.00362396,0.00204143,0.000995472
0,0.19226,0,0.0138062,-0.0277082,-0.00362396,0.00193168,0.000950898
0,0.19226,0,0.0138062,-0.0277082,-0.00362396,0.0019207,0.000931088
0,0.19226,0,0.0138062,-0.0277082,-0.00362396,0.00186583,0.000901372
0,0.19226,0,0.0138062,-0.0277082,-0.00362396,-0.00160242,-0.000653743
0,0.19226,0,0.0138062,-0.0277082,-0.00362396,-0.00148169,-0.000604217
0,0.19226,0,0.0138062,-0.0277082,-0.00362396,-0.00143778,-0.000569548
0,0.19226,0,0.0138062,-0.0277082,-0.00362396,-0.00142681,-0.000559643
0,0.19226,0,0.0138062,-0.0277082,-0.00362396,-0.00151461,-0.000604217
0,0.19226,0,0.0138062,-0.0277082,-0.00362396,-0.00144876,-0.000584406
0,0.19226,0,0.0138062,-0.0277082,-0.00362396,-0.00144876,-0.000574501
0,0.19226,0,0.0138062,-0.0277082,-0.00362396,-0.00150364,-0.000594311
0,0.19226,0,0.0138062,-0.0277082,-0.00362396,-0.00147071,-0.000589359
0,0.19226,0,0.0138062,-0.0277082,-0.00362396,-0.00145974,-0.000579454
0,0.19226,0,0.0138062,-0.0277082,-0.00362396,-0.00147071,-0.000594311
0,0.19226,0,0.0138062,-0.0277082,-0.00362396,-0.00151461,-0.000614122
0,0.19226,0,0.0138062,-0.0277082,-0.00362396,-0.00145974,-0.000594311
0,0.19226,0,0.0138062,-0.0277082,-0.00362396,-0.00139388,-0.000569548
0,0.19226,0,0.0138062,-0.0277082,-0.00362396,-0.00134998,-0.00053488
0,0.19226,0,0.0138062,-0.0277082,-0.00362396,-0.00140486,-0.000569548
0,0.19226,0,0.0138062,-0.0277082,-0.00362396,-0.00137193,-0.000544785
0,0.19226,0,0.0138062,-0.0277082,-0.00362396,-0.00139388,-0.000559643
0,0.19226,0,0.0138062,-0.0277082,-0.00362396,-0.00137193,-0.000554691
0,0.19226,0,0.0138062,-0.0277082,-0.00362396,-0.00130608,-0.00051507
0,0.19226,0,0.0138062,-0.0277082,-0.00362396,-0.00132803,-0.00053488
0,0.19226,0,0.0138062,-0.0277082,-0.00362396,-0.00140486,-0.000559643
0,0.19226,0,0.0138062,-0.0277082,-0.00362396,-0.00130608,-0.000529928
0,0.19226,0,0.0138062,-0.0277082,-0.00362396,-0.00137193,-0.000544785
0,0.19226,0,0.0138062,-0.0277082,-0.00362396,-0.00141583,-0.000564596
0,0.19226,0,0.0138062,-0.0277082,-0.00362396,-0.00133901,-0.00053488
0,0.19226,0,0.0138062,-0.0277082,-0.00362396,-0.00137193,-0.000559643
0,0.192165,0,0.0138062,-0.0277082,-0.00362396,-0.00137193,-0.000544785
0,0.192165,0,0.0138062,-0.0277082,-0.00362396,-0.00138291,-0.000549738
0,0.192165,0,0.0138062,-0.0277082,-0.00362396,-0.00134998,-0.000544785
0,0.192165,0,0.0138062,-0.0277082,-0.00362396,-0.00133901,-0.00053488
0,0.192165,0,0.0138062,-0.0277082,-0.00362396,-0.0012951,-0.000520022
0,0.192165,0,0.0138062,-0.0277082,-0.00362396,-0.00138291,-0.000549738
0,0.192165,0,0.0138062,-0.0277082,-0.00362396,-0.00134998,-0.00053488
0,0.192165,0,0.0138062,-0.0277082,-0.00362396,-0.00134998,-0.000554691
0,0.192165,0,0.0138062,-0.0277082,-0.00362396,-0.00138291,-0.000569548
0,0.192165,0,0.0138062,-0.0277082,-0.00362396,-0.00131705,-0.000520022
0,0.192165,0,0.0138062,-0.0277082,-0.00362396,-0.000614625,-0.000212962
0,0.192165,0,0.0138062,-0.0277082,-0.00362396,-0.000614625,-0.000212962
0,0.192165,0,0.0138062,-0.0277082,-0.00362396,-0.00060365,-0.000208009
0,0.192165,0,0.0138062,-0.0277082,-0.00362396,-0.000625601,-0.000208009
0,0.192165,9.58761e-05,0.0138062,-0.0277082,-0.00362396,-0.000625601,-0.000217914
0,0.192165,9.58761e-05,0.0138062,-0.0277082,-0.00362396,-0.000636576,-0.000217914
0,0.192165,9.58761e-05,0.0138062,-0.0277082,-0.00362396,-0.000636576,-0.000212962
0,0.192165,9.58761e-05,0.0138062,-0.0277082,-0.00362396,-0.000614625,-0.000208009
0,0.192165,9.58761e-05,0.0138062,-0.0277082,-0.00362396,-0.000647552,-0.000227819
0,0.192165,9.58761e-05,0.0138062,-0.0277082,-0.00362396,-0.000592674,-0.000217914
0,0.192165,9.58761e-05,0.0138062,-0.0277082,-0.00362396,-0.000625601,-0.000217914
0,0.192165,9.58761e-05,0.0138062,-0.0277082,-0.00362396,-0.000614625,-0.000208009
0,0.192165,9.58761e-05,0.0138062,-0.0277082,-0.00362396,-0.000614625,-0.000208009
0,0.192165,9.58761e-05,0.0138062,-0.0277082,-0.00362396,-0.000614625,-0.000208009
0,0.192165,9.58761e-05,0.0138062,-0.0277082,-0.00362396,-0.000625601,-0.000222867
0,0.192165,9.58761e-05,0.0138062,-0.0277082,-0.00362396,-0.00060365,-0.000212962
0,0.192165,9.58761e-05,0.0138062,-0.0277082,-0.00362396,-0.00060365,-0.000198104
0,0.192165,9.58761e-05,0.0138062,-0.0277082,-0.00362396,-0.000581699,-0.000198104
0,0.192165,9.58761e-05,0.0138062,-0.0277082,-0.00362396,-0.000592674,-0.000198104
0,0.192165,9.58761e-05,0.0138062,-0.0277082,-0.00362396,-0.000548773,-0.000183246
0,0.192165,9.58761e-05,0.0138062,-0.0277082,-0.00362396,-0.000581699,-0.000212962
0,0.192165,9.58761e-05,0.0138062,-0.0277082,-0.00362396,-0.00060365,-0.000198104
0,0.192165,9.58761e-05,0.0138062,-0.0277082,-0.00362396,-0.000625601,-0.000208009
0,0.192165,9.58761e-05,0.0138062,-0.0277082,-0.00362396,-0.000581699,-0.000198104
0,0.192165,9.58761e-05,0.0138062,-0.0277082,-0.00362396,-0.000592674,-0.000193151
0,0.192165,9.58761e-05,0.0138062,-0.0277082,-0.00362396,-0.000614625,-0.000208009
0,0.192165,9.58761e-05,0.0138062,-0.0277082,-0.00362396,-0.000581699,-0.000203056
0,0.192165,9.58761e-05,0.0138062,-0.0277082,-0.00362396,-0.000625601,-0.000208009
0,0.192165,9.58761e-05,0.0138062,-0.0277082,-0.00362396,-0.000570724,-0.000198104
0,0.192165,9.58761e-05,0.0138062,-0.0277082,-0.00362396,-0.000581699,-0.000198104
0,0.192165,9.58761e-05,0.0138062,-0.0277082,-0.00362396,-0.000614625,-0.000222867
0,0.192165,9.58761e-05,0.0138062,-0.0277082,-0.00362396,-0.00060365,-0.000198104
0,0.192165,9.58761e-05,0.0138062,-0.0277082,-0.00362396,-0.000614625,-0.000208009
0,0.192165,9.58761e-05,0.0138062,-0.0277082,-0.00362396,-0.000625601,-0.000217914
0,0.192165,9.58761e-05,0.0138062,-0.0277082,-0.00362396,-0.000625601,-0.000212962
0,0.192165,9.58761e-05,0.0138062,-0.0277082,-0.00362396,-0.000548773,-0.000188199
0,0.192165,9.58761e-05,0.0138062,-0.0277082,-0.00362396,-0.000592674,-0.000203056
0,0.192165,9.58761e-05,0.0138062,-0.0277082,-0.00362396,-0.000592674,-0.000193151
0,0.192165,9.58761e-05,0.0138062,-0.0277082,-0.00362396,-0.000559748,-0.000188199
0,0.192165,9.58761e-05,0.0138062,-0.0277082,-0.00362396,-0.000592674,-0.000217914
0,0.192165,9.58761e-05,0.0138062,-0.0277082,-0.00362396,-0.000570724,-0.000193151
0,0.192165,9.58761e-05,0.0138062,-0.0277082,-0.00362396,-0.000592674,-0.000208009
0,0.192165,9.58761e-05,0.0138062,-0.0277082,-0.00362396,-0.000581699,-0.000198104
0,0.192165,9.58761e-05,0.0138062,-0.0277082,-0.00362396,-0.000592674,-0.000203056
0,0.192165,9.58761e-05,0.0138062,-0.0277082,-0.00362396,-0.000526822,-0.000173341
0,0.192165,9.58761e-05,0.0138062,-0.0277082,-0.00362396,-0.000515846,-0.000173341
0,0.192165,9.58761e-05,0.0138062,-0.0277082,-0.00362396,-0.000548773,-0.000183246
0,0.192165,9.58761e-05,0.0138062,-0.0277082,-0.00362396,-0.000526822,-0.000173341
0,0.192165,9.58761e-05,0.0138062,-0.0277082,-0.00362396,-0.000515846,-0.000173341
0,0.192165,9.58761e-05,0.0138062,-0.0277082,-0.00362396,-0.000559748,-0.000193151
0,0.192165,9.58761e-05,0.0138062,-0.0277082,-0.00362396,-0.000439018,-0.000128767
0,0.192165,9.58761e-05,0.0138062,-0.0277082,-0.00362396,-0.000559748,-0.000193151
0,0.192165,9.58761e-05,0.013902,-0.0275165,-0.00247955,0.0090767,0.178576
0,0.192165,0.000191752,0.0148608,-0.0279,-0.000953674,0.00852793,0.990088
0,0.192069,0.000287628,0.0159154,-0.0268453,-0.000953674,0.00336946,0.992282
0,0.192069,0.000287628,0.0159154,-0.0268453,-0.000953674,0.00323776,0.992257
0,0.192069,0.000287628,0.0159154,-0.0268453,-0.000953674,0.00323776,0.992287
0,0.192069,0.000287628,0.0159154,-0.0268453,-0.000953674,0.00327068,0.992332
0,0.192069,0.000287628,0.0159154,-0.0268453,-0.000953674,0.00322678,0.992356
0,0.192069,0.000287628,0.0159154,-0.0268453,-0.000953674,0.00314995,0.992356
0,0.192069,0.000287628,0.0159154,-0.0268453,-0.000953674,0.0029085,0.99248
0,0.192069,0.000287628,0.0159154,-0.0268453,-0.000953674,0.00261216,0.99254
0,0.192069,0.000287628,0.0159154,-0.0268453,-0.000953674,0.00266703,0.99256
0,0.192069,0.000287628,0.0159154,-0.0268453,-0.000953674,0.00275484,0.992589
0,0.192069,0.000287628,0.0159154,-0.0268453,-0.000953674,0.00261216,0.992599
0,0.192069,0.000287628,0.0159154,-0.0268453,-0.000953674,0.00259021,0.992555
0,0.192069,0.000287628,0.0159154,-0.0268453,-0.000953674,0.00267801,0.992555
0,0.192069,0.000287628,0.0159154,-0.0268453,-0.000953674,0.00259021,0.992555
0,0.192069,0.000287628,0.0159154,-0.0268453,-0.000953674,0.00273289,0.992634
0,0.192069,0.000287628,0.0159154,-0.0268453,-0.000953674,0.00263411,0.992659
0,0.192069,0.000287628,0.0159154,-0.0268453,-0.000953674,0.00259021,0.992654
0,0.192069,0.000287628,0.0159154,-0.0268453,-0.000953674,-0.000592674,0.99408
0,0.192069,0.000191752,0.0159154,-0.0268453,-0.000953674,-0.000592674,0.99407
0,0.192069,0.000191752,0.0159154,-0.0268453,-0.000953674,-0.000647552,0.994045
0,0.192069,0.000191752,0.0159154,-0.0268453,-0.000953674,-0.000592674,0.99407
0,0.192069,0.000191752,0.0159154,-0.0268453,-0.000953674,-0.000570724,0.99408
0,0.192069,0.000191752,0.0159154,-0.0268453,-0.000953674,-0.000625601,0.994055
0,0.192069,0.000191752,0.0159154,-0.0268453,-0.000953674,-0.000614625,0.99406
0,0.192069,0.000191752,0.0159154,-0.0268453,-0.000953674,-0.000570724,0.99408
0,0.192069,0.000191752,0.0159154,-0.0268453,-0.000953674,-0.000581699,0.994075
0,0.192069,0.000191752,0.0159154,-0.0268453,-0.000953674,-0.000592674,0.99407
0,0.192069,0.000191752,0.0159154,-0.0268453,-0.000953674,-0.000658527,0.99404
0,0.192069,0.000191752,0.0159154,-0.0268453,-0.000953674,-0.000581699,0.994075
0,0.192069,0.000191752,0.0159154,-0.0268453,-0.000953674,-0.000636576,0.99405
0,0.192069,0.000191752,0.0159154,-0.0268453,-0.000953674,-0.000548773,0.99409
0,0.192069,0.000191752,0.0159154,-0.0268453,-0.000953674,-0.000570724,0.99408
0,0.192069,0.000191752,0.0159154,-0.0268453,-0.000953674,-0.000548773,0.99409
0,0.192069,0.000191752,0.0159154,-0.0268453,-0.000953674,-0.000526822,0.9941
0,0.192069,0.000191752,0.0159154,-0.0268453,-0.000953674,-0.000559748,0.994085
0,0.192069,0.000191752,0.0159154,-0.0268453,-0.000953674,-0.000592674,0.99407
0,0.192069,0.000191752,0.0159154,-0.0268453,-0.000953674,-0.000548773,0.99409
0,0.192069,0.000191752,0.0159154,-0.0268453,-0.000953674,-0.000559748,0.994085
0,0.192069,0.000191752,0.0159154,-0.0268453,-0.000953674,-0.000570724,0.99408
0,0.192069,0.000191752,0.0159154,-0.0268453,-0.000953674,-0.000581699,0.994075
0,0.192069,0.000191752,0.0159154,-0.0268453,-0.000953674,-0.000515846,0.994105
0,0.192069,0.000191752,0.0159154,-0.0268453,-0.000953674,-0.000504871,0.99411
0,0.192069,0.000191752,0.0159154,-0.0268453,-0.000953674,-0.000428043,0.994144
0,0.192069,0.000191752,0.0159154,-0.0268453,-0.000953674,-0.000504871,0.99411
0,0.192069,0.000191752,0.0159154,-0.0268453,-0.000953674,-0.00048292,0.99412
0,0.192069,0.000191752,0.0159154,-0.0268453,-0.000953674,-0.000537797,0.994095
0,0.192069,0.000191752,0.0159154,-0.0268453,-0.000953674,-0.000504871,0.99411
0,0.192069,0.000191752,0.0159154,-0.0268453,-0.000953674,-0.000493895,0.994115
0,0.192069,0.000191752,0.0159154,-0.0268453,-0.000953674,-0.00048292,0.99412
0,0.192069,0.000191752,0.0159154,-0.0268453,-0.000953674,-0.000515846,0.994105
0,0.192069,0.000191752,0.0159154,-0.0268453,-0.000953674,-0.000515846,0.994105
0,0.192069,0.000191752,0.0159154,-0.0268453,-0.000953674,-0.000526822,0.9941
0,0.192069,0.000191752,0.0159154,-0.0268453,-0.000953674,-0.000526822,0.9941
0,0.192069,0.000191752,0.0159154,-0.0268453,-0.000953674,-0.000515846,0.994105
0,0.0775367,0.0409391,0.0171618,-0.0279,-0.00858307,-0.0382714,0.519265
0,0.0726488,0.0368164,0.0179288,-0.0272288,-0.00400543,-0.00401702,0.110448
0,0.0724571,0.0362412,0.0179288,-0.0270371,-0.00362396,-0.00379751,0.110537
0,0.0680483,0.0356659,0.0179288,-0.0270371,-0.00400543,-0.0037536,0.110552
0,0.0658439,0.03557,0.0179288,-0.0270371,-0.00362396,-0.0037536,0.110547
0,0.0628728,0.0354742,0.0179288,-0.0270371,-0.00400543,-0.00374263,0.110527
0,0.0579848,0.0354742,0.0179288,-0.0270371,-0.00400543,-0.0036658,0.110522
0,0.051755,0.0356659,0.0179288,-0.0270371,-0.00400543,-0.00349019,0.110512
0,0.0476338,0.0362412,0.0179288,-0.0270371,-0.00362396,-0.000812183,0.109215
0,0.0434167,0.0371041,0.0179288,-0.0270371,-0.00400543,-0.000768282,0.10922
0,0.0434167,0.0371041,0.0179288,-0.0270371,-0.00400543,-0.000834134,0.109195
0,0.0434167,0.0371041,0.0179288,-0.0270371,-0.00400543,-0.000779257,0.10922
0,0.0434167,0.0370082,0.0179288,-0.0270371,-0.00400543,-0.000812183,0.1092
0,0.0434167,0.0370082,0.0179288,-0.0270371,-0.00400543,-0.000801208,0.10921
0,0.0434167,0.0370082,0.0179288,-0.0270371,-0.00400543,-0.000757306,0.109225
0,0.0433209,0.0370082,0.0179288,-0.0270371,-0.00400543,-0.000878036,0.109165
0,0.0402539,0.0371041,0.0179288,-0.0270371,-0.00400543,-0.000856085,0.109165
0,0.0402539,0.0371041,0.0179288,-0.0270371,-0.00400543,-0.000899987,0.109145
0,0.0402539,0.0371041,0.0179288,-0.0270371,-0.00400543,-0.000987791,0.109106
0,0.0402539,0.0371041,0.0179288,-0.0270371,-0.00400543,-0.000954864,0.109121
0,0.0401581,0.0371041,0.0179288,-0.0270371,-0.00400543,-0.00576211,0.106936
0,0.0380495,0.0371041,0.0179288,-0.0270371,-0.00400543,-0.00575114,0.106941
0,0.0380495,0.0371041,0.0179288,-0.0270371,-0.00400543,-0.00574016,0.106946
0,0.0372828,0.0371041,0.0179288,-0.0270371,-0.00400543,-0.00575114,0.106931
0,0.0372828,0.0371041,0.0179288,-0.0270371,-0.00400543,-0.00578406,0.106902
0,0.0372828,0.0371041,0.0179288,-0.0270371,-0.00400543,-0.00576211,0.106897
0,0.0372828,0.0371041,0.0179288,-0.0270371,-0.00400543,-0.00568528,0.106917
0,0.0372828,0.0371041,0.0179288,-0.0270371,-0.00400543,-0.00571821,0.106877
0,0.0372828,0.0371041,0.0179288,-0.0270371,-0.00400543,-0.00259021,0.105515
0,0.0372828,0.0371041,0.0179288,-0.0276123,-0.00362396,-0.00343532,0.00111929
0,0.0372828,0.0371041,0.0179288,-0.0276123,-0.00362396,-0.00344629,0.00111433
0,0.0372828,0.0371041,0.0179288,-0.0276123,-0.00362396,-0.00342434,0.00112424
0,0.0372828,0.0371041,0.0179288,-0.0276123,-0.00362396,-0.00340239,0.00113414
0,0.0372828,0.0371041,0.0179288,-0.0276123,-0.00362396,-0.00344629,0.00111433
0,0.0372828,0.0371041,0.0179288,-0.0276123,-0.00362396,-0.00343532,0.00111929
0,0.0372828,0.0371041,0.0179288,-0.0276123,-0.00362396,-0.00341337,0.00112919
0,0.0372828,0.0371041,0.0179288,-0.0276123,-0.00362396,-0.00344629,0.00111433
0,0.0372828,0.0370082,0.0179288,-0.0276123,-0.00362396,-0.00346824,0.00110443
0,0.0372828,0.0370082,0.0179288,-0.0276123,-0.00362396,-0.00342434,0.00112424
0,0.0372828,0.0370082,0.0179288,-0.0276123,-0.00362396,-0.00339141,0.0011391
0,0.037187,0.0370082,0.0179288,-0.0276123,-0.00362396,-0.00340239,0.00113414
0,0.037187,0.0370082,0.0179288,-0.0276123,-0.00362396,-0.00340239,0.00113414
0,0.037187,0.0370082,0.0179288,-0.0276123,-0.00362396,-0.00339141,0.00113414
0,0.037187,0.0370082,0.0179288,-0.0276123,-0.00362396,-0.00340239,0.00112919
0,0.037187,0.0370082,0.0179288,-0.0276123,-0.00362396,-0.00341337,0.00112424
0,0.037187,0.0370082,0.0179288,-0.0276123,-0.00362396,-0.00340239,0.00112919
0,0.037187,0.0370082,0.0179288,-0.0276123,-0.00362396,-0.00338044,0.0011391
0,0.037187,0.0370082,0.0179288,-0.0276123,-0.00362396,-0.00338044,0.0011391
0,0.037187,0.0370082,0.0179288,-0.0276123,-0.00362396,-0.00335849,0.00113414
0,0.037187,0.0370082,0.0179288,-0.0276123,-0.00362396,-0.00329264,0.00116386
0,0.037187,0.0370082,0.0179288,-0.0276123,-0.00362396,-0.00338044,0.00112424
0,0.037187,0.0370082,0.0179288,-0.0276123,-0.00362396,-0.00334751,0.0011391
0,0.037187,0.0370082,0.0179288,-0.0276123,-0.00362396,-0.00335849,0.00113414
0,0.037187,0.0370082,0.0179288,-0.0276123,-0.00362396,-0.00336946,0.00112919
0,0.037187,0.0370082,0.0179288,-0.0276123,-0.00362396,-0.00333654,0.00114405
0,0.037187,0.0370082,0.0179288,-0.0276123,-0.00362396,-0.00335849,0.00111929
0,0.037187,0.0370082,0.0179288,-0.0276123,-0.00362396,-0.00332556,0.00113414
0,0.037187,0.0370082,0.0179288,-0.0276123,-0.00362396,-0.00334751,0.00111929
0,0.037187,0.0370082,0.0179288,-0.0276123,-0.00362396,-0.00329264,0.00112919
0,0.037187,0.0370082,0.0179288,-0.0276123,-0.00362396,-0.00333654,0.00110938
0,0.037187,0.0370082,0.0179288,-0.0276123,-0.00362396,-0.00323776,0.00114405
0,0.037187,0.0370082,0.0179288,-0.0276123,-0.00362396,-0.00328166,0.00112424
0,0.037187,0.0370082,0.0179288,-0.0276123,-0.00362396,-0.00314995,0.00118367
0,0.037187,0.0370082,0.0179288,-0.0276123,-0.00362396,-0.00332556,0.00108957
0,0.037187,0.0370082,0.0179288,-0.0276123,-0.00362396,-0.00163534,0.00185227
0,0.037187,0.0370082,0.0179288,-0.0276123,-0.00362396,-0.000636576,0.0022881
0,0.037187,0.0370082,0.0179288,-0.0276123,-0.00362396,-0.000625601,0.00227819
0,0.037187,0.0370082,0.0179288,-0.0276123,-0.00362396,-0.00060365,0.00227819
0,0.037187,0.0370082,0.0179288,-0.0276123,-0.00362396,-0.000614625,0.00226334
0,0.037187,0.0370082,0.0179288,-0.0276123,-0.00362396,-0.000592674,0.00226334
0,0.037187,0.0370082,0.0179288,-0.0276123,-0.00362396,0.00220607,0.000995472
0,0.037187,0.0370082,0.0179288,-0.0276123,-0.00362396,0.00316093,0.000559643
0,0.0370911,0.0370082,0.0179288,-0.0276123,-0.00362396,0.00317191,0.000564596
0,0.0331616,0.0371041,0.0179288,-0.0276123,-0.00362396,0.00316093,0.000559643
0,0.0331616,0.0371041,0.0179288,-0.0276123,-0.00362396,0.00316093,0.000559643
0,0.0331616,0.0371041,0.0179288,-0.0276123,-0.00362396,0.00317191,0.000564596
0,0.0309572,0.0371041,0.0179288,-0.0268453,-0.00362396,0.00311703,0.000544785
0,0.0257817,0.0375834,0.0179288,-0.0267494,-0.00400543,0.003128,0.000544785
0,0.0257817,0.0375834,0.0179288,-0.0267494,-0.00400543,0.003128,0.000544785
0,0.015239,0.0404597,0.0179288,-0.0267494,-0.00400543,0.00311703,0.00053488
0,0.015239,0.0404597,0.0179288,-0.0267494,-0.00400543,0.00313898,0.000544785
0,0.015239,0.0404597,0.0179288,-0.0267494,-0.00400543,0.00313898,0.000544785
0,-0.00105427,0.0562793,0.309776,-0.0234897,-0.00247955,-0.00344629,0.000891467
0,-0.00622977,0.0580051,0.412459,-0.0283793,-0.00362396,-0.0110742,0.000331824
0,-0.00622977,0.0573339,0.412459,-0.0288587,-0.00362396,-0.0100864,0.000777557
0,-0.00622977,0.0632783,0.412459,-0.0289546,-0.00362396,-0.0101742,0.000737937
0,-0.00622977,0.0687432,0.412459,-0.0289546,-0.00362396,-0.0101194,0.0007627
0,-0.00613393,0.0779473,0.412459,-0.0289546,-0.00362396,-0.0100425,0.000797368
0,-0.00613393,0.0817823,0.412459,-0.0289546,-0.00362396,-0.0100316,0.00080232
0,-0.00613393,0.0862885,0.412459,-0.0289546,-0.00362396,-0.0100206,0.000807273
0,-0.00613393,0.0872473,0.412459,-0.0289546,-0.00362396,-0.0100316,0.00080232
0,-0.00613393,0.0895483,0.412459,-0.0289546,-0.00362396,-0.0101194,0.0007627
0,-0.00613393,0.0908906,0.412459,-0.0289546,-0.00362396,-0.0100096,0.000812226
0,-0.00603809,0.0917535,0.412459,-0.0289546,-0.00362396,-0.0100425,0.000797368
0,-0.00603809,0.0948215,0.412459,-0.0289546,-0.00362396,-0.00998766,0.000822131
0,-0.00594225,0.095972,0.412459,-0.0289546,-0.00362396,-0.00999864,0.000817178
0,-0.00306697,0.0961638,0.412459,-0.0289546,-0.00362396,-0.00995473,0.000836989
0,-0.00297112,0.0962596,0.412555,-0.0289546,-0.00362396,-0.0100425,0.000797368
0,-0.00297112,0.0962596,0.412555,-0.0289546,-0.00362396,-0.00999864,0.000812226
0,-0.00297112,0.0962596,0.412555,-0.0289546,-0.00362396,-0.00904377,0.0012431
0,-0.00297112,0.096739,0.415719,-0.0287628,-0.00362396,-0.00883524,0.00130749
0,-0.00297112,0.0969308,0.416869,-0.0288587,-0.00362396,-0.00885719,0.00130253
0,-0.00297112,0.0969308,0.416869,-0.0288587,-0.00362396,-0.00885719,0.00130253
0,-0.00297112,0.0969308,0.416869,-0.0288587,-0.00362396,-0.00885719,0.00130253
0,-0.00297112,0.0969308,0.416869,-0.0288587,-0.00362396,-0.00885719,0.00130253
0,-0.00297112,0.0969308,0.416869,-0.0288587,-0.00362396,-0.00885719,0.00130253
0,-0.00297112,0.0969308,0.416869,-0.0288587,-0.00362396,-0.00882426,0.00129263
0,-0.00297112,0.0972184,0.42847,-0.0288587,-0.00362396,-0.00874744,0.00126291
0,-0.00287528,0.0972184,0.429142,-0.0288587,-0.00362396,-0.00872548,0.00126291
0,0.00709236,0.0972184,0.429142,-0.0288587,-0.00362396,-0.00872548,0.00125301
0,0.00728404,0.0972184,0.429142,-0.0288587,-0.00362396,-0.00870353,0.00124805
0,0.00728404,0.0972184,0.429142,-0.0288587,-0.00362396,-0.00868158,0.00123815
0,0.00728404,0.0972184,0.429142,-0.0288587,-0.00362396,-0.00526822,-0.000123815
0,0.00728404,0.0972184,0.429142,-0.0288587,-0.00362396,-0.00526822,-0.000118862
0,0.00728404,0.0972184,0.429142,-0.0288587,-0.00362396,-0.00527919,-0.000118862
0,0.00594225,0.00134227,0.00699896,-0.0303927,-0.00362396,-0.00379751,0.102979
0,0.00622977,0.00182165,0.00920411,-0.0278041,-0.00362396,0.00414872,0.103068
0,0.00622977,0.00172577,0.00920411,-0.0278041,-0.00362396,0.00414872,0.103068
0,0.00622977,0.00172577,0.00920411,-0.0278041,-0.00362396,0.00410482,0.103044
0,0.00622977,0.00172577,0.00920411,-0.0278041,-0.00362396,0.00428043,0.103064
0,0.00613393,0.00172577,0.00920411,-0.0278041,-0.00362396,0.00418165,0.103019
0,0.00613393,0.00162989,0.00920411,-0.0278041,-0.00362396,0.0041597,0.103019
0,0.00613393,0.00143814,0.00920411,-0.0278041,-0.00362396,0.00454384,0.103212
0,0.00613393,0.00134227,0.00920411,-0.0278041,-0.00362396,0.00470847,0.103281
0,0.00613393,0.00124639,0.00920411,-0.0278041,-0.00362396,0.00468652,0.103267
0,0.00613393,0.000862885,0.00920411,-0.0278041,-0.00362396,0.00469749,0.103291
0,0.00613393,0.000671133,0.00920411,-0.0278041,-0.00362396,0.00465359,0.103267
0,0.00603809,0.000383505,0.00929999,-0.0284752,-0.00362396,-0.00400604,0.00363025
0,0.00603809,0.000383505,0.00929999,-0.0284752,-0.00362396,-0.00401702,0.0036253
0,0.00594225,0.000287628,0.00929999,-0.0284752,-0.00362396,-0.00395116,0.00364016
0,0.00162933,9.58761e-05,0.00929999,-0.0284752,-0.00362396,-0.00394019,0.00364511
0,0.000958427,9.58761e-05,0.00929999,-0.0284752,-0.00362396,-0.00395116,0.0036253
0,0.000958427,0,0.00929999,-0.0284752,-0.00362396,-0.00396214,0.00362035
0,0.000958427,-9.58761e-05,0.00929999,-0.0284752,-0.00362396,-0.00394019,0.00360549
0,0.000958427,-0.000191752,0.00929999,-0.0284752,-0.00362396,-0.00394019,0.00359558
0,0.000862584,-0.000287628,0.00929999,-0.0284752,-0.00362396,-0.00388531,0.00361539
0,0.000862584,-0.000383505,0.00929999,-0.0284752,-0.00362396,-0.00388531,0.00359063
0,0.000862584,-0.000479381,0.00929999,-0.0284752,-0.00362396,-0.00388531,0.00357577
0,0.000862584,-0.000575257,0.00929999,-0.0284752,-0.00362396,-0.00383043,0.00357082
0,0.000862584,-0.000671133,0.00929999,-0.0284752,-0.00362396,-0.00380848,0.00355101
0,0.000862584,-0.000767009,0.00929999,-0.0284752,-0.00362396,-0.00376458,0.00354111
0,0.000766741,0.0679762,0.00958761,-0.0283793,-0.00362396,0.00145974,0.00117377
0,0.000766741,0.0690308,0.00958761,-0.0283793,-0.00362396,0.00147071,0.00117872
0,0.000766741,0.0713319,0.00958761,-0.0283793,-0.00362396,0.00145974,0.00117377
0,0.000766741,0.0718112,0.00958761,-0.0283793,-0.00362396,0.00144876,0.00116881
0,0.000766741,0.0732494,0.00958761,-0.0283793,-0.00362396,0.00148169,0.00118367
0,0.000766741,0.0772762,0.00958761,-0.0283793,-0.00362396,0.00145974,0.00117377
0,0.000670899,0.0774679,0.00958761,-0.0283793,-0.00362396,0.00150364,0.00119358
0,-0.00527135,0.0778514,0.00958761,-0.0283793,-0.00362396,0.00149266,0.00118862
0,-0.00527135,0.0780432,0.00958761,-0.0283793,-0.00362396,0.00148169,0.00118367
0,-0.00527135,0.0810153,0.00958761,-0.0283793,-0.00362396,0.00149266,0.00118862
0,-0.00527135,0.0810153,0.00958761,-0.0283793,-0.00362396,0.00149266,0.00118367
0,-0.00527135,0.0811112,0.00958761,-0.0283793,-0.00362396,0.00148169,0.00117872
0,-0.00527135,0.0812071,0.00958761,-0.0283793,-0.00362396,0.00149266,0.00118367
0,-0.00527135,0.0814947,0.00958761,-0.0283793,-0.00362396,0.00150364,0.00118862
0,-0.00527135,0.0818782,0.00958761,-0.0283793,-0.00362396,0.00149266,0.00118862
0,-0.00527135,0.08207,0.00958761,-0.0283793,-0.00362396,0.00143778,0.00115891
0,-0.00517551,0.0822617,0.00958761,-0.0283793,-0.00362396,0.00148169,0.00117872
0,-0.00517551,0.0822617,0.00958761,-0.0283793,-0.00362396,0.00138291,0.0011391
0,-0.00517551,0.0823576,0.00958761,-0.0283793,-0.00362396,0.00140486,0.001149
0,-0.00517551,0.0824535,0.00958761,-0.0283793,-0.00362396,0.00142681,0.00115891
0,-0.00517551,0.0831246,0.00958761,-0.0282835,-0.00362396,0.00115242,0.00103509
0,-0.00517551,0.496351,0.0189835,-0.0278041,-0.00362396,0.000713404,-0.000891467
0,-0.00517551,0.502295,0.0189835,-0.0268453,-0.00400543,0.000625601,-0.000931088
0,-0.00517551,0.501624,0.0189835,-0.0268453,-0.00400543,0.000680478,-0.000906325
0,-0.00517551,0.498364,0.0189835,-0.0268453,-0.00400543,0.000625601,-0.000931088
0,-0.00517551,0.496734,0.0189835,-0.0268453,-0.00400543,0.000735355,-0.000886515
0,-0.00507966,0.493187,0.0189835,-0.0268453,-0.00400543,0.000713404,-0.000891467
0,-0.00507966,0.493187,0.0189835,-0.0268453,-0.00400543,0.000647552,-0.000921183
0,-0.00507966,0.492995,0.0189835,-0.0268453,-0.00400543,0.000746331,-0.000876609
0,-0.00507966,0.492707,0.0189835,-0.0268453,-0.00400543,0.000680478,-0.000906325
0,-0.00507966,0.489448,0.0189835,-0.0268453,-0.00400543,0.000713404,-0.000891467
0,-0.00507966,0.489352,0.0189835,-0.0268453,-0.00400543,0.000702429,-0.00089642
0,-0.00507966,0.48916,0.0189835,-0.0268453,-0.00400543,0.000867061,-0.00100538
0,-0.00498382,0.488968,0.0189835,-0.0268453,-0.00400543,0.00084511,-0.000995472
0,-0.00498382,0.488489,0.0189835,-0.0268453,-0.00400543,0.000834134,-0.00100042
0,0.00115011,0.488393,0.0189835,-0.0268453,-0.00400543,0.000921938,-0.000980614
0,0.00115011,0.488297,0.0189835,-0.0268453,-0.00400543,0.000921938,-0.000975661
0,0.00115011,0.488297,0.0189835,-0.0268453,-0.00400543,0.000932913,-0.000945946
0,-0.000670899,-0.0299134,0.0184082,-0.0260783,-0.00171661,0.000812183,-0.000950898
0,0.00929674,-0.00661545,0.0187917,-0.0284752,-0.00362396,-0.0011634,-0.0020999
0,0.00929674,-0.00651958,0.0187917,-0.0284752,-0.00362396,-0.0011195,-0.00205037
0,0.00929674,-0.00651958,0.0187917,-0.0284752,-0.00362396,-0.00114145,-0.00204542
0,0.00929674,-0.00651958,0.0187917,-0.0284752,-0.00362396,-0.00109755,-0.00206523
0,0.00929674,-0.00651958,0.0187917,-0.0284752,-0.00362396,-0.00108657,-0.00206028
0,0.0092009,-0.0064237,0.0187917,-0.0284752,-0.00362396,-0.00110852,-0.00205533
0,0.0092009,-0.00632783,0.0187917,-0.0284752,-0.00362396,-0.0011634,-0.00202561
0,0.0092009,-0.00632783,0.0187917,-0.0284752,-0.00362396,-0.00105364,-0.00202561
0,0.0092009,-0.00623195,0.0187917,-0.0284752,-0.00362396,-0.00104267,-0.00203056
0,0.00910506,-0.00623195,0.0187917,-0.0284752,-0.00362396,-0.00107559,-0.00202066
0,0.00900921,-0.00613607,0.0187917,-0.0284752,-0.00362396,-0.00107559,-0.00202066
0,-0.000191685,-0.00594432,0.0187917,-0.0284752,-0.00362396,-0.00103169,-0.00197609
0,-0.000191685,-0.00594432,0.0187917,-0.0284752,-0.00362396,-0.00106462,-0.00196618
0,-0.000191685,-0.00594432,0.0187917,-0.0284752,-0.00362396,-0.000998766,-0.0019959
0,-0.000191685,-0.00584844,0.0187917,-0.0284752,-0.00362396,-0.000987791,-0.0020058
0,-0.000191685,-0.00575257,0.0187917,-0.0284752,-0.00362396,-0.00104267,-0.00197609
0,-0.000191685,-0.00575257,0.0187917,-0.0284752,-0.00362396,-0.00096584,-0.0020058
0,-0.000191685,-0.00565669,0.0187917,-0.0284752,-0.00362396,-0.00100974,-0.00198104
0,-0.000191685,-0.00556082,0.0187917,-0.0284752,-0.00362396,-0.000998766,-0.00199094
0,-0.000191685,-0.00546494,0.0187917,-0.0284752,-0.00362396,-0.00105364,-0.00196123
0,-0.000191685,-0.00536906,0.0187917,-0.0284752,-0.00362396,0.00248045,-0.00040116
0,-0.000191685,-0.00527319,0.0187917,-0.0284752,-0.00362396,0.0024585,-0.000391255
0,-0.000191685,-0.00517731,0.0187917,-0.0284752,-0.00362396,0.00244753,-0.000425923
0,-0.000191685,-0.00508144,0.0187917,-0.0284752,-0.00362396,0.0024146,-0.00040116
0,-0.000191685,-0.00498556,0.0187917,-0.0284752,-0.00362396,0.00242557,-0.000406113
0,-0.000191685,-0.00488968,0.0187917,-0.0284752,-0.00362396,0.00246948,-0.000435828
0,-0.000191685,-0.00479381,0.0187917,-0.0284752,-0.00362396,0.00242557,-0.000425923
0,-0.000191685,-0.00469793,0.0187917,-0.0284752,-0.00362396,0.0024585,-0.000416018
0,-0.000191685,-0.00460205,0.0187917,-0.0284752,-0.00362396,0.0024585,-0.000416018
0,-0.000191685,-0.00450618,0.0187917,-0.0284752,-0.00362396,0.00243655,-0.000396208
0,-0.000191685,-0.0044103,0.0187917,-0.0284752,-0.00362396,0.00239265,-0.000396208
0,-0.000191685,-0.00431443,0.0187917,-0.0284752,-0.00362396,0.00238167,-0.00038135
0,-9.58427e-05,-0.00421855,0.0187917,-0.0284752,-0.00362396,0.00239265,-0.000396208
0,0.0893254,-0.00335566,0.0187917,-0.0284752,-0.00362396,0.00242557,-0.000376397
0,0.0893254,-0.00335566,0.0187917,-0.0284752,-0.00362396,0.0024146,-0.000376397
0,0.0893254,-0.00335566,0.0187917,-0.0284752,-0.00362396,0.00240362,-0.000391255
0,0.0894212,-0.00335566,0.0187917,-0.0284752,-0.00362396,0.00239265,-0.000366492
0,0.0895171,-0.00335566,0.0187917,-0.0284752,-0.00362396,0.00238167,-0.000376397
0,0.0966094,-0.00335566,0.0187917,-0.0284752,-0.00362396,0.00239265,-0.000366492
0,0.0972803,-0.00335566,0.0187917,-0.0284752,-0.00362396,0.0023707,-0.000361539
0,0.105044,-0.00325979,0.0187917,-0.0284752,-0.00362396,0.00238167,-0.000391255
0,0.105044,-0.00325979,0.0187917,-0.0284752,-0.00362396,0.00240362,-0.00038135
0,0.105044,-0.00325979,0.0187917,-0.0284752,-0.00362396,0.00238167,-0.000366492
0,0.105044,-0.00325979,0.0187917,-0.0284752,-0.00362396,0.0023707,-0.00038135
0,0.105044,-0.00325979,0.0187917,-0.0284752,-0.00362396,0.00228289,-0.000341729
0,0.105044,-0.00325979,0.0187917,-0.0284752,-0.00362396,0.00238167,-0.00038135
0,0.105044,-0.00325979,0.0187917,-0.0284752,-0.00362396,0.00231582,-0.000361539
0,0.105044,-0.00325979,0.0187917,-0.0284752,-0.00362396,0.00224997,-0.000351634
0,0.105044,-0.00325979,0.0187917,-0.0284752,-0.00362396,0.00230485,-0.000346682
0,0.105044,-0.00325979,0.0187917,-0.0284752,-0.00362396,0.0023707,-0.000361539
0,0.105044,-0.00325979,0.0187917,-0.0284752,-0.00362396,0.00229387,-0.000336776
0,0.105044,-0.00325979,0.0187917,-0.0284752,-0.00362396,0.00226094,-0.000346682
0,0.105044,-0.00325979,0.0187917,-0.0284752,-0.00362396,0.00222802,-0.000371445
0,0.105044,-0.00325979,0.0187917,-0.0284752,-0.00362396,0.00221704,-0.000361539
0,0.105044,-0.00325979,0.0187917,-0.0284752,-0.00362396,0.00220607,-0.000386302
0,0.105044,-0.00325979,0.0187917,-0.0284752,-0.00362396,0.00224997,-0.000376397
0,0.105044,-0.00325979,0.0187917,-0.0284752,-0.00362396,0.00222802,-0.000396208
0,0.105044,-0.00325979,0.0187917,-0.0284752,-0.00362396,0.00224997,-0.000391255
0,0.105044,-0.00325979,0.0187917,-0.0284752,-0.00362396,0.00218412,-0.000371445
0,0.105044,-0.00325979,0.0187917,-0.0284752,-0.00362396,0.00218412,-0.000351634
0,0.105044,-0.00325979,0.0187917,-0.0284752,-0.00362396,0.00215119,-0.000376397
0,0.105044,-0.00325979,0.0187917,-0.0284752,-0.00362396,0.00224997,-0.000376397
0,0.105044,-0.00325979,0.0187917,-0.0284752,-0.00362396,0.00217314,-0.000416018
0,0.105044,-0.00325979,0.0187917,-0.0284752,-0.00362396,0.00212924,-0.000376397
0,0.105044,-0.00325979,0.0187917,-0.0284752,-0.00362396,0.00223899,-0.000396208
0,0.105044,-0.00325979,0.0187917,-0.0284752,-0.00362396,0.00221704,-0.000371445
0,0.105044,-0.00325979,0.0187917,-0.0284752,-0.00362396,0.00224997,-0.00038135
0,0.399185,0.000671133,0.0187917,-0.028667,0.000953674,-0.0113047,0.383995
0,0.500682,0.00230103,0.0187917,-0.0284752,-0.00133514,-0.00300727,0.505209
0,0.500682,0.00230103,0.0187917,-0.0284752,-0.00171661,-0.00302922,0.505199
0,0.500682,0.00230103,0.0187917,-0.0284752,-0.00171661,-0.00297435,0.505229
0,0.507775,0.00230103,0.0187917,-0.0284752,-0.00171661,-0.00296337,0.505239
0,0.507775,0.00230103,0.0187917,-0.0284752,-0.00171661,-0.00284264,0.505288
0,0.507775,0.00230103,0.0187917,-0.0284752,-0.00171661,-0.00286459,0.505279
0,0.507775,0.00220515,0.0187917,-0.0284752,-0.00171661,-0.00286459,0.505284
0,0.507775,0.00220515,0.0187917,-0.0284752,-0.00171661,-0.00284264,0.505293
0,0.507775,0.00210928,0.0187917,-0.0284752,-0.00171661,-0.00284264,0.505293
0,0.507775,0.00210928,0.0187917,-0.0284752,-0.00171661,-0.00287557,0.505279
0,0.507775,0.0020134,0.0187917,-0.0284752,-0.00171661,-0.00286459,0.505293
0,0.507775,0.0020134,0.0187917,-0.0284752,-0.00171661,-0.00285362,0.505293
0,0.507775,0.00191752,0.0187917,-0.0284752,-0.00171661,-0.00283167,0.505303
0,0.507775,0.00191752,0.0187917,-0.0284752,-0.00171661,-0.00277679,0.505328
0,0.507775,0.00182165,0.0187917,-0.0284752,-0.00171661,-0.00271094,0.505353
0,0.507775,0.00172577,0.0187917,-0.0284752,-0.00171661,-0.00274386,0.505343
0,0.507775,0.00172577,0.0187917,-0.0284752,-0.00171661,-0.00269996,0.505358
0,0.507775,0.00172577,0.0187917,-0.0284752,-0.00171661,-0.00264508,0.505393
0,0.507775,0.00153402,0.0187917,-0.0284752,-0.00171661,-0.00263411,0.505393
0,0.507775,0.00153402,0.0187917,-0.0284752,-0.00171661,-0.00267801,0.505378
0,0.507775,0.00143814,0.0187917,-0.0284752,-0.00171661,-0.00246948,0.505462
0,0.507775,0.00134227,0.0187917,-0.0284752,-0.00171661,-0.0024585,0.505472
0,0.507775,0.00134227,0.0187917,-0.0284752,-0.00171661,-0.00248045,0.505462
0,0.507775,0.00124639,0.0187917,-0.0284752,-0.00171661,-0.00249143,0.505452
0,0.507775,0.00115051,0.0187917,-0.0284752,-0.00171661,-0.00248045,0.505462
0,0.507775,0.000958761,0.0187917,-0.0284752,-0.00171661,-0.00248045,0.505462
0,0.507775,0.000767009,0.0187917,-0.0284752,-0.00171661,-0.00248045,0.505457
0,0.507775,0.000671133,0.0187917,-0.0284752,-0.00171661,-0.00248045,0.505462
0,0.507775,0.000575257,0.0187917,-0.0284752,-0.00171661,-0.00244753,0.505472
0,0.507775,0.000383505,0.0187917,-0.0284752,-0.00171661,-0.00249143,0.505422
0,0.507775,0.000383505,0.0187917,-0.0284752,-0.00171661,-0.00235972,0.505383
0,0.507775,0.000383505,0.0187917,-0.0284752,-0.00171661,-0.00239265,0.505363
0,0.507775,0.000383505,0.0187917,-0.0284752,-0.00171661,-0.00233777,0.505383
0,0.507775,0.000287628,0.0187917,-0.0284752,-0.00171661,-0.00235972,0.505383
0,0.507775,0.000191752,0.0187917,-0.0284752,-0.00171661,-0.00234875,0.505388
0,0.507775,0.000191752,0.0187917,-0.0284752,-0.00171661,-0.00235972,0.505383
0,0.507775,9.58761e-05,0.0187917,-0.0284752,-0.00171661,-0.00235972,0.505378
0,0.507775,9.58761e-05,0.0187917,-0.0284752,-0.00171661,-0.00233777,0.505363
0,0.507775,0,0.0187917,-0.0284752,-0.00171661,-0.00231582,0.505383
0,0.507775,-9.58761e-05,0.0187917,-0.0284752,-0.00171661,-0.00229387,0.505393
0,0.507775,-9.58761e-05,0.0187917,-0.0284752,-0.00171661,-0.00234875,0.505412
0,0.507775,-0.000191752,0.0187917,-0.0284752,-0.00171661,-0.00235972,0.505407
0,0.507775,-0.000287628,0.0187917,-0.0284752,-0.00171661,-0.00233777,0.505422
0,0.507775,-0.000287628,0.0187917,-0.0284752,-0.00171661,-0.00233777,0.505422
0,0.507775,-0.000479381,0.0187917,-0.0284752,-0.00171661,-0.00235972,0.505417
0,0.507775,-0.000479381,0.0187917,-0.0284752,-0.00171661,-0.00235972,0.505427
0,0.507775,-0.000575257,0.0187917,-0.0284752,-0.00171661,-0.00234875,0.505407
0,0.507775,-0.000671133,0.0187917,-0.0284752,-0.00171661,0.000471944,0.50668
0,0.507775,-0.000671133,0.0187917,-0.0284752,-0.00171661,0.00048292,0.506685
0,0.507775,-0.000671133,0.0187917,-0.0284752,-0.00171661,0.00048292,0.50669
0,0.507775,-0.000767009,0.0187917,-0.0284752,-0.00171661,0.000537797,0.50672
0,0.507775,-0.000767009,0.0187917,-0.0284752,-0.00171661,0.000559748,0.506725
0,0.507775,-0.000767009,0.0187917,-0.0284752,-0.00171661,0.000537797,0.506715
0,0.507775,-0.000767009,0.0187917,-0.0284752,-0.00171661,0.000526822,0.506725
0,0.507775,-0.000767009,0.0187917,-0.0284752,-0.00171661,0.000625601,0.506675
0,0.507775,-0.000767009,0.0187917,-0.0284752,-0.00171661,0.000625601,0.506675
0,0.507775,-0.000862885,0.0187917,-0.0284752,-0.00171661,0.00060365,0.506675
0,0.507775,-0.000862885,0.0187917,-0.0284752,-0.00171661,0.000614625,0.50668
0,0.507775,-0.000862885,0.0187917,-0.0284752,-0.00171661,0.000592674,0.506675
0,0.507775,-0.000862885,0.0187917,-0.0284752,-0.00171661,0.000625601,0.50668
0,0.507775,-0.000862885,0.0187917,-0.0284752,-0.00171661,0.000548773,0.5067
0,0.507775,-0.000862885,0.0187917,-0.0284752,-0.00171661,0.000570724,0.506705
0,0.507775,-0.000862885,0.0187917,-0.0284752,-0.00171661,0.000570724,0.50671
0,0.507775,-0.000862885,0.0187917,-0.0284752,-0.00171661,0.000548773,0.50671
0,0.507775,-0.000862885,0.0187917,-0.0284752,-0.00171661,0.000592674,0.506715
0,0.507775,-0.000862885,0.0187917,-0.0284752,-0.00171661,0.000570724,0.506705
0,0.507775,-0.000862885,0.0187917,-0.0284752,-0.00171661,0.000570724,0.506705
0,0.507775,-0.000862885,0.0187917,-0.0284752,-0.00171661,0.000439018,0.506651
0,0.507775,-0.000862885,0.0187917,-0.0284752,-0.00171661,0.000439018,0.506655
0,0.507775,-0.000958761,0.0187917,-0.0284752,-0.00171661,0.000493895,0.506606
0,0.507775,-0.000958761,0.0187917,-0.0284752,-0.00171661,0.000504871,0.506616
0,0.507775,-0.000958761,0.0187917,-0.0284752,-0.00171661,0.000559748,0.506636
0,0.507775,-0.000958761,0.0187917,-0.0284752,-0.00171661,0.000493895,0.506616
0,0.507775,-0.000958761,0.0187917,-0.0284752,-0.00171661,0.000526822,0.506621
0,0.507775,-0.000958761,0.0187917,-0.0284752,-0.00171661,0.000526822,0.506626
0,0.507775,-0.000958761,0.0187917,-0.0284752,-0.00171661,0.000504871,0.506611
0,0.507775,-0.000958761,0.0187917,-0.0284752,-0.00171661,0.000471944,0.506646
0,0.507775,-0.000958761,0.0187917,-0.0284752,-0.00171661,0.000449994,0.506646
0,0.507775,-0.000958761,0.0187917,-0.0284752,-0.00171661,0.000526822,0.506621
0,0.507775,-0.000958761,0.0187917,-0.0284752,-0.00171661,0.000515846,0.506616
0,0.507775,-0.000958761,0.0187917,-0.0284752,-0.00171661,0.000471944,0.506596
0,0.507775,-0.000958761,0.0187917,-0.0284752,-0.00171661,0.000559748,0.506636
0,0.507775,-0.000958761,0.0187917,-0.0284752,-0.00171661,0.000526822,0.506621
0,0.507775,-0.000958761,0.0187917,-0.0284752,-0.00171661,0.000526822,0.506621
0,0.507775,-0.000958761,0.0187917,-0.0284752,-0.00171661,0.000526822,0.506626
0,0.507775,-0.000958761,0.0187917,-0.0284752,-0.00171661,0.000515846,0.506621
0,0.507775,-0.000958761,0.0187917,-0.0284752,-0.00171661,0.000526822,0.506616
0,0.507775,-0.000958761,0.0187917,-0.0284752,-0.00171661,0.00048292,0.506601
0,0.507775,-0.000958761,0.0187917,-0.0284752,-0.00171661,0.000526822,0.506621
0,0.507775,-0.000958761,0.0187917,-0.0284752,-0.00171661,0.000537797,0.506621
0,0.507775,-0.000958761,0.0187917,-0.0284752,-0.00171661,0.000471944,0.506601
0,0.507775,-0.000958761,0.0187917,-0.0284752,-0.00171661,0.000526822,0.506616
0,0.507775,-0.000958761,0.0187917,-0.0284752,-0.00171661,0.000515846,0.506616
0,0.507775,-0.000958761,0.0187917,-0.0284752,-0.00171661,0.000515846,0.506616
0,0.507775,-0.000958761,0.0187917,-0.0284752,-0.00171661,0.000504871,0.506611
0,0.507775,-0.000958761,0.0187917,-0.0284752,-0.00171661,0.000515846,0.506616
0,0.507775,-0.000958761,0.0187917,-0.0284752,-0.00171661,0.000537797,0.506626
0,0.507775,-0.000958761,0.0187917,-0.0284752,-0.00171661,0.000526822,0.506621
0,0.507775,-0.000958761,0.0187917,-0.0284752,-0.00171661,0.000460969,0.506641
0,0.507775,-0.000958761,0.0187917,-0.0284752,-0.00171661,0.000471944,0.506646
0,0.507775,-0.000958761,0.0187917,-0.0284752,-0.00171661,0.000471944,0.506646
0,0.507775,-0.000958761,0.0187917,-0.0284752,-0.00171661,0.000460969,0.506641
0,0.507775,-0.000958761,0.0187917,-0.0284752,-0.00171661,0.000471944,0.506646
0,0.507775,-0.000958761,0.0187917,-0.0284752,-0.00171661,0.000460969,0.506655
0,0.507775,-0.000958761,0.0187917,-0.0284752,-0.00171661,0.000460969,0.506646
0,0.507775,-0.000958761,0.0187917,-0.0284752,-0.00171661,0.00048292,0.506655
0,0.507775,-0.000958761,0.0187917,-0.0284752,-0.00171661,0.00048292,0.506646
0,0.507775,-0.000958761,0.0187917,-0.0284752,-0.00171661,0.000471944,0.50666
0,0.507775,-0.000958761,0.0187917,-0.0284752,-0.00171661,0.000493895,0.506651
0,0.507775,-0.000958761,0.0187917,-0.0284752,-0.00171661,0.00048292,0.506651
0,0.507775,-0.000958761,0.0187917,-0.0284752,-0.00171661,0.00048292,0.506651
0,0.507775,-0.000958761,0.0187917,-0.0284752,-0.00171661,0.000471944,0.506651
0,0.507775,-0.000958761,0.0187917,-0.0284752,-0.00171661,0.00048292,0.506655
0,0.507679,-0.000958761,0.0187917,-0.0284752,-0.00171661,0.000439018,0.506646
0,0.507679,-0.000958761,0.0187917,-0.0284752,-0.00171661,0.000296337,0.506586
0,0.507679,-0.000958761,0.0187917,-0.0284752,-0.00171661,0.000384141,0.506611
0,0.507679,-0.000958761,0.0187917,-0.0284752,-0.00171661,0.00036219,0.506611
0,0.507679,-0.000958761,0.0187917,-0.0284752,-0.00171661,0.000395116,0.506636
0,0.507679,-0.000958761,0.0187917,-0.0284752,-0.00171661,0.000406092,0.506641
0,0.507679,-0.000958761,0.0187917,-0.0284752,-0.00171661,0.000351214,0.506616
0,0.507679,-0.000958761,0.0187917,-0.0284752,-0.00171661,0.000439018,0.506546
0,0.507679,-0.000958761,0.0187917,-0.0284752,-0.00171661,0.000548773,0.506596
0,0.507679,-0.000958761,0.0187917,-0.0284752,-0.00171661,0.000548773,0.506596
0,0.507679,-0.000958761,0.0187917,-0.0284752,-0.00171661,0.000460969,0.506561
0,0.507679,-0.000958761,0.0187917,-0.0284752,-0.00171661,0.000493895,0.506571
0,0.507679,-0.000958761,0.0187917,-0.0284752,-0.00171661,0.000548773,0.506596
0,0.507679,-0.000958761,0.0187917,-0.0284752,-0.00171661,0.000537797,0.506596
0,0.507679,-0.000958761,0.0187917,-0.0284752,-0.00171661,0.000504871,0.506581
0,0.507679,-0.000958761,0.0187917,-0.0284752,-0.00171661,0.000493895,0.506571
0,0.507679,-0.000958761,0.0187917,-0.0284752,-0.00171661,0.000449994,0.506556
0,0.507679,-0.000958761,0.0187917,-0.0284752,-0.00171661,0.000493895,0.506576
0,0.507679,-0.000958761,0.0187917,-0.0284752,-0.00171661,0.000460969,0.506561
0,0.507679,-0.000958761,0.0187917,-0.0284752,-0.00171661,0.000504871,0.506581
0,0.507679,-0.000958761,0.0187917,-0.0284752,-0.00171661,0.000449994,0.506561
0,0.507679,-0.000958761,0.0187917,-0.0284752,-0.00171661,0.00048292,0.506566
0,0.507679,-0.000958761,0.0187917,-0.0284752,-0.00171661,0.000471944,0.506566
0,0.507679,-0.000958761,0.0187917,-0.0284752,-0.00171661,0.000417067,0.506542
0,0.507679,-0.000958761,0.0187917,-0.0284752,-0.00171661,0.00048292,0.506571
0,0.507679,-0.000958761,0.0187917,-0.0284752,-0.00171661,0.000515846,0.506586
0,0.507679,-0.000958761,0.0187917,-0.0284752,-0.00171661,0.000449994,0.506551
0,0.507679,-0.000958761,0.0187917,-0.0284752,-0.00171661,0.000428043,0.506546
0,0.507679,-0.000958761,0.0187917,-0.0284752,-0.00171661,0.000537797,0.506591
0,0.507679,-0.000958761,0.0187917,-0.0284752,-0.00171661,0.000504871,0.506581
0,0.507679,-0.000958761,0.0187917,-0.0284752,-0.00171661,0.000559748,0.506606
0,0.507679,-0.000958761,0.0187917,-0.0284752,-0.00171661,0.000504871,0.506576
0,0.507679,-0.000958761,0.0187917,-0.0284752,-0.00171661,0.000493895,0.506576
0,0.507679,-0.000958761,0.0187917,-0.0284752,-0.00171661,0.000471944,0.506566
0,0.507679,-0.000958761,0.0187917,-0.0284752,-0.00171661,0.000406092,0.506537
0,0.507679,-0.000958761,0.0187917,-0.0284752,-0.00171661,0.000439018,0.506546
0,0.507679,-0.000958761,0.0187917,-0.0284752,-0.00171661,0.000449994,0.506551
0,0.507583,-0.000958761,0.0187917,-0.0284752,-0.00171661,0.000471944,0.506561
0,0.507583,-0.000958761,0.0187917,-0.0284752,-0.00171661,0.000406092,0.506537
0,0.507583,-0.000958761,0.0187917,-0.0284752,-0.00171661,0.000504871,0.506581
0,0.507583,-0.000958761,0.0187917,-0.0284752,-0.00171661,0.000515846,0.506586
0,0.507583,-0.000958761,0.0187917,-0.0284752,-0.00171661,0.000493895,0.506576
0,0.507583,-0.000958761,0.0187917,-0.0284752,-0.00171661,0.000515846,0.506581
0,0.507583,-0.000958761,0.0187917,-0.0284752,-0.00171661,0.000515846,0.506586
0,0.507583,-0.000958761,0.0187917,-0.0284752,-0.00171661,0.000504871,0.506581
0,0.507583,-0.000958761,0.0187917,-0.0284752,-0.00171661,0.000515846,0.506581
0,0.507583,-0.000958761,0.0187917,-0.0284752,-0.00171661,0.000449994,0.506546
0,0.507583,-0.000958761,0.0187917,-0.0284752,-0.00171661,0.000417067,0.506542
0,0.507583,-0.000958761,0.0187917,-0.0284752,-0.00171661,0.000439018,0.506546
0,0.507583,-0.000958761,0.0187917,-0.0284752,-0.00171661,0.000493895,0.506576
0,0.507583,-0.000958761,0.0187917,-0.0284752,-0.00171661,0.000559748,0.506606
0,0.507583,-0.000958761,0.0187917,-0.0284752,-0.00171661,0.00048292,0.506576
0,0.507583,-0.000958761,0.0187917,-0.0284752,-0.00171661,0.000449994,0.506556
0,0.507487,-0.000958761,0.0187917,-0.0284752,-0.00171661,0.000493895,0.506581
0,0.507487,-0.000958761,0.0187917,-0.0284752,-0.00171661,0.000504871,0.506576
0,0.507487,-0.000958761,0.0187917,-0.0284752,-0.00171661,0.000471944,0.506566
0,0.507487,-0.000958761,0.0187917,-0.0284752,-0.00171661,0.000493895,0.506571
0,0.507487,-0.000958761,0.0187917,-0.0284752,-0.00171661,0.000384141,0.506522
0,0.504516,-0.000958761,0.0187917,-0.0284752,-0.00171661,0.000493895,0.506571
0,0.504516,-0.000958761,0.0187917,-0.0284752,-0.00171661,0.000449994,0.506556
0,0.504516,-0.000958761,0.0187917,-0.0284752,-0.00171661,0.000471944,0.506561
0,0.504516,-0.000958761,0.0187917,-0.0284752,-0.00171661,0.00048292,0.506566
0,0.504516,-0.000958761,0.0187917,-0.0284752,-0.00171661,0.000493895,0.506571
0,0.504516,-0.000958761,0.0187917,-0.0284752,-0.00171661,0.000493895,0.506566
0,0.504516,-0.000958761,0.0187917,-0.0284752,-0.00171661,0.000515846,0.506581
0,0.504516,-0.000958761,0.0187917,-0.0284752,-0.00171661,0.000417067,0.506542
0,0.504516,-0.000958761,0.0187917,-0.0284752,-0.00171661,0.000493895,0.506571
0,0.504516,-0.000958761,0.0187917,-0.0284752,-0.00171661,0.000449994,0.506556
0,0.504516,-0.000958761,0.0187917,-0.0284752,-0.00171661,0.00048292,0.506576
0,0.504516,-0.000958761,0.0187917,-0.0284752,-0.00171661,0.00036219,0.506512
0,0.504516,-0.000958761,0.0187917,-0.0284752,-0.00171661,0.000384141,0.506576
0,0.504516,-0.000958761,0.0187917,-0.0284752,-0.00171661,0.000351214,0.506576
0,0.504516,-0.000958761,0.0187917,-0.0284752,-0.00171661,0.000417067,0.506591
0,0.504516,-0.000958761,0.0187917,-0.0284752,-0.00171661,0.000351214,0.506561
0,0.504516,-0.000958761,0.0187917,-0.0284752,-0.00171661,0.000351214,0.506571
0,0.504516,-0.000958761,0.0187917,-0.0284752,-0.00171661,0.000340239,0.506556
0,0.504516,-0.000958761,0.0187917,-0.0284752,-0.00171661,0.00036219,0.506571
0,0.504516,-0.000958761,0.0187917,-0.0284752,-0.00171661,0.000384141,0.506571
0,0.504516,-0.000958761,0.0187917,-0.0284752,-0.00171661,0.000340239,0.506571
0,0.504516,-0.000862885,0.0187917,-0.0284752,-0.00171661,0.000340239,0.506561
0,0.504516,-0.000862885,0.0187917,-0.0284752,-0.00171661,0.000296337,0.506546
0,0.504516,-0.000862885,0.0187917,-0.0284752,-0.00171661,0.000318288,0.506561
0,0.504516,-0.000862885,0.0187917,-0.0284752,-0.00171661,0.000285362,0.506532
0,0.504516,-0.000862885,0.0187917,-0.0284752,-0.00171661,0.000307313,0.506542
0,0.504516,-0.000862885,0.0187917,-0.0284752,-0.00171661,-0.00105364,0.505937
0,0.504516,-0.000862885,0.0187917,-0.0284752,-0.00171661,0.00036219,0.506571
0,0.504516,-0.000862885,0.0187917,-0.0284752,-0.00171661,0.000395116,0.506591
0,0.504516,-0.000862885,0.0187917,-0.0284752,-0.00171661,0.000274386,0.506522
0,0.504516,-0.000862885,0.0187917,-0.0284752,-0.00171661,0.000318288,0.506556
0,0.504516,-0.000862885,0.0187917,-0.0284752,-0.00171661,0.000285362,0.506532
0,0.504516,-0.000862885,0.0187917,-0.0284752,-0.00171661,0.000263411,0.506527
0,0.504516,-0.000862885,0.0187917,-0.0284752,-0.00171661,0.000285362,0.506537
0,0.504516,-0.000862885,0.0187917,-0.0284752,-0.00171661,0.000395116,0.506457
0,0.504516,-0.000862885,0.0187917,-0.0284752,-0.00171661,0.000493895,0.506497
0,0.504516,-0.000862885,0.0187917,-0.0284752,-0.00171661,0.000449994,0.506477
0,0.504516,-0.000862885,0.0187917,-0.0284752,-0.00171661,0.000406092,0.506462
0,0.504516,-0.000862885,0.0187917,-0.0284752,-0.00171661,0.000439018,0.506472
0,0.504516,-0.000862885,0.0187917,-0.0284752,-0.00171661,0.000395116,0.506457
0,0.504516,-0.000862885,0.0187917,-0.0284752,-0.00171661,0.000351214,0.506433
0,0.504516,-0.000862885,0.0187917,-0.0284752,-0.00171661,0.000384141,0.506447
0,0.504516,-0.000862885,0.0187917,-0.0284752,-0.00171661,0.000417067,0.506462
0,0.504516,-0.000862885,0.0187917,-0.0284752,-0.00171661,0.000439018,0.506472
0,0.504516,-0.000862885,0.0187917,-0.0284752,-0.00171661,0.000406092,0.506457
0,0.504612,-0.000862885,0.0187917,-0.0284752,-0.00171661,0.000417067,0.506467
0,0.504612,-0.000862885,0.0187917,-0.0284752,-0.00171661,0.00036219,0.506438
0,0.504612,-0.000767009,0.0187917,-0.0284752,-0.00171661,0.000395116,0.506457
0,0.504612,-0.000767009,0.0187917,-0.0284752,-0.00171661,0.000406092,0.506457
0,0.504612,-0.000767009,0.0187917,-0.0284752,-0.00171661,0.000439018,0.506472
0,0.504612,-0.000767009,0.0187917,-0.0284752,-0.00171661,0.000351214,0.506433
0,0.504612,-0.000767009,0.0187917,-0.0284752,-0.00171661,0.000449994,0.506477
0,0.504612,-0.000767009,0.0187917,-0.0284752,-0.00171661,0.000493895,0.506497
0,0.504612,-0.000767009,0.0187917,-0.0284752,-0.00171661,0.000471944,0.506487
0,0.504612,-0.000767009,0.0187917,-0.0284752,-0.00171661,0.000417067,0.506462
0,0.504612,-0.000767009,0.0187917,-0.0284752,-0.00171661,0.000439018,0.506472
0,0.504612,-0.000767009,0.0187917,-0.0284752,-0.00171661,0.000406092,0.506457
0,0.504612,-0.000767009,0.0187917,-0.0284752,-0.00171661,0.000439018,0.506472
0,0.504612,-0.000767009,0.0187917,-0.0284752,-0.00171661,0.000384141,0.506447
0,0.504612,-0.000767009,0.0187917,-0.0284752,-0.00171661,0.00048292,0.506492
0,0.504612,-0.000767009,0.0187917,-0.0284752,-0.00171661,0.000449994,0.506482
0,0.504612,-0.000671133,0.0187917,-0.0284752,-0.00171661,0.000439018,0.506472
0,0.504612,-0.000671133,0.0187917,-0.0284752,-0.00171661,0.000439018,0.506472
0,0.504612,-0.000671133,0.0187917,-0.0284752,-0.00171661,0.000395116,0.506452
0,0.504612,-0.000671133,0.0187917,-0.0284752,-0.00171661,0.000395116,0.506452
0,0.504612,-0.000671133,0.0187917,-0.0284752,-0.00171661,0.000460969,0.506482
0,0.504612,-0.000671133,0.0187917,-0.0284752,-0.00171661,0.000417067,0.506462
0,0.504708,-0.000671133,0.0187917,-0.0284752,-0.00171661,0.000449994,0.506477
0,0.504708,-0.000671133,0.0187917,-0.0284752,-0.00171661,0.000439018,0.506472
0,0.504708,-0.000671133,0.0187917,-0.0284752,-0.00171661,0.00048292,0.506492
0,0.504708,-0.000671133,0.0187917,-0.0284752,-0.00171661,0.000460969,0.506482
0,0.504708,-0.000671133,0.0187917,-0.0284752,-0.00171661,0.000449994,0.506477
0,0.504708,-0.000671133,0.0187917,-0.0284752,-0.00171661,0.00048292,0.506492
0,0.504708,-0.000671133,0.0187917,-0.0284752,-0.00171661,0.000439018,0.506472
0,0.504708,-0.000575257,0.0187917,-0.0284752,-0.00171661,0.00048292,0.506492
0,0.504708,-0.000575257,0.0187917,-0.0284752,-0.00171661,0.000460969,0.506482
0,0.504708,-0.000575257,0.0187917,-0.0284752,-0.00171661,0.000395116,0.506452
0,0.504708,-0.000575257,0.0187917,-0.0284752,-0.00171661,0.000384141,0.506447
0,0.504708,-0.000575257,0.0187917,-0.0284752,-0.00171661,0.000417067,0.506462
0,0.504708,-0.000575257,0.0187917,-0.0284752,-0.00171661,0.000439018,0.506472
0,0.504708,-0.000575257,0.0187917,-0.0284752,-0.00171661,0.000417067,0.506462
0,0.504708,-0.000575257,0.0187917,-0.0284752,-0.00171661,0.000439018,0.506472
0,0.504708,-0.000575257,0.0187917,-0.0284752,-0.00171661,0.000449994,0.506477
0,0.504708,-0.000575257,0.0187917,-0.0284752,-0.00171661,0.000449994,0.506477
0,0.504708,-0.000479381,0.0187917,-0.0284752,-0.00171661,0.000406092,0.506457
0,0.504803,-0.000479381,0.0187917,-0.0284752,-0.00171661,0.000439018,0.506472
0,0.504803,-0.000479381,0.0187917,-0.0284752,-0.00171661,0.000384141,0.506447
0,0.504803,-0.000479381,0.0187917,-0.0284752,-0.00171661,0.000439018,0.506472
0,0.504803,-0.000479381,0.0187917,-0.0284752,-0.00171661,0.000449994,0.506477
0,0.504803,-0.000479381,0.0187917,-0.0284752,-0.00171661,0.000460969,0.506482
0,0.504803,-0.000479381,0.0187917,-0.0284752,-0.00171661,0.000449994,0.506477
0,0.504803,-0.000479381,0.0187917,-0.0284752,-0.00171661,0.000285362,0.506403
0,0.504803,-0.000479381,0.0187917,-0.0284752,-0.00171661,0.000428043,0.506467
0,0.504803,-0.000479381,0.0187917,-0.0284752,-0.00171661,0.000373165,0.506442
0,0.504803,-0.000479381,0.0187917,-0.0284752,-0.00171661,0.000439018,0.506472
0,0.504899,-0.000479381,0.0187917,-0.0284752,-0.00171661,0.000460969,0.506482
0,0.504899,-0.000383505,0.0187917,-0.0284752,-0.00171661,0.000471944,0.506487
0,0.508925,-0.000287628,0.0187917,-0.0284752,-0.00171661,0.000449994,0.506477
0,0.508925,-0.000287628,0.0187917,-0.0284752,-0.00171661,0.000471944,0.506487
0,0.508925,-0.000287628,0.0187917,-0.0284752,-0.00171661,0.000439018,0.506472
0,0.508925,-0.000287628,0.0187917,-0.0284752,-0.00171661,0.000439018,0.506472
0,0.508925,-0.000287628,0.0187917,-0.0284752,-0.00171661,0.000428043,0.506472
0,0.508925,-0.000287628,0.0187917,-0.0284752,-0.00171661,0.000449994,0.506477
0,0.508925,-0.000287628,0.0187917,-0.0284752,-0.00171661,0.000460969,0.506482
0,0.508925,-0.000287628,0.0187917,-0.0284752,-0.00171661,0.000439018,0.506472
0,0.508925,-0.000287628,0.0187917,-0.0284752,-0.00171661,0.000460969,0.506482
0,0.508925,-0.000287628,0.0187917,-0.0284752,-0.00171661,0.000373165,0.506442
0,0.508925,-0.000287628,0.0187917,-0.0284752,-0.00171661,0.000417067,0.506462
0,0.508925,-0.000287628,0.0187917,-0.0284752,-0.00171661,0.000417067,0.506462
0,0.508925,-0.000287628,0.0187917,-0.0284752,-0.00171661,0.000340239,0.506428
0,0.508925,-0.000287628,0.0187917,-0.0284752,-0.00171661,0.000439018,0.506472
0,0.508925,-0.000287628,0.0187917,-0.0284752,-0.00171661,0.000439018,0.506472
0,0.508925,-0.000287628,0.0187917,-0.0284752,-0.00171661,0.000428043,0.506467
0,0.508829,-0.000287628,0.0187917,-0.0284752,-0.00171661,0.000406092,0.506457
0,0.508829,-0.000287628,0.0187917,-0.0284752,-0.00171661,0.000439018,0.506472
0,0.508829,-0.000287628,0.0187917,-0.0284752,-0.00171661,0.000449994,0.506477
0,0.508829,-0.000287628,0.0187917,-0.0284752,-0.00171661,0.000439018,0.506472
0,0.508829,-0.000287628,0.0187917,-0.0284752,-0.00171661,0.000417067,0.506467
0,0.508829,-0.000287628,0.0187917,-0.0284752,-0.00171661,0.000406092,0.506462
0,0.508829,-0.000287628,0.0187917,-0.0284752,-0.00171661,0.000395116,0.506457
0,0.508829,-0.000287628,0.0187917,-0.0284752,-0.00171661,0.000406092,0.506457
0,0.508829,-0.000287628,0.0187917,-0.0284752,-0.00171661,0.000417067,0.506462
0,0.508829,-0.000287628,0.0187917,-0.0284752,-0.00171661,0.000406092,0.506457
0,0.508829,-0.000191752,0.0187917,-0.0284752,-0.00171661,0.000406092,0.506457
0,0.508829,-0.000191752,0.0187917,-0.0284752,-0.00171661,0.000428043,0.506467
0,0.508829,-0.000191752,0.0187917,-0.0284752,-0.00171661,0.000417067,0.506462
0,0.508829,-0.000191752,0.0187917,-0.0284752,-0.00171661,0.000406092,0.506457
0,0.508829,-0.000191752,0.0187917,-0.0284752,-0.00171661,0.000417067,0.506462
0,0.508829,-0.000191752,0.0187917,-0.0284752,-0.00171661,0.000417067,0.506462
0,0.508829,-0.000191752,0.0187917,-0.0284752,-0.00171661,0.000439018,0.506472
0,0.508829,-0.000191752,0.0187917,-0.0284752,-0.00171661,0.000428043,0.506467
0,0.508829,-0.000191752,0.0187917,-0.0284752,-0.00171661,0.000406092,0.506457
0,0.508829,-0.000191752,0.0187917,-0.0284752,-0.00171661,0.000406092,0.506457
0,0.508829,-0.000191752,0.0187917,-0.0284752,-0.00171661,0.000428043,0.506467
0,0.508733,-0.000191752,0.0187917,-0.0284752,-0.00171661,0.000406092,0.506457
0,0.508733,-0.000191752,0.0187917,-0.0284752,-0.00171661,0.000406092,0.506457
0,0.508733,-0.000191752,0.0187917,-0.0284752,-0.00171661,0.000395116,0.506452
0,0.508733,-0.000191752,0.0187917,-0.0284752,-0.00171661,0.000439018,0.506477
0,0.508733,-0.000191752,0.0187917,-0.0284752,-0.00171661,0.000395116,0.506452
0,0.508733,-0.000191752,0.0187917,-0.0284752,-0.00171661,0.000428043,0.506467
0,0.508733,-0.000191752,0.0187917,-0.0284752,-0.00171661,0.000417067,0.506462
0,0.508733,-9.58761e-05,0.0186958,-0.0284752,-0.00171661,0.000417067,0.506462
0,0.508733,-9.58761e-05,0.0186958,-0.0284752,-0.00171661,0.000428043,0.506467
0,0.508733,-9.58761e-05,0.0186958,-0.0284752,-0.00171661,0.000406092,0.506457
0,0.508733,-9.58761e-05,0.0186958,-0.0284752,-0.00171661,0.000417067,0.506462
0,0.508733,-9.58761e-05,0.0186958,-0.0284752,-0.00171661,0.000449994,0.506477
0,0.508733,-9.58761e-05,0.0186958,-0.0284752,-0.00171661,0.000449994,0.506477
0,0.508733,-9.58761e-05,0.0186958,-0.0284752,-0.00171661,0.000439018,0.506472
0,0.508733,-9.58761e-05,0.0186958,-0.0284752,-0.00171661,0.000384141,0.506447
0,0.508733,-9.58761e-05,0.0186958,-0.0284752,-0.00171661,0.000417067,0.506462
0,0.508733,-9.58761e-05,0.0186958,-0.0284752,-0.00171661,0.000340239,0.506428
0,0.508637,-9.58761e-05,0.0186958,-0.0284752,-0.00171661,0.000428043,0.506467
0,0.508637,-9.58761e-05,0.0186958,-0.0284752,-0.00171661,0.000395116,0.506452
0,0.508637,-9.58761e-05,0.0186958,-0.0284752,-0.00171661,0.000384141,0.506447
0,0.508637,-9.58761e-05,0.0186958,-0.0284752,-0.00171661,0.00036219,0.506438
0,0.508637,-9.58761e-05,0.0186958,-0.0284752,-0.00171661,0.000373165,0.506442
0,0.508637,-9.58761e-05,0.0186958,-0.0284752,-0.00171661,0.000307313,0.506413
0,0.508637,-9.58761e-05,0.0186958,-0.0284752,-0.00171661,0.000417067,0.506462
0,0.508637,-9.58761e-05,0.0186958,-0.0284752,-0.00171661,0.000340239,0.506428
0,0.508637,-9.58761e-05,0.0186958,-0.0284752,-0.00171661,0.000230484,0.506378
0,0.508637,-9.58761e-05,0.0186958,-0.0284752,-0.00171661,0.000351214,0.506433
0,0.508541,-9.58761e-05,0.0186958,-0.0284752,-0.00171661,0.000296337,0.506408
0,0.508541,-9.58761e-05,0.0186958,-0.0284752,-0.00171661,0.000340239,0.506428
0,0.50672,-9.58761e-05,0.0186958,-0.0284752,-0.00171661,0.000340239,0.506428
0,0.503557,9.58761e-05,0.0186958,-0.0284752,-0.00171661,0.00024146,0.506383
0,0.503557,9.58761e-05,0.0186958,-0.0284752,-0.00171661,0.000153656,0.506343
0,0.503557,9.58761e-05,0.0186958,-0.0284752,-0.00171661,0.000285362,0.506403
0,0.503557,9.58761e-05,0.0186958,-0.0284752,-0.00171661,0.000197558,0.506363
0,0.503557,9.58761e-05,0.0186958,-0.0284752,-0.00171661,0.000131705,0.506334
0,0.503557,9.58761e-05,0.0186958,-0.0284752,-0.00171661,0.000252435,0.506388
0,0.503557,9.58761e-05,0.0186958,-0.0284752,-0.00171661,0.000274386,0.506398
0,0.503557,9.58761e-05,0.0186958,-0.0284752,-0.00171661,0.000263411,0.506393
0,0.503557,9.58761e-05,0.0186958,-0.0284752,-0.00171661,8.78036e-05,0.506319
0,0.503557,9.58761e-05,0.0186958,-0.0284752,-0.00171661,5.48773e-05,0.506304
0,0.503557,9.58761e-05,0.0186958,-0.0284752,-0.00171661,0.000186583,0.506358
0,0.503557,9.58761e-05,0.0186958,-0.0284752,-0.00171661,0.00012073,0.506329
0,0.503557,9.58761e-05,0.0186958,-0.0284752,-0.00171661,8.78036e-05,0.506314
0,0.503557,9.58761e-05,0.0186958,-0.0284752,-0.00171661,0.000186583,0.506358
0,0.503557,9.58761e-05,0.0186958,-0.0284752,-0.00171661,0,0.506274
0,0.503557,9.58761e-05,0.0186958,-0.0284752,-0.00171661,0.000208534,0.506368
0,0.503557,9.58761e-05,0.0186958,-0.0284752,-0.00171661,0.000142681,0.506338
0,0.503557,9.58761e-05,0.0186958,-0.0284752,-0.00171661,5.48773e-05,0.506299
0,0.503557,9.58761e-05,0.0186958,-0.0284752,-0.00171661,5.48773e-05,0.506299
0,0.503557,9.58761e-05,0.0186958,-0.0284752,-0.00171661,0.00024146,0.506383
0,0.503557,9.58761e-05,0.0186958,-0.0284752,-0.00171661,0.000175607,0.506353
0,0.503557,9.58761e-05,0.0186958,-0.0284752,-0.00171661,0.000142681,0.506338
0,0.503557,9.58761e-05,0.0186958,-0.0284752,-0.00171661,6.58527e-05,0.506304
0,0.503557,9.58761e-05,0.0186958,-0.0284752,-0.00171661,0.00012073,0.506334
0,0.503557,9.58761e-05,0.0186958,-0.0284752,-0.00171661,0.00012073,0.506329
0,0.503557,9.58761e-05,0.0186958,-0.0284752,-0.00171661,0.000142681,0.506338
0,0.503557,9.58761e-05,0.0186958,-0.0284752,-0.00171661,0.000153656,0.506343
0,0.503557,9.58761e-05,0.0186958,-0.0284752,-0.00171661,0.000230484,0.506378
0,0.503653,9.58761e-05,0.0186958,-0.0284752,-0.00171661,5.48773e-05,0.506299
0,0.503653,9.58761e-05,0.0186958,-0.0284752,-0.00171661,8.78036e-05,0.506314
0,0.503653,9.58761e-05,0.0186958,-0.0284752,-0.00171661,0.000142681,0.506338
0,0.503653,9.58761e-05,0.0186958,-0.0284752,-0.00171661,0.000230484,0.506378
0,0.503653,9.58761e-05,0.0186958,-0.0284752,-0.00171661,-3.29264e-05,0.506259
0,0.503653,9.58761e-05,0.0186,-0.0284752,-0.00171661,-3.29264e-05,0.506259
0,0.503557,0.000383505,0.0186,-0.0284752,-0.00171661,-0.00012073,0.50622
0,0.503557,0.000383505,0.0186,-0.0284752,-0.00171661,-0.00012073,0.50622
0,0.503557,0.000383505,0.0186,-0.0284752,-0.00171661,-0.00012073,0.50622
0,0.503557,0.000383505,0.0186,-0.0284752,-0.00171661,-0.00012073,0.50622
0,0.503557,0.000383505,0.0186,-0.0284752,-0.00171661,-0.00012073,0.50622
0,0.503557,0.000383505,0.0186,-0.0284752,-0.00171661,-0.00012073,0.50622
0,0.503557,0.000383505,0.0186,-0.0284752,-0.00171661,-0.00012073,0.50622
0,0.503557,0.000383505,0.0186,-0.0284752,-0.00171661,-0.00012073,0.50622
0,0.503557,0.000383505,0.0186,-0.0284752,-0.00171661,-0.00012073,0.50622
0,0.503557,0.000383505,0.0186,-0.0284752,-0.00171661,-0.00012073,0.50622
0,0.503557,0.000383505,0.0186,-0.0284752,-0.00171661,-0.00012073,0.50622
0,0.503557,0.000383505,0.0186,-0.0284752,-0.00171661,-0.00012073,0.50622
0,0.503557,0.000383505,0.0186,-0.0284752,-0.00171661,-0.00012073,0.50622
0,0.503557,0.000383505,0.0186,-0.0284752,-0.00171661,-0.00012073,0.50622
0,0.503557,0.000383505,0.0186,-0.0284752,-0.00171661,-0.00012073,0.50622
0,0.503557,0.000383505,0.0186,-0.0284752,-0.00171661,-0.00012073,0.50622
0,0.503557,0.000383505,0.0186,-0.0284752,-0.00171661,-0.00012073,0.50622
0,0.503557,0.000383505,0.0186,-0.0284752,-0.00171661,-0.00012073,0.50622
0,0.503557,0.000383505,0.0186,-0.0284752,-0.00171661,-0.00012073,0.50622
0,0.503557,0.000383505,0.0186,-0.0284752,-0.00171661,-0.00012073,0.50622
0,0.503557,0.000383505,0.0186,-0.0284752,-0.00171661,-0.00012073,0.50622
0,0.503557,0.000383505,0.0186,-0.0284752,-0.00171661,-0.00012073,0.50622
0,0.503557,0.000383505,0.0186,-0.0284752,-0.00171661,-0.00012073,0.50622
0,0.503557,0.000383505,0.0186,-0.0284752,-0.00171661,-0.00012073,0.50622
0,0.503557,0.000383505,0.0186,-0.0284752,-0.00171661,-0.00012073,0.50622
0,0.503557,0.000383505,0.0186,-0.0284752,-0.00171661,-0.00012073,0.50622
0,0.503557,0.000383505,0.0186,-0.0284752,-0.00171661,-0.00012073,0.50622
0,0.503557,0.000383505,0.0186,-0.0284752,-0.00171661,-0.00012073,0.50622
0,0.503557,0.000383505,0.0186,-0.0284752,-0.00171661,-0.00012073,0.50622
0,0.503557,0.000383505,0.0186,-0.0284752,-0.00171661,-0.00012073,0.50622
0,0.503557,0.000383505,0.0186,-0.0284752,-0.00171661,-0.00012073,0.50622
0,0.503557,0.000383505,0.0186,-0.0284752,-0.00171661,-0.00012073,0.50622
0,0.503557,0.000383505,0.0186,-0.0284752,-0.00171661,-0.00012073,0.50622
0,0.503557,0.000383505,0.0186,-0.0284752,-0.00171661,-0.00012073,0.50622
0,0.503557,0.000383505,0.0186,-0.0284752,-0.00171661,-0.00012073,0.50622
0,0.503557,0.000383505,0.0186,-0.0284752,-0.00171661,-0.00012073,0.50622
0,0.503557,0.000383505,0.0186,-0.0284752,-0.00171661,-0.00012073,0.50622
0,0.503557,0.000383505,0.0186,-0.0284752,-0.00171661,-0.00012073,0.50622
0,0.503557,0.000383505,0.0186,-0.0284752,-0.00171661,-0.00012073,0.50622
0,0.503557,0.000383505,0.0186,-0.0284752,-0.00171661,-0.00012073,0.50622
0,0.503557,0.000383505,0.0186,-0.0284752,-0.00171661,-0.00012073,0.50622
0,0.503557,0.000383505,0.0186,-0.0284752,-0.00171661,-0.00012073,0.50622
0,0.503557,0.000383505,0.0186,-0.0284752,-0.00171661,-0.00012073,0.50622
0,0.503557,0.000383505,0.0186,-0.0284752,-0.00171661,-0.00012073,0.50622
0,0.503557,0.000383505,0.0186,-0.0284752,-0.00171661,-0.00012073,0.50622
0,0.503557,0.000383505,0.0186,-0.0284752,-0.00171661,-0.00012073,0.50622
0,0.503557,0.000383505,0.0186,-0.0284752,-0.00171661,-0.00012073,0.50622
0,0.503557,0.000383505,0.0186,-0.0284752,-0.00171661,-0.00012073,0.50622
0,0.503557,0.000383505,0.0186,-0.0284752,-0.00171661,-0.00012073,0.50622
0,0.503557,0.000383505,0.0186,-0.0284752,-0.00171661,-0.00012073,0.50622
0,0.503557,0.000383505,0.0186,-0.0284752,-0.00171661,-0.00012073,0.50622
0,0.503557,0.000383505,0.0186,-0.0284752,-0.00171661,-0.00012073,0.50622
0,0.503557,0.000383505,0.0186,-0.0284752,-0.00171661,-0.00012073,0.50622
0,0.503557,0.000383505,0.0186,-0.0284752,-0.00171661,-0.00012073,0.50622
0,0.503557,0.000383505,0.0186,-0.0284752,-0.00171661,-0.00012073,0.50622
0,0.503557,0.000383505,0.0186,-0.0284752,-0.00171661,-0.00012073,0.50622
0,0.503557,0.000383505,0.0186,-0.0284752,-0.00171661,-0.00012073,0.50622
0,0.503557,0.000383505,0.0186,-0.0284752,-0.00171661,-0.00012073,0.50622
0,0.503557,0.000383505,0.0186,-0.0284752,-0.00171661,-0.00012073,0.50622
0,0.503557,0.000383505,0.0186,-0.0284752,-0.00171661,-0.00012073,0.50622
0,0.503557,0.000383505,0.0186,-0.0284752,-0.00171661,-0.00012073,0.50622
0,0.503557,0.000383505,0.0186,-0.0284752,-0.00171661,-0.00012073,0.50622
0,0.503557,0.000383505,0.0186,-0.0284752,-0.00171661,-0.00012073,0.50622
0,0.503557,0.000383505,0.0186,-0.0284752,-0.00171661,-0.00012073,0.50622
0,0.503557,0.000383505,0.0186,-0.0284752,-0.00171661,-0.00012073,0.50622
0,0.503557,0.000383505,0.0186,-0.0284752,-0.00171661,-0.00012073,0.50622
0,0.503557,0.000383505,0.0186,-0.0284752,-0.00171661,-0.00012073,0.50622
0,0.503557,0.000383505,0.0186,-0.0284752,-0.00171661,-0.00012073,0.50622
0,0.503557,0.000383505,0.0186,-0.0284752,-0.00171661,-0.00012073,0.50622
0,0.503557,0.000383505,0.0186,-0.0284752,-0.00171661,-0.00012073,0.50622
0,0.503557,0.000383505,0.0186,-0.0284752,-0.00171661,-0.00012073,0.50622
0,0.503557,0.000383505,0.0186,-0.0284752,-0.00171661,-0.00012073,0.50622
0,0.503557,0.000383505,0.0186,-0.0284752,-0.00171661,-0.00012073,0.50622
0,0.503557,0.000383505,0.0186,-0.0284752,-0.00171661,-0.00012073,0.50622
0,0.503557,0.000383505,0.0186,-0.0284752,-0.00171661,-0.00012073,0.50622
0,0.503557,0.000383505,0.0186,-0.0284752,-0.00171661,-0.00012073,0.50622
0,0.503557,0.000383505,0.0186,-0.0284752,-0.00171661,-0.00012073,0.50622
0,0.503557,0.000383505,0.0186,-0.0284752,-0.00171661,-0.00012073,0.50622
0,0.503557,0.000383505,0.0186,-0.0284752,-0.00171661,-0.00012073,0.50622
0,0.503557,0.000383505,0.0186,-0.0284752,-0.00171661,-0.00012073,0.50622
0,0.503557,0.000383505,0.0186,-0.0284752,-0.00171661,-0.00012073,0.50622
0,0.503557,0.000383505,0.0186,-0.0284752,-0.00171661,-0.00012073,0.50622
0,0.503557,0.000383505,0.0186,-0.0284752,-0.00171661,-0.00012073,0.50622
0,0.503557,0.000383505,0.0186,-0.0284752,-0.00171661,-0.00012073,0.50622
0,0.503557,0.000383505,0.0186,-0.0284752,-0.00171661,-0.00012073,0.50622
0,0.503557,0.000383505,0.0186,-0.0284752,-0.00171661,-0.00012073,0.50622
0,0.503557,0.000383505,0.0186,-0.0284752,-0.00171661,-0.00012073,0.50622
0,0.503557,0.000383505,0.0186,-0.0284752,-0.00171661,-0.00012073,0.50622
0,0.503557,0.000383505,0.0186,-0.0284752,-0.00171661,-0.00012073,0.50622
0,0.503557,0.000383505,0.0186,-0.0284752,-0.00171661,-0.00012073,0.50622
0,0.503557,0.000383505,0.0186,-0.0284752,-0.00171661,-0.00012073,0.50622
0,0.503557,0.000383505,0.0186,-0.0284752,-0.00171661,-0.00012073,0.50622
0,0.503557,0.000383505,0.0186,-0.0284752,-0.00171661,-0.00012073,0.50622
0,0.503557,0.000383505,0.0186,-0.0284752,-0.00171661,-0.00012073,0.50622
0,0.503557,0.000383505,0.0186,-0.0284752,-0.00171661,-0.00012073,0.50622
0,0.503557,0.000383505,0.0186,-0.0284752,-0.00171661,-0.00012073,0.50622
0,0.503557,0.000383505,0.0186,-0.0284752,-0.00171661,-0.00012073,0.50622
0,0.503557,0.000383505,0.0186,-0.0284752,-0.00171661,-0.00012073,0.50622
0,0.503557,0.000383505,0.0186,-0.0284752,-0.00171661,-0.00012073,0.50622
0,0.503557,0.000383505,0.0186,-0.0284752,-0.00171661,-0.00012073,0.50622
0,0.503557,0.000383505,0.0186,-0.0284752,-0.00171661,-0.00012073,0.50622
0,0.503557,0.000383505,0.0186,-0.0284752,-0.00171661,-0.00012073,0.50622
0,0.503557,0.000383505,0.0186,-0.0284752,-0.00171661,-0.00012073,0.50622
0,0.503557,0.000383505,0.0186,-0.0284752,-0.00171661,-0.00012073,0.50622
0,0.503557,0.000383505,0.0186,-0.0284752,-0.00171661,-0.00012073,0.50622
0,0.503557,0.000383505,0.0186,-0.0284752,-0.00171661,-0.00012073,0.50622
0,0.503557,0.000383505,0.0186,-0.0284752,-0.00171661,-0.00012073,0.50622
0,0.503557,0.000383505,0.0186,-0.0284752,-0.00171661,-0.00012073,0.50622
0,0.503557,0.000383505,0.0186,-0.0284752,-0.00171661,-0.00012073,0.50622
0,0.503557,0.000383505,0.0186,-0.0284752,-0.00171661,-0.00012073,0.50622
0,0.503557,0.000383505,0.0186,-0.0284752,-0.00171661,-0.00012073,0.50622
0,0.503557,0.000383505,0.0186,-0.0284752,-0.00171661,-0.00012073,0.50622
0,0.503557,0.000383505,0.0186,-0.0284752,-0.00171661,-0.00012073,0.50622
0,0.503557,0.000383505,0.0186,-0.0284752,-0.00171661,-0.00012073,0.50622
0,0.503557,0.000383505,0.0186,-0.0284752,-0.00171661,-0.00012073,0.50622
0,0.503557,0.000383505,0.0186,-0.0284752,-0.00171661,-0.00012073,0.50622
0,0.503557,0.000383505,0.0186,-0.0284752,-0.00171661,-0.00012073,0.50622
0,0.503557,0.000383505,0.0186,-0.0284752,-0.00171661,-0.00012073,0.50622
0,0.503557,0.000383505,0.0186,-0.0284752,-0.00171661,-0.00012073,0.50622
0,0.503557,0.000383505,0.0186,-0.0284752,-0.00171661,-0.00012073,0.50622
0,0.503557,0.000383505,0.0186,-0.0284752,-0.00171661,-0.00012073,0.50622
0,0.503557,0.000383505,0.0186,-0.0284752,-0.00171661,-0.00012073,0.50622
0,0.503557,0.000383505,0.0186,-0.0284752,-0.00171661,-0.00012073,0.50622
0,0.503557,0.000383505,0.0186,-0.0284752,-0.00171661,-0.00012073,0.50622
0,0.503557,0.000383505,0.0186,-0.0284752,-0.00171661,-0.00012073,0.50622
0,0.503557,0.000383505,0.0186,-0.0284752,-0.00171661,-0.00012073,0.50622
0,0.503557,0.000383505,0.0186,-0.0284752,-0.00171661,-0.00012073,0.50622
0,0.503557,0.000383505,0.0186,-0.0284752,-0.00171661,-0.00012073,0.50622
0,0.503557,0.000383505,0.0186,-0.0284752,-0.00171661,-0.00012073,0.50622
0,0.503557,0.000383505,0.0186,-0.0284752,-0.00171661,-0.00012073,0.50622
0,0.503557,0.000383505,0.0186,-0.0284752,-0.00171661,-0.00012073,0.50622
0,0.503557,0.000383505,0.0186,-0.0284752,-0.00171661,-0.00012073,0.50622
0,0.503557,0.000383505,0.0186,-0.0284752,-0.00171661,-0.00012073,0.50622
0,0.503557,0.000383505,0.0186,-0.0284752,-0.00171661,-0.00012073,0.50622
0,0.503557,0.000383505,0.0186,-0.0284752,-0.00171661,-0.00012073,0.50622
0,0.503557,0.000383505,0.0186,-0.0284752,-0.00171661,-0.00012073,0.50622
0,0.503557,0.000383505,0.0186,-0.0284752,-0.00171661,-0.00012073,0.50622
0,0.503557,0.000383505,0.0186,-0.0284752,-0.00171661,-0.00012073,0.50622
0,0.503557,0.000383505,0.0186,-0.0284752,-0.00171661,-0.00012073,0.50622
0,0.503557,0.000383505,0.0186,-0.0284752,-0.00171661,-0.00012073,0.50622
0,0.503557,0.000383505,0.0186,-0.0284752,-0.00171661,-0.00012073,0.50622
0,0.503557,0.000383505,0.0186,-0.0284752,-0.00171661,-0.00012073,0.50622
0,0.503557,0.000383505,0.0186,-0.0284752,-0.00171661,-0.00012073,0.50622
0,0.503557,0.000383505,0.0186,-0.0284752,-0.00171661,-0.00012073,0.50622
0,0.503557,0.000383505,0.0186,-0.0284752,-0.00171661,-0.00012073,0.50622
0,0.503557,0.000383505,0.0186,-0.0284752,-0.00171661,-0.00012073,0.50622
0,0.503557,0.000383505,0.0186,-0.0284752,-0.00171661,-0.00012073,0.50622
0,0.503557,0.000383505,0.0186,-0.0284752,-0.00171661,-0.00012073,0.50622
0,0.503557,0.000383505,0.0186,-0.0284752,-0.00171661,-0.00012073,0.50622
0,0.503557,0.000383505,0.0186,-0.0284752,-0.00171661,-0.00012073,0.50622
0,0.503557,0.000383505,0.0186,-0.0284752,-0.00171661,-0.00012073,0.50622
0,0.503557,0.000383505,0.0186,-0.0284752,-0.00171661,-0.00012073,0.50622
0,0.503557,0.000383505,0.0186,-0.0284752,-0.00171661,-0.00012073,0.50622
0,0.503557,0.000383505,0.0186,-0.0284752,-0.00171661,-0.00012073,0.50622
0,0.503557,0.000383505,0.0186,-0.0284752,-0.00171661,-0.00012073,0.50622
0,0.503557,0.000383505,0.0186,-0.0284752,-0.00171661,-0.00012073,0.50622
0,0.503557,0.000383505,0.0186,-0.0284752,-0.00171661,-0.00012073,0.50622
0,0.503557,0.000383505,0.0186,-0.0284752,-0.00171661,-0.00012073,0.50622
0,0.503557,0.000383505,0.0186,-0.0284752,-0.00171661,-0.00012073,0.50622
0,0.503557,0.000383505,0.0186,-0.0284752,-0.00171661,-0.00012073,0.50622
0,0.503557,0.000383505,0.0186,-0.0284752,-0.00171661,-0.00012073,0.50622
0,0.503557,0.000383505,0.0186,-0.0284752,-0.00171661,-0.00012073,0.50622
0,0.503557,0.000383505,0.0186,-0.0284752,-0.00171661,-0.00012073,0.50622
0,0.503557,0.000383505,0.0186,-0.0284752,-0.00171661,-0.00012073,0.50622
0,0.503557,0.000383505,0.0186,-0.0284752,-0.00171661,-0.00012073,0.50622
0,0.503557,0.000383505,0.0186,-0.0284752,-0.00171661,-0.00012073,0.50622
0,0.503557,0.000383505,0.0186,-0.0284752,-0.00171661,-0.00012073,0.50622
0,0.503557,0.000383505,0.0186,-0.0284752,-0.00171661,-0.00012073,0.50622
0,0.503557,0.000383505,0.0186,-0.0284752,-0.00171661,-0.00012073,0.50622
0,0.503557,0.000383505,0.0186,-0.0284752,-0.00171661,-0.00012073,0.50622
0,0.503557,0.000383505,0.0186,-0.0284752,-0.00171661,-0.00012073,0.50622
0,0.503557,0.000383505,0.0186,-0.0284752,-0.00171661,-0.00012073,0.50622
0,0.503557,0.000383505,0.0186,-0.0284752,-0.00171661,-0.00012073,0.50622
0,0.503557,0.000383505,0.0186,-0.0284752,-0.00171661,-0.00012073,0.50622
0,0.503557,0.000383505,0.0186,-0.0284752,-0.00171661,-0.00012073,0.50622
0,0.503557,0.000383505,0.0186,-0.0284752,-0.00171661,-0.00012073,0.50622
0,0.503557,0.000383505,0.0186,-0.0284752,-0.00171661,-0.00012073,0.50622
0,0.503557,0.000383505,0.0186,-0.0284752,-0.00171661,-0.00012073,0.50622
0,0.503557,0.000383505,0.0186,-0.0284752,-0.00171661,-0.00012073,0.50622
0,0.503557,0.000383505,0.0186,-0.0284752,-0.00171661,-0.00012073,0.50622
0,0.503557,0.000383505,0.0186,-0.0284752,-0.00171661,-0.00012073,0.50622
0,0.503557,0.000383505,0.0186,-0.0284752,-0.00171661,-0.00012073,0.50622
0,0.503557,0.000383505,0.0186,-0.0284752,-0.00171661,-0.00012073,0.50622
0,0.503557,0.000383505,0.0186,-0.0284752,-0.00171661,-0.00012073,0.50622
0,0.503557,0.000383505,0.0186,-0.0284752,-0.00171661,-0.00012073,0.50622
0,0.503557,0.000383505,0.0186,-0.0284752,-0.00171661,-0.00012073,0.50622
0,0.503557,0.000383505,0.0186,-0.0284752,-0.00171661,-0.00012073,0.50622
0,0.503557,0.000383505,0.0186,-0.0284752,-0.00171661,-0.00012073,0.50622
0,0.503557,0.000383505,0.0186,-0.0284752,-0.00171661,-0.00012073,0.50622
0,0.503557,0.000383505,0.0186,-0.0284752,-0.00171661,-0.00012073,0.50622
0,0.503557,0.000383505,0.0186,-0.0284752,-0.00171661,-0.00012073,0.50622
0,0.503557,0.000383505,0.0186,-0.0284752,-0.00171661,-0.00012073,0.50622
0,0.503557,0.000383505,0.0186,-0.0284752,-0.00171661,-0.00012073,0.50622
0,0.503557,0.000383505,0.0186,-0.0284752,-0.00171661,-0.00012073,0.50622
0,0.503557,0.000383505,0.0186,-0.0284752,-0.00171661,-0.00012073,0.50622
0,0.503557,0.000383505,0.0186,-0.0284752,-0.00171661,-0.00012073,0.50622
0,0.503557,0.000383505,0.0186,-0.0284752,-0.00171661,-0.00012073,0.50622
0,0.503557,0.000383505,0.0186,-0.0284752,-0.00171661,-0.00012073,0.50622
0,0.503557,0.000383505,0.0186,-0.0284752,-0.00171661,-0.00012073,0.50622
0,0.503557,0.000383505,0.0186,-0.0284752,-0.00171661,-0.00012073,0.50622
0,0.503557,0.000383505,0.0186,-0.0284752,-0.00171661,-0.00012073,0.50622
0,0.503557,0.000383505,0.0186,-0.0284752,-0.00171661,-0.00012073,0.50622
0,0.503557,0.000383505,0.0186,-0.0284752,-0.00171661,-0.00012073,0.50622
0,0.503557,0.000383505,0.0186,-0.0284752,-0.00171661,-0.00012073,0.50622
0,0.503557,0.000383505,0.0186,-0.0284752,-0.00171661,-0.00012073,0.50622
0,0.503557,0.000383505,0.0186,-0.0284752,-0.00171661,-0.00012073,0.50622
0,0.503557,0.000383505,0.0186,-0.0284752,-0.00171661,-0.00012073,0.50622
0,0.503557,0.000383505,0.0186,-0.0284752,-0.00171661,-0.00012073,0.50622
0,0.503557,0.000383505,0.0186,-0.0284752,-0.00171661,-0.00012073,0.50622
0,0.503557,0.000383505,0.0186,-0.0284752,-0.00171661,-0.00012073,0.50622
0,0.503557,0.000383505,0.0186,-0.0284752,-0.00171661,-0.00012073,0.50622
0,0.503557,0.000383505,0.0186,-0.0284752,-0.00171661,-0.00012073,0.50622
0,0.503557,0.000383505,0.0186,-0.0284752,-0.00171661,-0.00012073,0.50622
0,0.503557,0.000383505,0.0186,-0.0284752,-0.00171661,-0.00012073,0.50622
0,0.503557,0.000383505,0.0186,-0.0284752,-0.00171661,-0.00012073,0.50622
0,0.503557,0.000383505,0.0186,-0.0284752,-0.00171661,-0.00012073,0.50622
0,0.503557,0.000383505,0.0186,-0.0284752,-0.00171661,-0.00012073,0.50622
0,0.503557,0.000383505,0.0186,-0.0284752,-0.00171661,-0.00012073,0.50622
0,0.503557,0.000383505,0.0186,-0.0284752,-0.00171661,-0.00012073,0.50622
0,0.503557,0.000383505,0.0186,-0.0284752,-0.00171661,-0.00012073,0.50622
0,0.503557,0.000383505,0.0186,-0.0284752,-0.00171661,-0.00012073,0.50622
0,0.503557,0.000383505,0.0186,-0.0284752,-0.00171661,-0.00012073,0.50622
0,0.503557,0.000383505,0.0186,-0.0284752,-0.00171661,-0.00012073,0.50622
0,0.503557,0.000383505,0.0186,-0.0284752,-0.00171661,-0.00012073,0.50622
0,0.503557,0.000383505,0.0186,-0.0284752,-0.00171661,-0.00012073,0.50622
0,0.503557,0.000383505,0.0186,-0.0284752,-0.00171661,-0.00012073,0.50622
0,0.503557,0.000383505,0.0186,-0.0284752,-0.00171661,-0.00012073,0.50622
0,0.503557,0.000383505,0.0186,-0.0284752,-0.00171661,-0.00012073,0.50622
0,0.503557,0.000383505,0.0186,-0.0284752,-0.00171661,-0.00012073,0.50622
0,0.503557,0.000383505,0.0186,-0.0284752,-0.00171661,-0.00012073,0.50622
0,0.503557,0.000383505,0.0186,-0.0284752,-0.00171661,-0.00012073,0.50622
0,0.503557,0.000383505,0.0186,-0.0284752,-0.00171661,-0.00012073,0.50622
0,0.503557,0.000383505,0.0186,-0.0284752,-0.00171661,-0.00012073,0.50622
0,0.503557,0.000383505,0.0186,-0.0284752,-0.00171661,-0.00012073,0.50622
0,0.503557,0.000383505,0.0186,-0.0284752,-0.00171661,-0.00012073,0.50622
0,0.503557,0.000383505,0.0186,-0.0284752,-0.00171661,-0.00012073,0.50622
0,0.503557,0.000383505,0.0186,-0.0284752,-0.00171661,-0.00012073,0.50622
0,0.503557,0.000383505,0.0186,-0.0284752,-0.00171661,-0.00012073,0.50622
0,0.503557,0.000383505,0.0186,-0.0284752,-0.00171661,-0.00012073,0.50622
0,0.503557,0.000383505,0.0186,-0.0284752,-0.00171661,-0.00012073,0.50622
0,0.503557,0.000383505,0.0186,-0.0284752,-0.00171661,-0.00012073,0.50622
0,0.503557,0.000383505,0.0186,-0.0284752,-0.00171661,-0.00012073,0.50622
0,0.503557,0.000383505,0.0186,-0.0284752,-0.00171661,-0.00012073,0.50622
0,0.503557,0.000383505,0.0186,-0.0284752,-0.00171661,-0.00012073,0.50622
0,0.503557,0.000383505,0.0186,-0.0284752,-0.00171661,-0.00012073,0.50622
0,0.503557,0.000383505,0.0186,-0.0284752,-0.00171661,-0.00012073,0.50622
0,0.503557,0.000383505,0.0186,-0.0284752,-0.00171661,-0.00012073,0.50622
0,0.503557,0.000383505,0.0186,-0.0284752,-0.00171661,-0.00012073,0.50622
0,0.503557,0.000383505,0.0186,-0.0284752,-0.00171661,-0.00012073,0.50622
0,0.503557,0.000383505,0.0186,-0.0284752,-0.00171661,-0.00012073,0.50622
0,0.503557,0.000383505,0.0186,-0.0284752,-0.00171661,-0.00012073,0.50622
0,0.503557,0.000383505,0.0186,-0.0284752,-0.00171661,-0.00012073,0.50622
0,0.503557,0.000383505,0.0186,-0.0284752,-0.00171661,-0.00012073,0.50622
0,0.503557,0.000383505,0.0186,-0.0284752,-0.00171661,-0.00012073,0.50622
0,0.503557,0.000383505,0.0186,-0.0284752,-0.00171661,-0.00012073,0.50622
0,0.503557,0.000383505,0.0186,-0.0284752,-0.00171661,-0.00012073,0.50622
0,0.503557,0.000383505,0.0186,-0.0284752,-0.00171661,-0.00012073,0.50622
0,0.503557,0.000383505,0.0186,-0.0284752,-0.00171661,-0.00012073,0.50622
0,0.503557,0.000383505,0.0186,-0.0284752,-0.00171661,-0.00012073,0.50622
0,0.503557,0.000383505,0.0186,-0.0284752,-0.00171661,-0.00012073,0.50622
0,0.503557,0.000383505,0.0186,-0.0284752,-0.00171661,-0.00012073,0.50622
0,0.503557,0.000383505,0.0186,-0.0284752,-0.00171661,-0.00012073,0.50622
0,0.503557,0.000383505,0.0186,-0.0284752,-0.00171661,-0.00012073,0.50622
0,0.503557,0.000383505,0.0186,-0.0284752,-0.00171661,-0.00012073,0.50622
0,0.503557,0.000383505,0.0186,-0.0284752,-0.00171661,-0.00012073,0.50622
0,0.503557,0.000383505,0.0186,-0.0284752,-0.00171661,-0.00012073,0.50622
0,0.503557,0.000383505,0.0186,-0.0284752,-0.00171661,-0.00012073,0.50622
0,0.503557,0.000383505,0.0186,-0.0284752,-0.00171661,-0.00012073,0.50622
0,0.503557,0.000383505,0.0186,-0.0284752,-0.00171661,-0.00012073,0.50622
0,0.503557,0.000383505,0.0186,-0.0284752,-0.00171661,-0.00012073,0.50622
0,0.503557,0.000383505,0.0186,-0.0284752,-0.00171661,-0.00012073,0.50622
0,0.503557,0.000383505,0.0186,-0.0284752,-0.00171661,-0.00012073,0.50622
0,0.503557,0.000383505,0.0186,-0.0284752,-0.00171661,-0.00012073,0.50622
0,0.503557,0.000383505,0.0186,-0.0284752,-0.00171661,-0.00012073,0.50622
0,0.503557,0.000383505,0.0186,-0.0284752,-0.00171661,-0.00012073,0.50622
0,0.503557,0.000383505,0.0186,-0.0284752,-0.00171661,-0.00012073,0.50622
0,0.503557,0.000383505,0.0186,-0.0284752,-0.00171661,-0.00012073,0.50622
0,0.503557,0.000383505,0.0186,-0.0284752,-0.00171661,-0.00012073,0.50622
0,0.503557,0.000383505,0.0186,-0.0284752,-0.00171661,-0.00012073,0.50622
0,0.503557,0.000383505,0.0186,-0.0284752,-0.00171661,-0.00012073,0.50622
0,0.503557,0.000383505,0.0186,-0.0284752,-0.00171661,-0.00012073,0.50622
0,0.503557,0.000383505,0.0186,-0.0284752,-0.00171661,-0.00012073,0.50622
0,0.503557,0.000383505,0.0186,-0.0284752,-0.00171661,-0.00012073,0.50622
0,0.503557,0.000383505,0.0186,-0.0284752,-0.00171661,-0.00012073,0.50622
0,0.503557,0.000383505,0.0186,-0.0284752,-0.00171661,-0.00012073,0.50622
0,0.503557,0.000383505,0.0186,-0.0284752,-0.00171661,-0.00012073,0.50622
0,0.503557,0.000383505,0.0186,-0.0284752,-0.00171661,-0.00012073,0.50622
0,0.503557,0.000383505,0.0186,-0.0284752,-0.00171661,-0.00012073,0.50622
0,0.503557,0.000383505,0.0186,-0.0284752,-0.00171661,-0.00012073,0.50622
0,0.503557,0.000383505,0.0186,-0.0284752,-0.00171661,-0.00012073,0.50622
0,0.503557,0.000383505,0.0186,-0.0284752,-0.00171661,-0.00012073,0.50622
0,0.503557,0.000383505,0.0186,-0.0284752,-0.00171661,-0.00012073,0.50622
0,0.503557,0.000383505,0.0186,-0.0284752,-0.00171661,-0.00012073,0.50622
0,0.503557,0.000383505,0.0186,-0.0284752,-0.00171661,-0.00012073,0.50622
0,0.503557,0.000383505,0.0186,-0.0284752,-0.00171661,-0.00012073,0.50622
0,0.503557,0.000383505,0.0186,-0.0284752,-0.00171661,-0.00012073,0.50622
0,0.503557,0.000383505,0.0186,-0.0284752,-0.00171661,-0.00012073,0.50622
0,0.503557,0.000383505,0.0186,-0.0284752,-0.00171661,-0.00012073,0.50622
0,0.503557,0.000383505,0.0186,-0.0284752,-0.00171661,-0.00012073,0.50622
0,0.503557,0.000383505,0.0186,-0.0284752,-0.00171661,-0.00012073,0.50622
0,0.503557,0.000383505,0.0186,-0.0284752,-0.00171661,-0.00012073,0.50622
0,0.503557,0.000383505,0.0186,-0.0284752,-0.00171661,-0.00012073,0.50622
0,0.503557,0.000383505,0.0186,-0.0284752,-0.00171661,-0.00012073,0.50622
0,0.503557,0.000383505,0.0186,-0.0284752,-0.00171661,-0.00012073,0.50622
0,0.503557,0.000383505,0.0186,-0.0284752,-0.00171661,-0.00012073,0.50622
0,0.503557,0.000383505,0.0186,-0.0284752,-0.00171661,-0.00012073,0.50622
0,0.503557,0.000383505,0.0186,-0.0284752,-0.00171661,-0.00012073,0.50622
0,0.503557,0.000383505,0.0186,-0.0284752,-0.00171661,-0.00012073,0.50622
0,0.503557,0.000383505,0.0186,-0.0284752,-0.00171661,-0.00012073,0.50622
0,0.503557,0.000383505,0.0186,-0.0284752,-0.00171661,-0.00012073,0.50622
0,0.503557,0.000383505,0.0186,-0.0284752,-0.00171661,-0.00012073,0.50622
0,0.503557,0.000383505,0.0186,-0.0284752,-0.00171661,-0.00012073,0.50622
0,0.503557,0.000383505,0.0186,-0.0284752,-0.00171661,-0.00012073,0.50622
0,0.503557,0.000383505,0.0186,-0.0284752,-0.00171661,-0.00012073,0.50622
0,0.503557,0.000383505,0.0186,-0.0284752,-0.00171661,-0.00012073,0.50622
0,0.503557,0.000383505,0.0186,-0.0284752,-0.00171661,-0.00012073,0.50622
0,0.503557,0.000383505,0.0186,-0.0284752,-0.00171661,-0.00012073,0.50622
0,0.503557,0.000383505,0.0186,-0.0284752,-0.00171661,-0.00012073,0.50622
0,0.503557,0.000383505,0.0186,-0.0284752,-0.00171661,-0.00012073,0.50622
0,0.503557,0.000383505,0.0186,-0.0284752,-0.00171661,-0.00012073,0.50622
0,0.503557,0.000383505,0.0186,-0.0284752,-0.00171661,-0.00012073,0.50622
0,0.503557,0.000383505,0.0186,-0.0284752,-0.00171661,-0.00012073,0.50622
0,0.503557,0.000383505,0.0186,-0.0284752,-0.00171661,-0.00012073,0.50622
0,0.503557,0.000383505,0.0186,-0.0284752,-0.00171661,-0.00012073,0.50622
0,0.503557,0.000383505,0.0186,-0.0284752,-0.00171661,-0.00012073,0.50622
0,0.503557,0.000383505,0.0186,-0.0284752,-0.00171661,-0.00012073,0.50622
0,0.503557,0.000383505,0.0186,-0.0284752,-0.00171661,-0.00012073,0.50622
0,0.503557,0.000383505,0.0186,-0.0284752,-0.00171661,-0.00012073,0.50622
0,0.503557,0.000383505,0.0186,-0.0284752,-0.00171661,-0.00012073,0.50622
0,0.503557,0.000383505,0.0186,-0.0284752,-0.00171661,-0.00012073,0.50622
0,0.503557,0.000383505,0.0186,-0.0284752,-0.00171661,-0.00012073,0.50622
0,0.503557,0.000383505,0.0186,-0.0284752,-0.00171661,-0.00012073,0.50622
0,0.503557,0.000383505,0.0186,-0.0284752,-0.00171661,-0.00012073,0.50622
0,0.503557,0.000383505,0.0186,-0.0284752,-0.00171661,-0.00012073,0.50622
0,0.503557,0.000383505,0.0186,-0.0284752,-0.00171661,-0.00012073,0.50622
0,0.503557,0.000383505,0.0186,-0.0284752,-0.00171661,-0.00012073,0.50622
0,0.503557,0.000383505,0.0186,-0.0284752,-0.00171661,-0.00012073,0.50622
0,0.503557,0.000383505,0.0186,-0.0284752,-0.00171661,-0.00012073,0.50622
0,0.503557,0.000383505,0.0186,-0.0284752,-0.00171661,-0.00012073,0.50622
0,0.503557,0.000383505,0.0186,-0.0284752,-0.00171661,-0.00012073,0.50622
0,0.503557,0.000383505,0.0186,-0.0284752,-0.00171661,-0.00012073,0.50622
0,0.503557,0.000383505,0.0186,-0.0284752,-0.00171661,-0.00012073,0.50622
0,0.503557,0.000383505,0.0186,-0.0284752,-0.00171661,-0.00012073,0.50622
0,0.503557,0.000383505,0.0186,-0.0284752,-0.00171661,-0.00012073,0.50622
0,0.503557,0.000383505,0.0186,-0.0284752,-0.00171661,-0.00012073,0.50622
0,0.503557,0.000383505,0.0186,-0.0284752,-0.00171661,-0.00012073,0.50622
0,0.503557,0.000383505,0.0186,-0.0284752,-0.00171661,-0.00012073,0.50622
0,0.503557,0.000383505,0.0186,-0.0284752,-0.00171661,-0.00012073,0.50622
0,0.503557,0.000383505,0.0186,-0.0284752,-0.00171661,-0.00012073,0.50622
0,0.503557,0.000383505,0.0186,-0.0284752,-0.00171661,-0.00012073,0.50622
0,0.503557,0.000383505,0.0186,-0.0284752,-0.00171661,-0.00012073,0.50622
0,0.503557,0.000383505,0.0186,-0.0284752,-0.00171661,-0.00012073,0.50622
0,0.503557,0.000383505,0.0186,-0.0284752,-0.00171661,-0.00012073,0.50622
0,0.503557,0.000383505,0.0186,-0.0284752,-0.00171661,-0.00012073,0.50622
0,0.503557,0.000383505,0.0186,-0.0284752,-0.00171661,-0.00012073,0.50622
0,0.503557,0.000383505,0.0186,-0.0284752,-0.00171661,-0.00012073,0.50622
0,0.503557,0.000383505,0.0186,-0.0284752,-0.00171661,-0.00012073,0.50622
0,0.503557,0.000383505,0.0186,-0.0284752,-0.00171661,-0.00012073,0.50622
0,0.503557,0.000383505,0.0186,-0.0284752,-0.00171661,-0.00012073,0.50622
0,0.503557,0.000383505,0.0186,-0.0284752,-0.00171661,-0.00012073,0.50622
0,0.503557,0.000383505,0.0186,-0.0284752,-0.00171661,-0.00012073,0.50622
0,0.503557,0.000383505,0.0186,-0.0284752,-0.00171661,-0.00012073,0.50622
0,0.503557,0.000383505,0.0186,-0.0284752,-0.00171661,-0.00012073,0.50622
0,0.503557,0.000383505,0.0186,-0.0284752,-0.00171661,-0.00012073,0.50622
0,0.503557,0.000383505,0.0186,-0.0284752,-0.00171661,-0.00012073,0.50622
0,0.503557,0.000383505,0.0186,-0.0284752,-0.00171661,-0.00012073,0.50622
0,0.503557,0.000383505,0.0186,-0.0284752,-0.00171661,-0.00012073,0.50622
0,0.503557,0.000383505,0.0186,-0.0284752,-0.00171661,-0.00012073,0.50622
0,0.503557,0.000383505,0.0186,-0.0284752,-0.00171661,-0.00012073,0.50622
0,0.503557,0.000383505,0.0186,-0.0284752,-0.00171661,-0.00012073,0.50622
0,0.503557,0.000383505,0.0186,-0.0284752,-0.00171661,-0.00012073,0.50622
0,0.503557,0.000383505,0.0186,-0.0284752,-0.00171661,-0.00012073,0.50622
0,0.503557,0.000383505,0.0186,-0.0284752,-0.00171661,-0.00012073,0.50622
0,0.503557,0.000383505,0.0186,-0.0284752,-0.00171661,-0.00012073,0.50622
0,0.503557,0.000383505,0.0186,-0.0284752,-0.00171661,-0.00012073,0.50622
0,0.503557,0.000383505,0.0186,-0.0284752,-0.00171661,-0.00012073,0.50622
0,0.503557,0.000383505,0.0186,-0.0284752,-0.00171661,-0.00012073,0.50622
0,0.503557,0.000383505,0.0186,-0.0284752,-0.00171661,-0.00012073,0.50622
0,0.503557,0.000383505,0.0186,-0.0284752,-0.00171661,-0.00012073,0.50622
0,0.503557,0.000383505,0.0186,-0.0284752,-0.00171661,-0.00012073,0.50622
0,0.503557,0.000383505,0.0186,-0.0284752,-0.00171661,-0.00012073,0.50622
0,0.503557,0.000383505,0.0186,-0.0284752,-0.00171661,-0.00012073,0.50622
0,0.503557,0.000383505,0.0186,-0.0284752,-0.00171661,-0.00012073,0.50622
0,0.503557,0.000383505,0.0186,-0.0284752,-0.00171661,-0.00012073,0.50622
0,0.503557,0.000383505,0.0186,-0.0284752,-0.00171661,-0.00012073,0.50622
0,0.503557,0.000383505,0.0186,-0.0284752,-0.00171661,-0.00012073,0.50622
0,0.503557,0.000383505,0.0186,-0.0284752,-0.00171661,-0.00012073,0.50622
0,0.503557,0.000383505,0.0186,-0.0284752,-0.00171661,-0.00012073,0.50622
0,0.503557,0.000383505,0.0186,-0.0284752,-0.00171661,-0.00012073,0.50622
0,0.503557,0.000383505,0.0186,-0.0284752,-0.00171661,-0.00012073,0.50622
0,0.503557,0.000383505,0.0186,-0.0284752,-0.00171661,-0.00012073,0.50622
0,0.503557,0.000383505,0.0186,-0.0284752,-0.00171661,-0.00012073,0.50622
0,0.503557,0.000383505,0.0186,-0.0284752,-0.00171661,-0.00012073,0.50622
0,0.503557,0.000383505,0.0186,-0.0284752,-0.00171661,-0.00012073,0.50622
0,0.503557,0.000383505,0.0186,-0.0284752,-0.00171661,-0.00012073,0.50622
0,0.503557,0.000383505,0.0186,-0.0284752,-0.00171661,-0.00012073,0.50622
0,0.503557,0.000383505,0.0186,-0.0284752,-0.00171661,-0.00012073,0.50622
0,0.503557,0.000383505,0.0186,-0.0284752,-0.00171661,-0.00012073,0.50622
0,0.503557,0.000383505,0.0186,-0.0284752,-0.00171661,-0.00012073,0.50622
0,0.503557,0.000383505,0.0186,-0.0284752,-0.00171661,-0.00012073,0.50622
0,0.503557,0.000383505,0.0186,-0.0284752,-0.00171661,-0.00012073,0.50622
0,0.503557,0.000383505,0.0186,-0.0284752,-0.00171661,-0.00012073,0.50622
0,0.503557,0.000383505,0.0186,-0.0284752,-0.00171661,-0.00012073,0.50622
0,0.503557,0.000383505,0.0186,-0.0284752,-0.00171661,-0.00012073,0.50622
0,0.503557,0.000383505,0.0186,-0.0284752,-0.00171661,-0.00012073,0.50622
0,0.503557,0.000383505,0.0186,-0.0284752,-0.00171661,-0.00012073,0.50622
0,0.503557,0.000383505,0.0186,-0.0284752,-0.00171661,-0.00012073,0.50622
0,0.503557,0.000383505,0.0186,-0.0284752,-0.00171661,-0.00012073,0.50622
0,0.503557,0.000383505,0.0186,-0.0284752,-0.00171661,-0.00012073,0.50622
0,0.503557,0.000383505,0.0186,-0.0284752,-0.00171661,-0.00012073,0.50622
0,0.503557,0.000383505,0.0186,-0.0284752,-0.00171661,-0.00012073,0.50622
0,0.503557,0.000383505,0.0186,-0.0284752,-0.00171661,-0.00012073,0.50622
0,0.503557,0.000383505,0.0186,-0.0284752,-0.00171661,-0.00012073,0.50622
0,0.503557,0.000383505,0.0186,-0.0284752,-0.00171661,-0.00012073,0.50622
0,0.503557,0.000383505,0.0186,-0.0284752,-0.00171661,-0.00012073,0.50622
0,0.503557,0.000383505,0.0186,-0.0284752,-0.00171661,-0.00012073,0.50622
0,0.503557,0.000383505,0.0186,-0.0284752,-0.00171661,-0.00012073,0.50622
0,0.503557,0.000383505,0.0186,-0.0284752,-0.00171661,-0.00012073,0.50622
0,0.503557,0.000383505,0.0186,-0.0284752,-0.00171661,-0.00012073,0.50622
0,0.503557,0.000383505,0.0186,-0.0284752,-0.00171661,-0.00012073,0.50622
0,0.503557,0.000383505,0.0186,-0.0284752,-0.00171661,-0.00012073,0.50622
0,0.503557,0.000383505,0.0186,-0.0284752,-0.00171661,-0.00012073,0.50622
0,0.503557,0.000383505,0.0186,-0.0284752,-0.00171661,-0.00012073,0.50622
0,0.503557,0.000383505,0.0186,-0.0284752,-0.00171661,-0.00012073,0.50622
0,0.503557,0.000383505,0.0186,-0.0284752,-0.00171661,-0.00012073,0.50622
0,0.503557,0.000383505,0.0186,-0.0284752,-0.00171661,-0.00012073,0.50622
0,0.503557,0.000383505,0.0186,-0.0284752,-0.00171661,-0.00012073,0.50622
0,0.503557,0.000383505,0.0186,-0.0284752,-0.00171661,-0.00012073,0.50622
0,0.503557,0.000383505,0.0186,-0.0284752,-0.00171661,-0.00012073,0.50622
0,0.503557,0.000383505,0.0186,-0.0284752,-0.00171661,-0.00012073,0.50622
0,0.503557,0.000383505,0.0186,-0.0284752,-0.00171661,-0.00012073,0.50622
0,0.503557,0.000383505,0.0186,-0.0284752,-0.00171661,-0.00012073,0.50622
0,0.503557,0.000383505,0.0186,-0.0284752,-0.00171661,-0.00012073,0.50622
0,0.503557,0.000383505,0.0186,-0.0284752,-0.00171661,-0.00012073,0.50622
0,0.503557,0.000383505,0.0186,-0.0284752,-0.00171661,-0.00012073,0.50622
0,0.503557,0.000383505,0.0186,-0.0284752,-0.00171661,-0.00012073,0.50622
0,0.503557,0.000383505,0.0186,-0.0284752,-0.00171661,-0.00012073,0.50622
0,0.503557,0.000383505,0.0186,-0.0284752,-0.00171661,-0.00012073,0.50622
0,0.503557,0.000383505,0.0186,-0.0284752,-0.00171661,-0.00012073,0.50622
0,0.503557,0.000383505,0.0186,-0.0284752,-0.00171661,-0.00012073,0.50622
0,0.503557,0.000383505,0.0186,-0.0284752,-0.00171661,-0.00012073,0.50622
0,0.503557,0.000383505,0.0186,-0.0284752,-0.00171661,-0.00012073,0.50622
0,0.503557,0.000383505,0.0186,-0.0284752,-0.00171661,-0.00012073,0.50622
0,0.503557,0.000383505,0.0186,-0.0284752,-0.00171661,-0.00012073,0.50622
0,0.503557,0.000383505,0.0186,-0.0284752,-0.00171661,-0.00012073,0.50622
0,0.503557,0.000383505,0.0186,-0.0284752,-0.00171661,-0.00012073,0.50622
0,0.503557,0.000383505,0.0186,-0.0284752,-0.00171661,-0.00012073,0.50622
0,0.503557,0.000383505,0.0186,-0.0284752,-0.00171661,-0.00012073,0.50622
0,0.503557,0.000383505,0.0186,-0.0284752,-0.00171661,-0.00012073,0.50622
0,0.503557,0.000383505,0.0186,-0.0284752,-0.00171661,-0.00012073,0.50622
0,0.503557,0.000383505,0.0186,-0.0284752,-0.00171661,-0.00012073,0.50622
0,0.503557,0.000383505,0.0186,-0.0284752,-0.00171661,-0.00012073,0.50622
0,0.503557,0.000383505,0.0186,-0.0284752,-0.00171661,-0.00012073,0.50622
0,0.503557,0.000383505,0.0186,-0.0284752,-0.00171661,-0.00012073,0.50622
0,0.503557,0.000383505,0.0186,-0.0284752,-0.00171661,-0.00012073,0.50622
0,0.503557,0.000383505,0.0186,-0.0284752,-0.00171661,-0.00012073,0.50622
0,0.503557,0.000383505,0.0186,-0.0284752,-0.00171661,-0.00012073,0.50622
0,0.503557,0.000383505,0.0186,-0.0284752,-0.00171661,-0.00012073,0.50622
0,0.503557,0.000383505,0.0186,-0.0284752,-0.00171661,-0.00012073,0.50622
0,0.503557,0.000383505,0.0186,-0.0284752,-0.00171661,-0.00012073,0.50622
0,0.503557,0.000383505,0.0186,-0.0284752,-0.00171661,-0.00012073,0.50622
0,0.503557,0.000383505,0.0186,-0.0284752,-0.00171661,-0.00012073,0.50622
0,0.503557,0.000383505,0.0186,-0.0284752,-0.00171661,-0.00012073,0.50622
0,0.503557,0.000383505,0.0186,-0.0284752,-0.00171661,-0.00012073,0.50622
0,0.503557,0.000383505,0.0186,-0.0284752,-0.00171661,-0.00012073,0.50622
0,0.503557,0.000383505,0.0186,-0.0284752,-0.00171661,-0.00012073,0.50622
0,0.503557,0.000383505,0.0186,-0.0284752,-0.00171661,-0.00012073,0.50622
0,0.503557,0.000383505,0.0186,-0.0284752,-0.00171661,-0.00012073,0.50622
0,0.503557,0.000383505,0.0186,-0.0284752,-0.00171661,-0.00012073,0.50622
0,0.503557,0.000383505,0.0186,-0.0284752,-0.00171661,-0.00012073,0.50622
0,0.503557,0.000383505,0.0186,-0.0284752,-0.00171661,-0.00012073,0.50622
0,0.503557,0.000383505,0.0186,-0.0284752,-0.00171661,-0.00012073,0.50622
0,0.503557,0.000383505,0.0186,-0.0284752,-0.00171661,-0.00012073,0.50622
0,0.503557,0.000383505,0.0186,-0.0284752,-0.00171661,-0.00012073,0.50622
0,0.503557,0.000383505,0.0186,-0.0284752,-0.00171661,-0.00012073,0.50622
0,0.503557,0.000383505,0.0186,-0.0284752,-0.00171661,-0.00012073,0.50622
0,-0,0.055704,0.412939,-0.0299134,-0.00400543,-0.00465359,-0.000475449
0,-0,0.0574298,0.411405,-0.028667,-0.00362396,-0.00530114,-0.000772605
0,-0,0.0606896,0.411405,-0.028667,-0.00362396,-0.00535602,-0.000807273
0,-0,0.0673051,0.411405,-0.028667,-0.00362396,-0.00537797,-0.000822131
0,-0,0.072003,0.411405,-0.028667,-0.00362396,-0.00538895,-0.000822131
0,-0,0.0779473,0.411405,-0.028667,-0.00362396,-0.00533407,-0.000797368
0,-0,0.0791937,0.411405,-0.028667,-0.00362396,-0.005367,-0.000817178
0,-0,0.0825494,0.4115,-0.028667,-0.00362396,-0.00535602,-0.000817178
0,-0,0.086672,0.4115,-0.028667,-0.00362396,-0.00535602,-0.000817178
0,-0,0.0881102,0.4115,-0.028667,-0.00362396,-0.00533407,-0.000812226
0,-0,0.0907947,0.4115,-0.028667,-0.00362396,-0.00535602,-0.000812226
0,-0,0.0910823,0.4115,-0.028667,-0.00362396,-0.00535602,-0.000817178
0,-0,0.0933834,0.4115,-0.028667,-0.00362396,-0.00535602,-0.000836989
0,-0,0.0958761,0.4115,-0.028667,-0.00362396,-0.00535602,-0.000817178
0,-0,0.095972,0.411596,-0.028667,-0.00362396,-0.00534505,-0.000812226
0,-0,0.0972184,0.427128,-0.0284752,-0.00362396,-0.00509261,-0.000703269
0,-0,0.0972184,0.427128,-0.0284752,-0.00362396,-0.00510359,-0.000708221
0,-0,0.0972184,0.427128,-0.0284752,-0.00362396,-0.00512554,-0.000708221
0,-0,0.0972184,0.427128,-0.0284752,-0.00362396,-0.00513651,-0.000713174
0,-0,0.0972184,0.427128,-0.0284752,-0.00362396,-0.00510359,-0.000698316
0,-0,0.0972184,0.427224,-0.0284752,-0.00362396,-0.00502676,-0.0006686
0,-0,0.0972184,0.427224,-0.0284752,-0.00362396,-0.00217314,0.000619074
0,-0,0.0972184,0.427224,-0.0284752,-0.00362396,-0.00212924,0.000643837
0,-0,0.0972184,0.42732,-0.0284752,-0.00362396,-0.00204143,0.0006686
0,-0,0.0976019,0.435469,-0.0284752,-0.00362396,-0.0019207,0.000728032
0,-0,0.0976019,0.435469,-0.0284752,-0.00362396,-0.00193168,0.000728032
0,-0,0.0976019,0.435469,-0.0284752,-0.00362396,-0.00194266,0.000728032
0,-0,0.0976019,0.435469,-0.0284752,-0.00362396,-0.0019207,0.000728032
0,-0,0.0976019,0.435565,-0.0284752,-0.00362396,-0.00194266,0.000728032
0,-0,0.0976019,0.435565,-0.0284752,-0.00362396,-0.00193168,0.000728032
0,-0,0.0976019,0.435565,-0.0284752,-0.00362396,-0.0019207,0.000728032
0,-0,0.0976019,0.435565,-0.0284752,-0.00362396,-0.0019207,0.000728032
0,-0,0.0976019,0.435565,-0.0284752,-0.00362396,-0.00193168,0.000723079
0,-0,0.0976019,0.435565,-0.0284752,-0.00362396,-0.00194266,0.000718126
0,-0,0.0976019,0.435565,-0.0284752,-0.00362396,-0.0019207,0.000732984
0,-0,0.0976019,0.435565,-0.0284752,-0.00362396,-0.00190973,0.000732984
0,-0,0.0976019,0.435565,-0.0284752,-0.00362396,-0.00190973,0.000728032
0,-0,0.0976019,0.435565,-0.0284752,-0.00362396,-0.00189875,0.000732984
0,-0,0.0976019,0.435565,-0.0284752,-0.00362396,-0.00190973,0.000723079
0,-0,0.0976019,0.435661,-0.0284752,-0.00362396,-0.0019207,0.000728032
0,-0,0.0976978,0.44707,-0.0283793,-0.00362396,-0.00193168,0.000728032
0,-0,0.0976978,0.44707,-0.0284752,-0.00362396,-0.00167924,0.000841941
0,-0,0.0976978,0.44707,-0.0284752,-0.00362396,-0.00173412,0.000827083
0,-0,0.0976978,0.44707,-0.0284752,-0.00362396,-0.00164632,0.000846894
0,-0,0.0976978,0.44707,-0.0284752,-0.00362396,-0.00162437,0.000856799
0,-0,0.0976978,0.44707,-0.0284752,-0.00362396,-0.00161339,0.000866704
0,-0,0.0976978,0.44707,-0.0284752,-0.00362396,-0.00150364,0.000792415
0,-0,0.0976978,0.44707,-0.0284752,-0.00362396,-0.00151461,0.000797368
0,-0,0.0976978,0.44707,-0.0284752,-0.00362396,-0.00155851,0.000777557
0,-0,0.0976978,0.44707,-0.0284752,-0.00362396,-0.00150364,0.000797368
0,-0,0.0976978,0.44707,-0.0284752,-0.00362396,-0.00151461,0.000797368
0,-0,0.0976978,0.44707,-0.0284752,-0.00362396,-0.00153656,0.000787463
0,-0,0.0976978,0.44707,-0.0284752,-0.00362396,-0.00152559,0.000792415
0,-0,0.0976978,0.44707,-0.0284752,-0.00362396,-0.00150364,0.00080232
0,-0,0.0976978,0.44707,-0.0284752,-0.00362396,-0.00151461,0.000792415
0,-0,0.0976978,0.44707,-0.0284752,-0.00362396,-0.00163534,0.000742889
0,-0,0.0976978,0.44707,-0.0284752,-0.00362396,-0.00155851,0.000772605
0,-0,0.0976978,0.44707,-0.0284752,-0.00362396,-0.00155851,0.000772605
0,-0,0.0976978,0.44707,-0.0284752,-0.00362396,-0.00153656,0.000787463
0,-0,0.0976978,0.44707,-0.0284752,-0.00362396,-0.00154754,0.00078251
0,-0,0.0976978,0.44707,-0.0284752,-0.00362396,-0.00156949,0.000767652
0,-0,0.0976978,0.44707,-0.0284752,-0.00362396,-0.00151461,0.000797368
0,-0,0.0976978,0.44707,-0.0284752,-0.00362396,-0.00150364,0.00080232
0,-0,0.0976978,0.44707,-0.0284752,-0.00362396,-0.00149266,0.00080232
0,-0,0.0976978,0.44707,-0.0284752,-0.00362396,-0.00147071,0.000817178
0,-0,0.0977937,0.44707,-0.0284752,-0.00362396,-0.00151461,0.000792415
0,-0,0.0977937,0.44707,-0.0284752,-0.00362396,-0.00154754,0.000777557
0,-0,0.0977937,0.44707,-0.0284752,-0.00362396,-0.00160242,0.000752794
0,-0,0.0978895,0.44707,-0.0284752,-0.00362396,-0.00151461,0.000792415
0,-0,0.0978895,0.44707,-0.0284752,-0.00362396,-0.00154754,0.000777557
0,-0,0.0986566,0.44707,-0.0284752,-0.00362396,-0.00148169,0.000812226
0,-0,0.0986566,0.44707,-0.0284752,-0.00362396,-0.00149266,0.00080232
0,-0,0.0993277,0.44707,-0.0284752,-0.00362396,-0.00147071,0.000812226
0,-0,0.0997112,0.447166,-0.0284752,-0.00362396,-0.00145974,0.000822131
0,-0,0.100766,0.450426,-0.0283793,-0.00362396,-0.00148169,0.000787463
0,-0,0.101149,0.452248,-0.0284752,-0.00362396,-0.00148169,0.0007627
0,-0,0.101149,0.452248,-0.0283793,-0.00362396,-0.00150364,0.000747842
0,-0,0.101149,0.452248,-0.0283793,-0.00362396,-0.00145974,0.000767652
0,-0,0.101149,0.452248,-0.0284752,-0.00362396,-0.00147071,0.0007627
0,-0,0.101149,0.452248,-0.0284752,-0.00362396,-0.00147071,0.0007627
0,-0,0.101149,0.452248,-0.0283793,-0.00362396,-0.00153656,0.000737937
0,-0,0.101149,0.452248,-0.0284752,-0.00362396,-0.00141583,0.000787463
0,-0,0.101149,0.452248,-0.0284752,-0.00362396,-0.00148169,0.000757747
0,-0,0.101149,0.452248,-0.0284752,-0.00362396,-0.00142681,0.00078251
0,-0,0.101149,0.452248,-0.0284752,-0.00362396,-0.00143778,0.00078251
0,-0,0.101149,0.452248,-0.0284752,-0.00362396,-0.00145974,0.0007627
0,-0,0.101149,0.452248,-0.0284752,-0.00362396,-0.00140486,0.000787463
0,-0,0.101149,0.452248,-0.0284752,-0.00362396,-0.00142681,0.00078251
0,-0,0.101149,0.452248,-0.0284752,-0.00362396,-0.00147071,0.0007627
0,-0,0.101149,0.452248,-0.0284752,-0.00362396,-0.00141583,0.000777557
0,-0,0.101149,0.452248,-0.0284752,-0.00362396,-0.00143778,0.000772605
0,-0,0.101149,0.452248,-0.0284752,-0.00362396,-0.00145974,0.000757747
0,-0,0.101149,0.452248,-0.0284752,-0.00362396,-0.00141583,0.000772605
0,-0,0.101149,0.452248,-0.0284752,-0.00362396,-0.00147071,0.000752794
0,-0,0.101149,0.452248,-0.0284752,-0.00362396,-0.00143778,0.0007627
0,-0,0.101149,0.452248,-0.0284752,-0.00362396,-0.00138291,0.000777557
0,-0,0.101149,0.452248,-0.0284752,-0.00362396,-0.00138291,0.000777557
0,-0,0.101149,0.452248,-0.0284752,-0.00362396,-0.00137193,0.00078251
0,-0,0.101149,0.452248,-0.0284752,-0.00362396,-0.00142681,0.000757747
0,-0,0.101149,0.452248,-0.0284752,-0.00362396,-0.00138291,0.000772605
0,-0,0.101149,0.452248,-0.0284752,-0.00362396,-0.00139388,0.0007627
0,-0,0.101149,0.452248,-0.0284752,-0.00362396,-0.00140486,0.000757747
0,-0,0.101149,0.452248,-0.0284752,-0.00362396,-0.00134998,0.00078251
0,-0,0.101149,0.452248,-0.0284752,-0.00362396,-0.00138291,0.0007627
0,-0,0.101149,0.452248,-0.0284752,-0.00362396,-0.00138291,0.000752794
0,-0,0.101149,0.452248,-0.0284752,-0.00362396,-0.00136096,0.0007627
0,-0,0.101149,0.452248,-0.0284752,-0.00362396,-0.00141583,0.000737937
0,-0,0.101149,0.452248,-0.0284752,-0.00362396,-0.00139388,0.000742889
0,-0,0.101149,0.452248,-0.0284752,-0.00362396,-0.00130608,0.00078251
0,-0,0.101149,0.452248,-0.0284752,-0.00362396,-0.00137193,0.000747842
0,-0,0.101149,0.452248,-0.0284752,-0.00362396,-0.00138291,0.000732984
0,-0,0.101149,0.452248,-0.0284752,-0.00362396,-0.00131705,0.000747842
0,-0,0.101149,0.452248,-0.0284752,-0.00362396,-0.00137193,0.000728032
0,-0,0.101149,0.452248,-0.0284752,-0.00362396,-0.00132803,0.000747842
0,-0,0.101149,0.452248,-0.0284752,-0.00362396,-0.00128413,0.0007627
0,-0,0.101149,0.452248,-0.0284752,-0.00362396,-0.00134998,0.000732984
0,-0,0.101149,0.452248,-0.0284752,-0.00362396,-0.00132803,0.000737937
0,-0,0.101149,0.452248,-0.0284752,-0.00362396,-0.00132803,0.000732984
0,-0,0.101149,0.452248,-0.0284752,-0.00362396,-0.00131705,0.000728032
0,-0,0.101149,0.452248,-0.0284752,-0.00362396,-0.00132803,0.000723079
0,-0,0.101149,0.452248,-0.0284752,-0.00362396,-0.0012951,0.000728032
0,-0,0.101149,0.452248,-0.0284752,-0.00362396,-0.00130608,0.000718126
0,-0,0.101149,0.452248,-0.0284752,-0.00362396,-0.00133901,0.000693363
0,-0,0.101149,0.452248,-0.0284752,-0.00362396,-0.00128413,0.000718126
0,-0,0.101149,0.452248,-0.0284752,-0.00362396,-0.0012951,0.000698316
0,-0,0.101149,0.452248,-0.0284752,-0.00362396,-0.00131705,0.000678506
0,-0,0.101149,0.452248,-0.0284752,-0.00362396,-0.00124023,0.000703269
0,-0,0.101149,0.452248,-0.0284752,-0.00362396,-0.00127315,0.000688411
0,-0,0.101149,0.452248,-0.0284752,-0.00362396,-0.00126218,0.000688411
0,-0,0.101149,0.452248,-0.0284752,-0.00362396,-0.00127315,0.000678506
0,-0,0.101149,0.452248,-0.0284752,-0.00362396,-0.000910963,0.000510117
0,-0,0.101149,0.452248,-0.0284752,-0.00362396,-0.000899987,0.00051507
0,-0,0.101149,0.452248,-0.0284752,-0.00362396,-0.000889012,0.000520022
0,-0,0.101149,0.452248,-0.0284752,-0.00362396,-0.00096584,0.000485354
0,-0,0.101149,0.452248,-0.0284752,-0.00362396,-0.000878036,0.000524975
0,-0,0.101149,0.452248,-0.0284752,-0.00362396,-0.000976815,0.000485354
0,-0,0.101149,0.452248,-0.0284752,-0.00362396,-0.000910963,0.00051507
0,-0,0.101149,0.452248,-0.0284752,-0.00362396,-0.000921938,0.000505165
0,-0,0.101149,0.452248,-0.0284752,-0.00362396,-0.000954864,0.00049526
0,-0,0.101149,0.452248,-0.0284752,-0.00362396,-0.000899987,0.00051507
0,-0,0.101149,0.452248,-0.0284752,-0.00362396,-0.000910963,0.000510117
0,-0,0.101149,0.452248,-0.0284752,-0.00362396,-0.000932913,0.000505165
0,-0,0.101149,0.452248,-0.0284752,-0.00362396,-0.00096584,0.000490307
0,-0,0.101149,0.452248,-0.0284752,-0.00362396,-0.000921938,0.000505165
0,-0,0.101149,0.452248,-0.0284752,-0.00362396,-0.000889012,0.000520022
0,-0,0.101149,0.452248,-0.0284752,-0.00362396,-0.000921938,0.000505165
0,-0,0.101149,0.452248,-0.0284752,-0.00362396,-0.000954864,0.000490307
0,-0,0.101149,0.452248,-0.0284752,-0.00362396,-0.000878036,0.000524975
0,-0,0.101149,0.452248,-0.0284752,-0.00362396,-0.00096584,0.000485354
0,-0,0.101149,0.452248,-0.0284752,-0.00362396,-0.000899987,0.000520022
0,-0,0.101149,0.452248,-0.0284752,-0.00362396,-0.000921938,0.000510117
0,-0,0.101149,0.452248,-0.0284752,-0.00362396,-0.000856085,0.00053488
0,-0,0.101149,0.452248,-0.0284752,-0.00362396,-0.000954864,0.00049526
0,-0,0.101149,0.452248,-0.0284752,-0.00362396,-0.000910963,0.000510117
0,-0,0.101149,0.452248,-0.0284752,-0.00362396,-0.000943889,0.000500212
0,-0,0.101149,0.452248,-0.0284752,-0.00362396,-0.000921938,0.000505165
0,-0,0.101149,0.452248,-0.0284752,-0.00362396,-0.000932913,0.000500212
0,-0,0.101149,0.452248,-0.0284752,-0.00362396,-0.000899987,0.00051507
0,-0,0.101149,0.452248,-0.0284752,-0.00362396,-0.000932913,0.000500212
0,-0,0.101149,0.452248,-0.0284752,-0.00362396,-0.000889012,0.000520022
0,-0,0.101149,0.452248,-0.0284752,-0.00362396,-0.000943889,0.000485354
0,-0,0.101149,0.452248,-0.0284752,-0.00362396,-0.000921938,0.00049526
0,-0,0.101149,0.452248,-0.0284752,-0.00362396,-0.000899987,0.000505165
0,-0,0.101149,0.452248,-0.0284752,-0.00362396,-0.000910963,0.000500212
0,-0,0.101149,0.452248,-0.0284752,-0.00362396,-0.000878036,0.000510117
0,-0,0.101149,0.452248,-0.0284752,-0.00362396,-0.000943889,0.000485354
0,-0,0.101149,0.452248,-0.0284752,-0.00362396,-0.000921938,0.00049526
0,-0,0.101149,0.452248,-0.0284752,-0.00362396,-0.000867061,0.000500212
0,-0,0.101149,0.452248,-0.0284752,-0.00362396,-0.000943889,0.000465544
0,-0,0.101149,0.452248,-0.0284752,-0.00362396,-0.000921938,0.000475449
0,-0,0.101149,0.452248,-0.0284752,-0.00362396,-0.000867061,0.000500212
0,-0,0.101149,0.452248,-0.0284752,-0.00362396,-0.000899987,0.000490307
0,-0,0.101149,0.452248,-0.0284752,-0.00362396,-0.000889012,0.000490307
0,-0,0.101149,0.452248,-0.0284752,-0.00362396,-0.000823159,0.000524975
0,-0,0.101149,0.452248,-0.0284752,-0.00362396,-0.000878036,0.00049526
0,-0,0.101149,0.452248,-0.0284752,-0.00362396,-0.000889012,0.00049526
0,-0,0.101149,0.452248,-0.0284752,-0.00362396,-0.000867061,0.000485354
0,-0,0.101149,0.452248,-0.0284752,-0.00362396,-0.000867061,0.000480402
0,-0,0.101149,0.452248,-0.0284752,-0.00362396,-0.000921938,0.000460591
0,-0,0.101149,0.452248,-0.0284752,-0.00362396,-0.000867061,0.000480402
0,-0,0.101149,0.452248,-0.0284752,-0.00362396,-0.000889012,0.000470497
0,-0,0.101149,0.452248,-0.0284752,-0.00362396,-0.000899987,0.000465544
0,-0,0.101149,0.452248,-0.0284752,-0.00362396,-0.000878036,0.000480402
0,-0,0.101149,0.452248,-0.0284752,-0.00362396,-0.000834134,0.000480402
0,-0,0.101149,0.452248,-0.0284752,-0.00362396,-0.000834134,0.000485354
0,-0,0.101149,0.452248,-0.0284752,-0.00362396,-0.000834134,0.000485354
0,-0,0.101149,0.452248,-0.0284752,-0.00362396,-0.000735355,0.000524975
0,-0,0.101149,0.452248,-0.0284752,-0.00362396,-0.000757306,0.000505165
0,-0,0.101149,0.452248,-0.0284752,-0.00362396,-0.000790233,0.000490307
0,-0,0.101149,0.452248,-0.0284752,-0.00362396,-0.000735355,0.00051507
0,-0,0.101149,0.452248,-0.0284752,-0.00362396,-0.000801208,0.000485354
0,-0,0.101149,0.452248,-0.0284752,-0.00362396,-0.000779257,0.000490307
0,-0,0.101149,0.452248,-0.0284752,-0.00362396,-0.000801208,0.000480402
0,-0,0.101149,0.452248,-0.0284752,-0.00362396,-0.000823159,0.000470497
0,-0,0.101149,0.452248,-0.0284752,-0.00362396,-0.000779257,0.000485354
0,-0,0.101149,0.452248,-0.0284752,-0.00362396,-0.000812183,0.000470497
0,-0,0.101149,0.452248,-0.0284752,-0.00362396,-0.000790233,0.000485354
0,-0,0.101149,0.452248,-0.0284752,-0.00362396,-0.000823159,0.000460591
0,-0,0.101149,0.452248,-0.0284752,-0.00362396,-0.000757306,0.000485354
0,-0,0.101149,0.452248,-0.0284752,-0.00362396,-0.000801208,0.000465544
0,-0,0.101149,0.452248,-0.0284752,-0.00362396,-0.000757306,0.000485354
0,-0,0.101149,0.452248,-0.0284752,-0.00362396,-0.000790233,0.000455639
0,-0,0.101149,0.452248,-0.0284752,-0.00362396,-0.000987791,0.000366492
0,-0,0.101149,0.452248,-0.0284752,-0.00362396,-0.000779257,0.000455639
0,-0,0.101149,0.452248,-0.0284752,-0.00362396,-0.000812183,0.000440781
0,-0,0.101245,0.452248,-0.0284752,-0.00362396,-0.000768282,0.000460591
0,-0,0.101245,0.452248,-0.0284752,-0.00362396,-0.000779257,0.000445734
0,-0,0.101245,0.452248,-0.0284752,-0.00362396,-0.000823159,0.000430876
0,-0,0.101245,0.452248,-0.0284752,-0.00362396,-0.000812183,0.000425923
0,-0,0.101245,0.452248,-0.0284752,-0.00362396,-0.000790233,0.000435828
0,-0,0.101245,0.452248,-0.0284752,-0.00362396,-0.000691454,0.000470497
0,-0,0.101245,0.452248,-0.0284752,-0.00362396,-0.00072438,0.000460591
0,-0,0.101245,0.452248,-0.0284752,-0.00362396,-0.000801208,0.000420971
0,-0,0.101245,0.452248,-0.0284752,-0.00362396,-0.000757306,0.000435828
0,-0,0.101245,0.452248,-0.0284752,-0.00362396,-0.000735355,0.000435828
0,-0,0.101341,0.452248,-0.0283793,-0.00362396,-0.000691454,0.000450686
0,-0,0.101341,0.452248,-0.0284752,-0.00362396,-0.00072438,0.000425923
0,-0,0.101341,0.452248,-0.0284752,-0.00362396,-0.000746331,0.000406113
0,-0,0.101341,0.452248,-0.0284752,-0.00362396,-0.000658527,0.000435828
0,-0,0.101341,0.452248,-0.0284752,-0.00362396,-0.000735355,0.00040116
0,-0,0.101341,0.452248,-0.0284752,-0.00362396,-0.000691454,0.000416018
0,-0,0.101341,0.452248,-0.0284752,-0.00362396,-0.000702429,0.000411065
0,-0,0.101341,0.452248,-0.0284752,-0.00362396,-0.000669503,0.000420971
0,-0,0.101341,0.452248,-0.0284752,-0.00362396,-0.000702429,0.000391255
0,-0,0.101341,0.452248,-0.0284752,-0.00362396,-0.000647552,0.000406113
0,-0,0.101341,0.452248,-0.0284752,-0.00362396,-0.000669503,0.00038135
0,0.0407331,0.101533,0.452248,-0.0283793,-0.00400543,-0.00060365,0.000406113
0,0.0977595,0.102204,0.452248,-0.0283793,-0.00362396,0.00239265,-0.00102519
0,0.0977595,0.102204,0.452248,-0.0283793,-0.00362396,0.00242557,-0.00101528
0,0.0977595,0.102204,0.452248,-0.0283793,-0.00362396,0.00246948,-0.000995472
0,0.0977595,0.102204,0.452248,-0.0283793,-0.00362396,0.0024585,-0.00100042
0,0.0977595,0.102204,0.452248,-0.0283793,-0.00362396,0.00243655,-0.00100042
0,0.0977595,0.102204,0.452248,-0.0283793,-0.00362396,0.00224997,-0.00108957
0,0.0977595,0.102204,0.452248,-0.0283793,-0.00362396,0.00249143,-0.000980614
0,0.0978554,0.102204,0.452248,-0.0283793,-0.00362396,0.00249143,-0.000985566
0,0.0978554,0.102204,0.452248,-0.0283793,-0.00362396,0.00239265,-0.00103014
0,0.0978554,0.102204,0.452248,-0.0283793,-0.00362396,0.00240362,-0.00102023
0,0.0979512,0.102204,0.452248,-0.0283793,-0.00362396,0.00257923,-0.00103509
0,0.105139,0.102204,0.452248,-0.0283793,-0.00362396,0.0025024,-0.00106481
0,0.105139,0.102204,0.452248,-0.0283793,-0.00362396,0.00249143,-0.00106481
0,0.105139,0.102204,0.452248,-0.0283793,-0.00362396,0.00252435,-0.00104995
0,0.106385,0.102204,0.452248,-0.0283793,-0.00362396,0.00253533,-0.00104004
0,0.196382,0.102396,0.452248,-0.0283793,-0.00362396,0.00254631,-0.00109452
0,0.196382,0.102396,0.452248,-0.0283793,-0.00324249,0.00260118,-0.00106976
0,0.196382,0.102396,0.452248,-0.0283793,-0.00362396,0.00259021,-0.00107471
0,0.196382,0.102396,0.452248,-0.0283793,-0.00362396,0.00259021,-0.00107471
0,0.196382,0.102396,0.452248,-0.0283793,-0.00362396,0.00259021,-0.00107967
0,0.196382,0.102396,0.452248,-0.0283793,-0.00362396,0.00261216,-0.00106976
0,0.196382,0.102396,0.452248,-0.0283793,-0.00362396,0.00263411,-0.0010549
0,0.196382,0.102396,0.452248,-0.0283793,-0.00362396,0.00256826,-0.00107967
0,0.196382,0.102396,0.452248,-0.0283793,-0.00362396,0.00260118,-0.00106976
0,0.196382,0.102396,0.452248,-0.0283793,-0.00362396,0.00256826,-0.00108462
0,0.196382,0.102396,0.452248,-0.0283793,-0.00362396,0.00262313,-0.00106481
0,0.196382,0.102396,0.452248,-0.0283793,-0.00362396,0.00259021,-0.00108462
0,0.196382,0.102396,0.452248,-0.0283793,-0.00362396,0.00259021,-0.00107967
0,0.196286,0.102396,0.452248,-0.0283793,-0.00362396,0.00257923,-0.00107967
0,0.196286,0.102396,0.452248,-0.0283793,-0.00362396,0.00263411,-0.00104995
0,0.196286,0.102396,0.452248,-0.0283793,-0.00362396,0.00259021,-0.00107471
0,0.196286,0.102396,0.452248,-0.0283793,-0.00362396,0.00260118,-0.00106481
0,0.196286,0.102396,0.452248,-0.0283793,-0.00362396,0.00259021,-0.00107967
0,0.196286,0.102396,0.452248,-0.0283793,-0.00362396,0.00261216,-0.00106481
0,0.196286,0.102396,0.452248,-0.0283793,-0.00362396,0.00260118,-0.00107967
0,0.196286,0.102396,0.452248,-0.0283793,-0.00362396,0.00261216,-0.00106976
0,0.196286,0.102396,0.452248,-0.0283793,-0.00362396,0.00261216,-0.00104995
0,0.196286,0.102396,0.452248,-0.0283793,-0.00362396,0.00262313,-0.00105986
0,0.196286,0.102396,0.452248,-0.0283793,-0.00362396,0.00260118,-0.00106976
0,0.196286,0.102396,0.452248,-0.0283793,-0.00362396,0.00265606,-0.001045
0,0.196286,0.102396,0.452248,-0.0283793,-0.00362396,0.00261216,-0.00105986
0,0.196286,0.102396,0.452248,-0.0283793,-0.00362396,0.00263411,-0.00104004
0,0.19619,0.102396,0.452248,-0.0283793,-0.00362396,0.00260118,-0.00106976
0,0.19619,0.102396,0.452248,-0.0283793,-0.00362396,0.00260118,-0.00105986
0,0.19619,0.102396,0.452248,-0.0283793,-0.00362396,0.00262313,-0.001045
0,0.19619,0.102396,0.452248,-0.0283793,-0.00362396,0.00256826,-0.00106481
0,0.19619,0.102396,0.452248,-0.0283793,-0.00362396,0.00260118,-0.00105986
0,0.19619,0.102396,0.452248,-0.0283793,-0.00362396,0.00260118,-0.0010549
0,0.196094,0.102396,0.452248,-0.0283793,-0.00362396,0.00262313,-0.00104995
0,0.191398,0.102396,0.452248,-0.0283793,-0.00362396,0.00264508,-0.00103509
0,0.187947,0.102396,0.452248,-0.0283793,-0.00362396,0.00261216,-0.00104995
0,0.187947,0.102396,0.452248,-0.0283793,-0.00362396,0.00254631,-0.00108462
0,0.187947,0.102396,0.452248,-0.0283793,-0.00362396,0.00256826,-0.00106481
0,0.187947,0.102396,0.452248,-0.0283793,-0.00362396,0.00255728,-0.00106481
0,0.187947,0.102396,0.452248,-0.0283793,-0.00362396,0.00240362,-0.0011391
0,0.187947,0.102396,0.452248,-0.0283793,-0.00362396,0.00256826,-0.00106976
0,0.187947,0.102396,0.452248,-0.0283793,-0.00362396,0.00253533,-0.00106976
0,0.187947,0.102396,0.452248,-0.0283793,-0.00362396,0.00261216,-0.00104004
0,0.187947,0.102396,0.452248,-0.0283793,-0.00362396,0.00256826,-0.0010549
0,0.188043,0.10671,0.452248,-0.0282835,-0.00362396,0.00264508,-0.00102519
0,0.188043,0.187725,0.464328,-0.0279,-0.00362396,0.00249143,-0.00104004
0,0.188043,0.199327,0.464328,-0.0280917,-0.00362396,0.00251338,-0.00103509
0,0.188043,0.199327,0.464328,-0.0280917,-0.00362396,0.00254631,-0.00102023
0,0.188043,0.199327,0.464328,-0.0280917,-0.00362396,0.00252435,-0.00104004
0,0.188043,0.199327,0.464328,-0.0280917,-0.00362396,0.00253533,-0.00102519
0,0.188043,0.199039,0.464328,-0.0280917,-0.00362396,0.00254631,-0.00102023
0,0.188043,0.198464,0.464328,-0.0280917,-0.00362396,0.00263411,-0.000980614
0,0.188043,0.197601,0.464328,-0.0280917,-0.00362396,0.00255728,-0.00100538
0,0.188043,0.197601,0.464328,-0.0280917,-0.00362396,0.00257923,-0.00100538
0,0.188043,0.197505,0.464328,-0.0280917,-0.00362396,0.00259021,-0.000995472
0,0.188043,0.33921,0.464328,-0.0290505,-0.00362396,0.00248045,-0.00102023
0,0.188139,0.305078,0.464328,-0.0269412,-0.00362396,0.00243655,-0.00104995
0,0.188139,0.303256,0.464328,-0.0269412,-0.00362396,0.0024585,-0.00102023
0,0.188139,0.303256,0.464328,-0.0269412,-0.00362396,0.00248045,-0.00101033
0,0.188139,0.303256,0.464328,-0.0269412,-0.00362396,0.00249143,-0.00100042
0,0.188139,0.30316,0.464328,-0.0269412,-0.00362396,0.0025024,-0.00100042
0,0.188139,0.30316,0.464328,-0.0269412,-0.00362396,0.00248045,-0.00101528
0,0.188139,0.302106,0.464328,-0.0269412,-0.00362396,0.00251338,-0.00100042
0,0.188139,0.301914,0.464328,-0.0269412,-0.00362396,0.00248045,-0.00101528
0,0.188139,0.301818,0.464328,-0.0269412,-0.00362396,0.00249143,-0.00101033
0,0.188139,0.301626,0.464328,-0.0269412,-0.00362396,0.00248045,-0.00101033
0,0.188139,0.301339,0.464328,-0.0269412,-0.00362396,0.00254631,-0.000980614
0,0.188235,0.299229,0.464328,-0.0269412,-0.00362396,0.0025024,-0.00101033
0,0.188235,0.299229,0.464328,-0.0269412,-0.00362396,0.00248045,-0.00102023
0,0.188235,0.299229,0.464328,-0.0269412,-0.00362396,0.00252435,-0.00100538
0,0.188331,0.299229,0.464328,-0.0269412,-0.00362396,0.00252435,-0.00100042
0,0.193315,0.299134,0.464328,-0.0269412,-0.00362396,0.00248045,-0.00101528
0,0.193315,0.299134,0.464328,-0.0269412,-0.00362396,0.00251338,-0.00100538
0,0.193315,0.299134,0.464328,-0.0269412,-0.00362396,0.00248045,-0.00101528
0,0.193315,0.886758,0.461644,-0.0335567,-0.00362396,0.0023707,-0.000931088
0,0.193506,0.779761,0.449851,-0.0310639,-0.00362396,0.00228289,-0.000901372
0,0.192931,-0.0287628,0.441606,-0.0272288,-0.0043869,0.00214021,-0.000960803
0,0.201461,-0.00977937,0.441701,-0.0256948,-0.00286102,-0.00036219,0.000287251
0,0.201365,-0.00968349,0.441606,-0.0264618,-0.00362396,-0.000384141,0.000287251
0,0.201365,-0.00958761,0.441606,-0.0264618,-0.00362396,-0.000395116,0.000287251
0,0.201365,-0.00958761,0.441606,-0.0264618,-0.00362396,-0.000417067,0.000282298
0,0.201365,-0.00939586,0.441606,-0.0264618,-0.00362396,-0.000592674,0.000193151
0,0.201365,-0.00920411,0.441606,-0.0264618,-0.00362396,-0.000428043,0.000277345
0,0.201365,-0.00891648,0.441606,-0.0264618,-0.00362396,-0.000406092,0.000277345
0,0.201365,-0.0084371,0.441606,-0.0264618,-0.00362396,-0.000449994,0.00026744
0,0.20127,-0.00824535,0.441606,-0.0264618,-0.00362396,-0.000406092,0.000282298
0,0.20127,-0.0080536,0.441606,-0.0264618,-0.00362396,-0.000417067,0.000277345
0,0.198299,-0.00767009,0.441606,-0.0264618,-0.00362396,-0.000592674,0.000203056
0,0.198299,-0.00757422,0.441606,-0.0264618,-0.00362396,-0.000449994,0.000262488
0,0.198299,-0.00728659,0.441606,-0.0264618,-0.00362396,-0.000471944,0.000252582
0,0.198299,-0.00709483,0.441606,-0.0264618,-0.00362396,-0.000614625,0.000188199
0,0.198203,-0.00680721,0.441606,-0.0264618,-0.00362396,-0.000406092,0.000287251
0,0.198203,-0.00661545,0.441606,-0.0264618,-0.00362396,-0.000395116,0.000292203
0,0.198203,-0.00651958,0.441606,-0.0264618,-0.00362396,-0.000417067,0.000277345
0,0.198107,-0.00632783,0.441606,-0.0264618,-0.00362396,-0.000449994,0.00026744
0,0.188906,-0.00613607,0.441606,-0.0264618,-0.00362396,-0.000395116,0.000287251
0,0.188906,-0.0060402,0.441606,-0.0264618,-0.00362396,-0.000428043,0.000272393
0,0.188906,-0.00594432,0.441606,-0.0264618,-0.00362396,-0.000592674,0.000203056
0,0.188906,-0.00594432,0.441606,-0.0264618,-0.00362396,-0.000449994,0.00026744
0,0.188906,-0.00594432,0.441606,-0.0264618,-0.00362396,-0.000373165,0.000297156
0,0.186606,0.0125598,0.0199422,-0.0213804,-0.00286102,-0.00060365,-0.00265954
0,0.184881,0.00431443,0.00536906,-0.028667,-0.00362396,-0.000406092,4.45734e-05
0,0.184881,0.00421855,0.00536906,-0.028667,-0.00362396,-0.000340239,1.98104e-05
0,0.184881,0.00421855,0.00536906,-0.028667,-0.00362396,-0.00036219,1.48578e-05
0,0.184881,0.00421855,0.00536906,-0.028667,-0.00362396,-0.000329264,2.97156e-05
0,0.184881,0.00421855,0.00536906,-0.028667,-0.00362396,-0.000373165,2.4763e-05
0,0.184881,0.00421855,0.00536906,-0.028667,-0.00362396,-3.29264e-05,0.000163436
0,0.184881,0.00421855,0.00536906,-0.028667,-0.00362396,-0.000142681,0.000123815
0,0.184881,0.00412267,0.00536906,-0.028667,-0.00362396,-7.68282e-05,0.000148578
0,0.184976,0.00412267,0.00536906,-0.028667,-0.00362396,-0.000109755,0.000138673
0,0.184976,0.0040268,0.00536906,-0.028667,-0.00362396,-7.68282e-05,0.000143625
0,0.184976,0.00345154,0.102012,-0.0259824,-0.00362396,-4.39018e-05,0.000178293
0,0.184976,0.00354742,0.10182,-0.0281876,-0.00362396,-9.87791e-05,0.00015353
0,0.185072,0.00354742,0.10182,-0.0281876,-0.00362396,-0.00012073,0.000138673
0,0.185072,0.00354742,0.10182,-0.0281876,-0.00362396,-0.000153656,0.000128767
0,0.185072,0.00354742,0.10182,-0.0281876,-0.00362396,-0.000186583,0.000138673
0,0.185168,0.00345154,0.10182,-0.0281876,-0.00362396,-0.000109755,0.000148578
0,0.192356,0.00345154,0.10182,-0.0281876,-0.00362396,-5.48773e-05,0.000163436
0,0.192356,0.00345154,0.10182,-0.0281876,-0.00362396,-4.39018e-05,0.000168388
0,0.192356,0.00345154,0.10182,-0.0281876,-0.00362396,-0.000109755,0.00015353
0,0.192356,0.00335566,0.10182,-0.0281876,-0.00362396,-7.68282e-05,0.000163436
0,0.192356,0.00335566,0.10182,-0.0281876,-0.00362396,-0.000142681,0.00015353
0,0.192356,0.00325979,0.10182,-0.0281876,-0.00362396,-6.58527e-05,0.000163436
0,0.192356,0.00325979,0.10182,-0.0281876,-0.00362396,-0.00012073,0.00013372
0,0.192356,0.00316391,0.10182,-0.0281876,-0.00362396,-0.000109755,0.00013372
0,0.192356,0.00316391,0.10182,-0.0281876,-0.00362396,-6.58527e-05,0.000158483
0,0.192356,0.00297216,0.10182,-0.0281876,-0.00362396,-0.00012073,0.000148578
0,0.192356,0.00297216,0.10182,-0.0281876,-0.00362396,-8.78036e-05,0.000158483
0,0.192356,0.00287628,0.10182,-0.0281876,-0.00362396,-0.000153656,0.00013372
0,0.192356,0.00268453,0.10182,-0.0281876,-0.00362396,-8.78036e-05,0.000148578
0,0.192356,0.00258866,0.10182,-0.0281876,-0.00362396,-0.000175607,0.000168388
0,0.192356,0.0023969,0.10182,-0.0281876,-0.00362396,-0.000131705,0.000128767
0,0.192356,0.00230103,0.10182,-0.0281876,-0.00362396,-0.000153656,0.00013372
0,0.192356,0.00220515,0.10182,-0.0281876,-0.00362396,-0.000164632,0.00013372
0,0.192356,0.00210928,0.10182,-0.0281876,-0.00362396,-0.000131705,0.000138673
0,0.192356,0.00210928,0.10182,-0.0281876,-0.00362396,-9.87791e-05,0.00015353
0,0.192356,0.0020134,0.10182,-0.0281876,-0.00362396,-0.000131705,0.000143625
0,0.192356,0.00191752,0.10182,-0.0281876,-0.00362396,-0.000131705,0.000143625
0,0.192356,0.00172577,0.10182,-0.0281876,-0.00362396,-0.00012073,0.000143625
0,0.192356,0.00172577,0.10182,-0.0281876,-0.00362396,-4.39018e-05,0.000183246
0,0.192356,0.00162989,0.10182,-0.0281876,-0.00362396,-0.000142681,0.000143625
0,0.192356,0.00153402,0.10182,-0.0281876,-0.00362396,-0.000131705,0.00013372
0,0.192356,0.00143814,0.10182,-0.0281876,-0.00362396,-8.78036e-05,0.000158483
0,0.192356,0.00134227,0.10182,-0.0281876,-0.00362396,-0.000274386,6.43837e-05
0,0.192356,0.00134227,0.10182,-0.0281876,-0.00362396,-0.000307313,7.42889e-05
0,0.192356,0.00115051,0.10182,-0.0281876,-0.00362396,-0.000153656,0.00013372
0,0.192356,0.00105464,0.10182,-0.0281876,-0.00362396,-8.78036e-05,0.000158483
0,0.192356,0.000575257,0.10182,-0.0281876,-0.00362396,-8.78036e-05,0.000148578
0,0.192356,0.000575257,0.10182,-0.0281876,-0.00362396,-8.78036e-05,0.000163436
0,0.192356,0.000479381,0.10182,-0.0281876,-0.00362396,-0.00012073,0.000138673
0,0.0175392,-0.00115051,0.10182,-0.041035,-0.00133514,-0.000153656,0.00013372
0,0.0175392,-0.00162989,0.10182,-0.041035,-0.00362396,-0.00012073,0.000148578
0,0.0175392,-0.00162989,0.10182,-0.041035,-0.00362396,-8.78036e-05,0.000158483
0,0.0175392,-0.00162989,0.10182,-0.041035,-0.00362396,-0.000153656,0.000128767
0,0.0114053,-0.00162989,0.10182,-0.041035,-0.00362396,-0.000175607,0.000123815
0,0.0113094,-0.00162989,0.10182,-0.041035,-0.00362396,-9.87791e-05,0.000148578
0,0.0113094,-0.00162989,0.10182,-0.041035,-0.00362396,-7.68282e-05,0.000163436
0,0.0113094,-0.00162989,0.10182,-0.041035,-0.00362396,-0.000131705,0.000128767
0,0.0112136,-0.00153402,0.10182,-0.041035,-0.00362396,-8.78036e-05,0.000158483
0,0.000862584,-0.00143814,0.10182,-0.041035,-0.00362396,-3.29264e-05,0.000168388
0,0.000862584,-0.00143814,0.10182,-0.041035,-0.00362396,-8.78036e-05,0.00015353
0,0.000862584,0.0790019,0.102012,-0.0365288,-0.00324249,-5.48773e-05,0.000168388
0,0.000862584,0.187917,0.101916,-0.044103,-0.00286102,-0.00012073,0.000138673
0,0.000766741,0.188205,0.101916,-0.0452535,-0.00362396,-0.00012073,0.000138673
0,0.000766741,0.188205,0.101916,-0.0452535,-0.00362396,-7.68282e-05,0.00015353
0,0.000766741,0.188301,0.101916,-0.0452535,-0.00362396,-6.58527e-05,0.000163436
0,0.000766741,0.188301,0.101916,-0.0452535,-0.00362396,-7.68282e-05,0.000158483
0,0.000766741,0.188301,0.101916,-0.0452535,-0.00362396,-0.00012073,0.00015353
0,0.000766741,0.188397,0.101916,-0.0452535,-0.00362396,-6.58527e-05,0.000163436
0,0.000766741,0.188493,0.101916,-0.0452535,-0.00362396,-9.87791e-05,0.000158483
0,0.000766741,0.188588,0.101916,-0.0452535,-0.00362396,-0.000296337,6.43837e-05
0,0.000766741,0.188876,0.101916,-0.0452535,-0.00362396,-0.00012073,0.000138673
0,0.000766741,0.189068,0.101916,-0.0452535,-0.00362396,-9.87791e-05,0.000158483
0,0.000766741,0.195971,0.292806,-0.0300092,-0.00324249,0.00012073,0.000208009
0,0.000766741,0.193478,0.309296,-0.0453494,-0.00362396,0.000889012,-0.00135206
0,0.000766741,0.193478,0.309296,-0.0454453,-0.00362396,0.000899987,-0.00135206
0,0.000766741,0.193478,0.309296,-0.0454453,-0.00362396,0.000921938,-0.00134711
0,0.000766741,0.193478,0.309296,-0.0454453,-0.00362396,0.000899987,-0.00134711
0,0.000766741,0.193478,0.309296,-0.0454453,-0.00362396,0.000889012,-0.00135701
0,0.000670899,0.193478,0.309296,-0.0454453,-0.00362396,0.000921938,-0.0013372
0,0.000670899,0.193478,0.309296,-0.0454453,-0.00362396,0.000932913,-0.00134711
0,0.000670899,0.193478,0.309296,-0.0454453,-0.00362396,0.000932913,-0.0013372
0,-0.00124595,0.193478,0.309296,-0.0454453,-0.00362396,0.000921938,-0.00134215
0,-0.00124595,0.352153,0.309584,-0.0371041,-0.00362396,0.00310605,-0.000361539
0,-0.00124595,0.831246,0.298846,-0.0516772,-0.00362396,0.00334751,-0.000217914
0,-0.00124595,0.822905,0.299229,-0.043336,-0.00362396,0.00344629,-0.000257535
0,-0.00124595,0.82185,0.299229,-0.0434319,-0.00362396,0.00336946,-0.000287251
0,-0.00124595,0.821467,0.299229,-0.0434319,-0.00362396,0.00336946,-0.000277345
0,-0.00124595,0.817919,0.299229,-0.0434319,-0.00362396,0.00336946,-0.000287251
0,-0.00124595,0.816481,0.299229,-0.0434319,-0.00362396,0.00335849,-0.000312014
0,-0.00124595,0.813988,0.299229,-0.0434319,-0.00362396,0.00342434,-0.000277345
0,-0.00124595,0.812742,0.299229,-0.0434319,-0.00362396,0.00335849,-0.000312014
0,-0.00124595,0.812646,0.299229,-0.0434319,-0.00362396,0.00344629,-0.000326871
0,-0.00124595,0.810345,0.299229,-0.0434319,-0.00362396,0.00339141,-0.000282298
0,-0.00124595,0.80814,0.299229,-0.0434319,-0.00362396,0.00340239,-0.000297156
0,-0.00124595,0.809291,0.465383,-0.0411309,-0.00400543,-0.0011634,0.000510117
0,-0.00124595,0.802387,0.814372,-0.0435278,-0.00362396,0.00160242,0.00166902
0,-0.00124595,0.806606,0.814372,-0.0436236,-0.00362396,0.00167924,0.00171855
0,-0.00124595,0.806606,0.814372,-0.0436236,-0.00362396,0.00167924,0.00171855
0,-0.00124595,0.80651,0.814372,-0.0436236,-0.00362396,0.00166827,0.0017136
0,-0.00124595,0.806414,0.814372,-0.0436236,-0.00362396,0.00164632,0.00170369
0,-0.00124595,0.806414,0.814372,-0.0436236,-0.00362396,0.00165729,0.00170369
0,-0.00124595,0.804976,0.814372,-0.0436236,-0.00362396,0.00165729,0.00170865
0,-0.00124595,0.804976,0.814372,-0.0436236,-0.00362396,0.00169022,0.0017235
0,-0.00124595,0.804976,0.814372,-0.0436236,-0.00362396,0.00169022,0.0017235
0,-0.00124595,0.804976,0.814372,-0.0436236,-0.00362396,0.00166827,0.00170865
0,-0.00124595,0.80488,0.814372,-0.0436236,-0.00362396,0.00162437,0.00168883
0,-0.00124595,0.80488,0.814372,-0.0436236,-0.00362396,0.00161339,0.00168388
0,-0.00124595,0.803538,0.811304,-0.0287628,-0.00362396,-0.00217314,-2.4763e-05
0,-0.00124595,0.803538,0.811304,-0.0287628,-0.00362396,-0.00218412,-2.97156e-05
0,-0.00124595,0.803538,0.811304,-0.0287628,-0.00362396,-0.00217314,-1.98104e-05
0,-0.00124595,0.803538,0.811304,-0.0287628,-0.00362396,-0.00218412,-2.97156e-05
0,-0.00124595,0.803538,0.811304,-0.0287628,-0.00362396,-0.00214021,-9.90519e-06
0,-0.00124595,0.803538,0.811304,-0.0287628,-0.00362396,-0.00215119,-9.90519e-06
0,-0.00124595,0.803538,0.811304,-0.0287628,-0.00362396,-0.00215119,-9.90519e-06
0,-0.00124595,0.803538,0.811304,-0.0287628,-0.00362396,-0.00217314,-2.4763e-05
0,-0.00124595,0.803538,0.811304,-0.0287628,-0.00362396,-0.00217314,-1.98104e-05
0,-0.00124595,0.803538,0.811304,-0.0287628,-0.00362396,-0.00217314,-1.98104e-05
0,-0.00124595,0.803538,0.811304,-0.0287628,-0.00362396,-0.00214021,-9.90519e-06
0,-0.00124595,0.803538,0.811304,-0.0287628,-0.00362396,-0.00204143,3.46682e-05
0,-0.00124595,0.803538,0.811304,-0.0287628,-0.00362396,-0.00204143,3.96208e-05
0,-0.00124595,0.803538,0.811304,-0.0287628,-0.00362396,-0.00204143,3.46682e-05
0,-0.00124595,0.803538,0.811304,-0.0287628,-0.00362396,-0.00204143,3.46682e-05
0,-0.00124595,0.813988,0.782637,-0.302106,-0.00362396,-0.00158047,0.000604217
0,-0.00124595,0.802579,0.789732,-0.300668,-0.00362396,-0.00153656,0.000594311
0,-0.00124595,0.80325,0.789732,-0.300668,-0.00362396,-0.00154754,0.000604217
0,-0.00124595,0.80325,0.789732,-0.300763,-0.00362396,-0.00154754,0.000599264
0,-0.00124595,0.80325,0.789732,-0.300763,-0.00362396,-0.00153656,0.000604217
0,-0.00124595,0.80325,0.789732,-0.300763,-0.00362396,-0.00154754,0.000604217
0,-0.00124595,0.80325,0.789732,-0.300763,-0.00362396,-0.00154754,0.000604217
0,-0.00124595,0.80325,0.789732,-0.300763,-0.00362396,-0.00155851,0.000599264
0,-0.00124595,0.80325,0.789732,-0.300763,-0.00362396,-0.00145974,0.000559643
0,-0.00124595,0.80325,0.789732,-0.300763,-0.00362396,-0.00145974,0.000559643
0,-0.00124595,0.80325,0.789732,-0.300763,-0.00362396,-0.00144876,0.000564596
0,-0.00124595,0.80325,0.789732,-0.300763,-0.00362396,-0.00147071,0.000554691
0,-0.00124595,0.80325,0.789732,-0.300763,-0.00362396,-0.00147071,0.000559643
0,-0.00124595,0.80325,0.789732,-0.300763,-0.00362396,-0.00147071,0.000554691
0,-0.00115011,0.80325,0.789732,-0.300763,-0.00362396,-0.00147071,0.000554691
0,-0.00115011,0.80325,0.789732,-0.300763,-0.00362396,-0.00148169,0.000549738
0,-0.00115011,0.80325,0.789732,-0.300763,-0.00362396,-0.00144876,0.000564596
0,-0.00115011,0.80325,0.789732,-0.300763,-0.00362396,-0.00144876,0.000564596
0,-0.00115011,0.80325,0.789732,-0.300763,-0.00362396,-0.00145974,0.000559643
0,-0.00115011,0.80325,0.789732,-0.300763,-0.00362396,-0.00145974,0.000564596
0,-0.00115011,0.80325,0.789732,-0.300763,-0.00362396,-0.00145974,0.000564596
0,-0.00115011,0.80325,0.789732,-0.300763,-0.00362396,-0.00144876,0.000564596
0,-0.00115011,0.80325,0.789828,-0.300763,-0.00362396,-0.00144876,0.000564596
0,-0.00115011,0.80325,0.789828,-0.300763,-0.00362396,-0.00147071,0.000554691
0,-0.00115011,0.80325,0.789828,-0.300763,-0.00362396,-0.00143778,0.000569548
0,-0.00115011,0.804401,0.789828,-0.300763,-0.00362396,-0.00145974,0.000564596
0,-0.00115011,0.804401,0.789828,-0.300763,-0.00362396,-0.00143778,0.000574501
0,-0.00115011,0.804401,0.789828,-0.300763,-0.00362396,-0.00145974,0.000559643
0,-0.00115011,0.804401,0.789828,-0.300763,-0.00362396,-0.00147071,0.000554691
0,-0.00115011,0.804401,0.789828,-0.300763,-0.00362396,-0.00145974,0.000559643
0,-0.00115011,0.804401,0.789828,-0.300763,-0.00362396,-0.00148169,0.000554691
0,-0.00115011,0.804401,0.789828,-0.300763,-0.00362396,-0.00145974,0.000559643
0,-0.00115011,0.804401,0.789828,-0.300763,-0.00362396,-0.00147071,0.000554691
0,-0.00115011,0.804401,0.789828,-0.300763,-0.00362396,-0.00144876,0.000564596
0,-0.00115011,0.804401,0.789924,-0.300763,-0.00362396,-0.00147071,0.000554691
0,-0.00115011,0.804401,0.789924,-0.300763,-0.00362396,-0.00147071,0.000559643
0,-0.00115011,0.804401,0.789924,-0.300763,-0.0162125,-0.00145974,0.000569548
0,-0.00115011,0.804401,0.790019,-0.300763,-0.0463495,-0.00147071,0.000564596
0,-0.00115011,0.804305,0.796251,-0.301051,-0.0463495,-0.00144876,0.000559643
0,-0.00115011,0.804305,0.796251,-0.301051,-0.0463495,-0.00144876,0.000559643
0,-0.00115011,0.804305,0.796251,-0.301051,-0.0463495,-0.00145974,0.000554691
0,-0.00115011,0.804209,0.796251,-0.301051,-0.0463495,-0.00144876,0.000564596
0,-0.00115011,0.804209,0.796251,-0.301051,-0.0463495,-0.00145974,0.000559643
0,-0.00115011,0.804209,0.796251,-0.301051,-0.0463495,-0.00144876,0.000559643
0,-0.00115011,0.804209,0.796251,-0.301051,-0.0463495,-0.00145974,0.000559643
0,-0.00115011,0.804209,0.796251,-0.301051,-0.0463495,-0.00143778,0.000554691
0,-0.00115011,0.804209,0.796251,-0.301051,-0.0463495,-0.00144876,0.000549738
0,-0.00115011,0.804113,0.796251,-0.301051,-0.0463495,-0.00143778,0.000559643
0,-0.00115011,0.804113,0.796251,-0.301051,-0.0463495,-0.00143778,0.000559643
0,-0.00115011,0.804113,0.796251,-0.301051,-0.0463495,-0.00144876,0.000554691
0,-0.00115011,0.804113,0.796251,-0.301051,-0.0463495,-0.00144876,0.000549738
0,-0.00115011,0.804113,0.796251,-0.301051,-0.0463495,-0.00143778,0.000554691
0,-0.00115011,0.804113,0.796251,-0.301051,-0.0463495,-0.00143778,0.000554691
0,-0.00115011,0.804113,0.796251,-0.301051,-0.0463495,-0.00145974,0.000549738
0,-0.00115011,0.804017,0.796251,-0.301051,-0.0463495,-0.00141583,0.000554691
0,-0.00115011,0.804017,0.796251,-0.301051,-0.0463495,-0.00134998,0.000574501
0,-0.00115011,0.804017,0.796251,-0.301051,-0.0463495,-0.00138291,0.000564596
0,-0.00115011,0.804017,0.796251,-0.301051,-0.0463495,-0.00137193,0.000549738
0,-0.00115011,0.804017,0.796251,-0.301051,-0.0463495,-0.0012073,0.00062898
0,-0.00115011,0.804017,0.796251,-0.301051,-0.0463495,-0.00134998,0.000554691
0,-0.00115011,0.804017,0.796251,-0.301051,-0.0463495,-0.00133901,0.000544785
0,-0.00115011,0.804017,0.796251,-0.301051,-0.0463495,-0.00133901,0.00053488
0,-0.00115011,0.803921,0.796251,-0.301051,-0.0463495,-0.00132803,0.000524975
0,-0.00115011,0.803921,0.796251,-0.301051,-0.0463495,-0.00132803,0.000520022
0,-0.00105427,0.803921,0.796251,-0.301051,-0.0463495,-0.00131705,0.000510117
0,-0.00105427,0.803921,0.796251,-0.301051,-0.0463495,-0.00128413,0.000500212
0,-0.00105427,0.803921,0.796251,-0.301051,-0.0463495,-0.0012512,0.000500212
0,-0.00105427,0.803826,0.796251,-0.301051,-0.0463495,-0.00126218,0.00049526
0,-0.00105427,0.803442,0.796251,-0.301051,-0.0463495,-0.0012512,0.00049526
0,-0.00105427,0.803442,0.796251,-0.301051,-0.0276575,-0.00124023,0.000485354
0,-0.00105427,0.803442,0.796251,-0.301051,-0.00743866,-0.00124023,0.000475449
0,-0.00105427,0.803442,0.796251,-0.301051,-0.00743866,-0.00122925,0.000475449
0,-0.00105427,0.803442,0.796251,-0.301051,-0.00743866,-0.00122925,0.000455639
0,-0.00105427,0.803442,0.796251,-0.301051,-0.00743866,-0.00121828,0.000465544
0,-0.00105427,0.803442,0.796251,-0.301051,-0.00743866,-0.00121828,0.000455639
0,-0.00105427,0.803442,0.796251,-0.301051,-0.00743866,-0.0012073,0.000460591
0,-0.00105427,0.803442,0.796251,-0.301051,-0.00743866,-0.00096584,0.000564596
0,-0.00105427,0.803442,0.796251,-0.301051,-0.00743866,-0.00115242,0.000485354
0,-0.00105427,0.803442,0.796251,-0.301051,-0.00743866,-0.0011195,0.000485354
0,-0.00105427,0.803442,0.796251,-0.301051,-0.00743866,-0.00113047,0.000485354
0,-0.00105427,0.803442,0.796251,-0.301051,-0.00743866,-0.000943889,0.000554691
0,-0.00105427,0.803442,0.796251,-0.301051,-0.00743866,-0.000889012,0.000569548
0,-0.00105427,0.803442,0.796251,-0.301051,-0.00743866,-0.0011195,0.000465544
0,-0.00105427,0.800086,0.809386,-0.298654,-0.00400543,-0.985266,-0.00270412
0,-0.00105427,0.800182,0.809386,-0.298654,-0.00400543,-0.984751,-0.00282298
0,-0.00105427,0.800182,0.809386,-0.298654,-0.00400543,-0.984751,-0.00280812
0,-0.00105427,0.800278,0.809386,-0.298654,-0.00400543,-0.984794,-0.00280812
0,-0.00105427,0.800278,0.809386,-0.298654,-0.00400543,-0.984838,-0.00278831
0,-0.00105427,0.800278,0.809386,-0.298654,-0.00400543,-0.985058,-0.00267935
0,-0.00105427,0.800374,0.809386,-0.298654,-0.00400543,-0.985036,-0.00264964
0,-0.00105427,0.805647,0.809291,-0.308434,-0.00400543,-0.00207436,-0.000138673
0,-0.000958427,0.804113,0.809291,-0.306133,-0.00400543,-0.00198656,-9.90519e-05
0,-0.000958427,0.804113,0.809291,-0.306133,-0.00400543,-0.00197558,-9.40993e-05
0,-0.000958427,0.804113,0.809291,-0.306133,-0.00400543,-0.00197558,-8.91467e-05
0,-0.000958427,0.804113,0.809291,-0.306133,-0.00400543,-0.00199753,-0.000104005
0,-0.000958427,0.804113,0.809291,-0.306133,-0.00400543,-0.00200851,-0.000108957
0,-0.000958427,0.804113,0.809291,-0.306133,-0.00400543,-0.00198656,-9.40993e-05
0,-0.000958427,0.804113,0.809291,-0.306133,-0.00400543,-0.00198656,-9.90519e-05
0,-0.000958427,0.804113,0.809291,-0.306133,-0.00400543,-0.00179997,-1.48578e-05
0,-0.000958427,0.804017,0.809291,-0.305557,-0.00171661,0.028152,0.83895
0,-0.000958427,0.804017,0.809291,-0.30527,-0.00133514,0.00421457,0.991376
0,-0.000958427,0.804017,0.809291,-0.30527,-0.00133514,0.00421457,0.991381
0,-0.000958427,0.804017,0.809291,-0.30527,-0.00133514,0.0042036,0.991381
0,-0.000958427,0.804017,0.809291,-0.30527,-0.00133514,0.00419262,0.991391
0,-0.000958427,0.803921,0.809291,-0.305366,-0.00171661,-0.0140376,0.355235
0,-0.000958427,0.803826,0.809291,-0.305653,-0.00324249,-0.000252435,0.00333805
0,-0.000958427,0.80373,0.809291,-0.305653,-0.00324249,-0.000230484,0.003343
0,-0.000958427,0.80373,0.809291,-0.305653,-0.00324249,-0.000285362,0.00331824
0,-0.000958427,0.80373,0.809291,-0.305653,-0.00324249,-0.000296337,0.00331329
0,-0.000958427,0.80373,0.809291,-0.305653,-0.00324249,-0.000307313,0.00331329
0,0.0020127,0.204887,0.39827,-0.343237,-0.0043869,-0.0117657,0.00118367
0,0.00632562,-0.011601,0.435374,-0.304982,-0.00324249,-0.000801208,-0.000589359
0,0.00622977,-0.0114093,0.435374,-0.305078,-0.00324249,-0.000735355,-0.000614122
0,0.00622977,-0.0113134,0.435374,-0.305078,-0.00324249,-0.000768282,-0.000584406
0,0.00622977,-0.0112175,0.435374,-0.305078,-0.00324249,-0.000812183,-0.000574501
0,0.00622977,-0.0110258,0.435374,-0.305078,-0.00324249,-0.00084511,-0.000609169
0,0.00622977,-0.010834,0.435374,-0.305078,-0.00324249,-0.000801208,-0.000624027
0,0.00622977,-0.0106423,0.435374,-0.305078,-0.00324249,-0.000790233,-0.000604217
0,0.00622977,-0.0104505,0.435374,-0.305078,-0.00324249,-0.000834134,-0.000594311
0,0.00622977,-0.010067,0.395585,-0.274014,-0.00286102,0.00131705,-5.44786e-05
0,0.00517551,-0.00853298,0.0228185,-0.0334608,-0.00362396,0.00276581,-0.000510117
0,0.00507966,-0.00853298,0.0227226,-0.033269,-0.00362396,0.000932913,-0.00134215
0,0.00507966,-0.00853298,0.0227226,-0.033269,-0.00362396,0.000910963,-0.00135206
0,0.00507966,-0.00834122,0.0227226,-0.0331731,-0.00362396,0.000910963,-0.00135701
0,0.00507966,-0.00824535,0.0227226,-0.0301051,-0.00362396,0.000943889,-0.00134215
0,0.00507966,-0.00814947,0.0227226,-0.0301051,-0.00362396,0.000954864,-0.0013273
0,0.00507966,-0.00795772,0.0227226,-0.0301051,-0.00362396,0.000921938,-0.00134215
0,0.00507966,-0.00776597,0.0227226,-0.0301051,-0.00362396,0.000954864,-0.00133225
0,0.00507966,-0.00767009,0.0227226,-0.0301051,-0.00362396,0.00189875,-0.000911278
0,0.00498382,-0.00747834,0.0227226,-0.0301051,-0.00362396,0.00186583,-0.000921183
0,0.00498382,-0.00728659,0.0227226,-0.0301051,-0.00362396,0.00184388,-0.000926135
0,0.00498382,-0.00719071,0.0227226,-0.0301051,-0.00362396,0.00207436,-0.000851846
0,-0.00335449,-0.00671133,0.0227226,-0.0301051,-0.00362396,0.00199753,-0.000856799
0,-0.00335449,-0.00671133,0.0227226,-0.0301051,-0.00362396,0.00198656,-0.000856799
0,-0.00335449,-0.00661545,0.0227226,-0.0301051,-0.00362396,0.00185485,-0.00091623
0,-0.00335449,-0.00651958,0.0227226,-0.0301051,-0.00362396,0.00190973,-0.000906325
0,-0.00335449,-0.0064237,0.0227226,-0.0301051,-0.00362396,0.00200851,-0.000836989
0,-0.00335449,-0.00632783,0.0227226,-0.0301051,-0.00362396,0.00200851,-0.000841941
0,-0.00335449,-0.00632783,0.0227226,-0.0301051,-0.00362396,0.00200851,-0.000841941
0,-0.00335449,-0.00632783,0.0227226,-0.0301051,-0.00362396,0.00205241,-0.000832036
0,-0.00325865,-0.00632783,0.0227226,-0.0301051,-0.00362396,0.00209631,-0.00080232
0,-0.00325865,-0.00632783,0.0227226,-0.0301051,-0.00362396,0.00198656,-0.000841941
0,-0.00325865,-0.00632783,0.0227226,-0.0301051,-0.00362396,0.00194266,-0.000876609
0,-0.00325865,-0.00632783,0.0227226,-0.0301051,-0.00362396,0.00204143,-0.000832036
0,-0.00325865,-0.00632783,0.0227226,-0.0301051,-0.00362396,0.00196461,-0.000851846
0,-0.00325865,-0.00632783,0.0227226,-0.0301051,-0.00362396,0.00205241,-0.000817178
0,-0.00325865,-0.00632783,0.0227226,-0.0301051,-0.00362396,0.00204143,-0.000822131
0,-0.00325865,-0.00632783,0.0227226,-0.0301051,-0.00362396,0.00203046,-0.000827083
0,-0.00325865,-0.00623195,0.0227226,-0.0301051,-0.00362396,0.0018768,-0.000906325
0,-0.00325865,-0.00623195,0.0226268,-0.0301051,-0.00362396,0.00186583,-0.000906325
0,-0.00325865,-0.00623195,0.0226268,-0.0301051,-0.00362396,0.00207436,-0.000817178
0,-0.00325865,-0.00623195,0.0226268,-0.0301051,-0.00362396,0.00203046,-0.000832036
0,-0.00325865,-0.00623195,0.0226268,-0.0301051,-0.00362396,0.00200851,-0.000841941
0,-0.00325865,-0.00623195,0.0226268,-0.0301051,-0.00362396,0.00185485,-0.000906325
0,-0.00325865,-0.00623195,0.0226268,-0.0301051,-0.00362396,0.00184388,-0.000911278
0,-0.00325865,-0.00623195,0.0226268,-0.0301051,-0.00362396,0.00185485,-0.000911278
0,-0.00325865,-0.00623195,0.0226268,-0.0301051,-0.00362396,0.00200851,-0.000832036
0,-0.00325865,-0.00623195,0.0226268,-0.0301051,-0.00362396,0.00204143,-0.000836989
0,-0.00325865,-0.00623195,0.0226268,-0.0301051,-0.00362396,0.00198656,-0.000856799
0,-0.00316281,-0.00623195,0.0226268,-0.0301051,-0.00362396,0.00198656,-0.000856799
0,-0.00316281,-0.00623195,0.0226268,-0.0301051,-0.00362396,0.00198656,-0.000851846
0,-0.00316281,-0.00623195,0.0226268,-0.0301051,-0.00362396,0.00208534,-0.000807273
0,-0.00316281,-0.00623195,0.0226268,-0.0301051,-0.00362396,0.00189875,-0.000940993
0,-0.00316281,-0.00623195,0.0226268,-0.0301051,-0.00362396,0.00207436,-0.000812226
0,-0.00316281,-0.00623195,0.0226268,-0.0301051,-0.00362396,0.00188778,-0.000926135
0,-0.00316281,-0.00623195,0.0226268,-0.0301051,-0.00362396,0.00185485,-0.000921183
0,-0.00316281,-0.00623195,0.0226268,-0.0301051,-0.00362396,0.00188778,-0.00091623
0,-0.00316281,-0.00623195,0.0226268,-0.0301051,-0.00362396,0.00207436,-0.000832036
0,-0.00316281,-0.00623195,0.0226268,-0.0301051,-0.00362396,0.00203046,-0.000817178
0,-0.00316281,-0.00623195,0.0226268,-0.0301051,-0.00362396,0.00206338,-0.00080232
0,-0.00316281,-0.00623195,0.0226268,-0.0301051,-0.00362396,0.00204143,-0.000827083
0,-0.00316281,-0.00623195,0.0226268,-0.0301051,-0.00362396,0.00208534,-0.000836989
0,-0.00306697,-0.00623195,0.0226268,-0.0301051,-0.00362396,0.00206338,-0.000827083
0,-0.00306697,-0.00613607,0.0226268,-0.0301051,-0.00362396,0.00203046,-0.000807273
0,-0.00306697,-0.00613607,0.0226268,-0.0301051,-0.00362396,0.00203046,-0.000807273
0,-0.00306697,-0.00613607,0.0226268,-0.0301051,-0.00362396,0.00205241,-0.000797368
0,-0.00306697,-0.00613607,0.0226268,-0.0301051,-0.00362396,0.00201948,-0.000812226
0,-0.00306697,-0.00613607,0.0226268,-0.0301051,-0.00362396,0.00185485,-0.000891467
0,-0.00306697,-0.00613607,0.0226268,-0.0301051,-0.00362396,0.00198656,-0.000827083
0,-0.00306697,-0.00613607,0.0226268,-0.0301051,-0.00362396,0.00197558,-0.000827083
0,-0.00297112,-0.00613607,0.0226268,-0.0301051,-0.00362396,0.00181095,-0.00089642
0,-0.00297112,-0.00613607,0.0226268,-0.0301051,-0.00362396,0.00204143,-0.000792415
0,-0.00297112,-0.00613607,0.0226268,-0.0301051,-0.00362396,0.00184388,-0.000871657
0,0.00210854,-0.00584844,0.0226268,-0.0301051,-0.00362396,0.00199753,-0.000797368
0,0.00220438,-0.00594432,0.0208051,-0.0299134,-0.00362396,0.00198656,-0.000757747
0,0.00220438,-0.00594432,0.0208051,-0.0299134,-0.00362396,0.00193168,-0.000787463
0,0.00220438,-0.00594432,0.0208051,-0.0299134,-0.00362396,0.0017451,-0.000866704
0,0.00220438,-0.00594432,0.0208051,-0.0299134,-0.00362396,0.0017451,-0.000861752
0,0.00220438,-0.00594432,0.0208051,-0.0299134,-0.00362396,0.00196461,-0.000772605
0,0.00220438,-0.00594432,0.0208051,-0.0299134,-0.00362396,0.00190973,-0.000787463
0,0.00210854,-0.00594432,0.0208051,-0.0299134,-0.00362396,0.00190973,-0.000787463
0,0.00210854,-0.00594432,0.0208051,-0.0299134,-0.00362396,0.00176705,-0.000851846
0,0.00210854,-0.00594432,0.0208051,-0.0299134,-0.00362396,0.00166827,-0.000683458
0,0.00210854,-0.00594432,0.0208051,-0.0299134,-0.00362396,0.00152559,-0.000777557
0,0.00210854,-0.00594432,0.0208051,-0.0299134,-0.00362396,0.00173412,-0.000653743
0,0.00210854,-0.00594432,0.0208051,-0.0299134,-0.00362396,0.00153656,-0.000772605
0,0.00210854,-0.00594432,0.0208051,-0.0299134,-0.00362396,0.00151461,-0.000752794
0,0.00210854,-0.00594432,0.0208051,-0.0299134,-0.00362396,0.00150364,-0.000777557
0,0.00210854,-0.00594432,0.0208051,-0.0299134,-0.00362396,0.00148169,-0.000767652
0,0.00210854,-0.00584844,0.0208051,-0.0299134,-0.00362396,0.00149266,-0.000797368
0,0.00210854,-0.00584844,0.0208051,-0.0299134,-0.00362396,0.00147071,-0.000772605
0,0.00210854,-0.00584844,0.0208051,-0.0299134,-0.00362396,0.00153656,-0.00080232
0,0.00210854,-0.00584844,0.0208051,-0.0299134,-0.00362396,0.00154754,-0.00080232
0,0.00210854,-0.00584844,0.0208051,-0.0299134,-0.00362396,0.00169022,-0.000663648
0,0.00210854,-0.00584844,0.0208051,-0.0299134,-0.00362396,0.001789,-0.000678506
0,0.00210854,-0.00584844,0.0208051,-0.0299134,-0.00362396,0.00169022,-0.000673553
0,0.00210854,-0.00584844,0.0208051,-0.0299134,-0.00362396,0.0017451,-0.000683458
0,0.00210854,-0.00584844,0.0208051,-0.0299134,-0.00362396,0.00166827,-0.000693363
0,0.00210854,-0.00584844,0.0208051,-0.0299134,-0.00362396,0.00167924,-0.000658695
0,0.00210854,-0.00584844,0.0208051,-0.0299134,-0.00362396,0.00150364,-0.000737937
0,0.00210854,-0.00584844,0.0208051,-0.0299134,-0.00362396,0.00162437,-0.000658695
0,0.00210854,-0.00584844,0.0208051,-0.0299134,-0.00362396,0.00149266,-0.000732984
0,0.00210854,-0.00584844,0.0208051,-0.0299134,-0.00362396,-0.00757306,0.00348663
0,0.00210854,-0.00584844,0.0207092,-0.0299134,-0.00362396,-0.00752916,0.00348167
0,0.00210854,-0.00584844,0.0207092,-0.0299134,-0.00362396,-0.00750721,0.00349653
0,0.00210854,-0.00584844,0.0207092,-0.0299134,-0.00362396,-0.00768282,0.00339748
0,0.0020127,-0.00584844,0.0207092,-0.0299134,-0.00362396,-0.00755111,0.00346186
0,0.0020127,-0.00584844,0.0207092,-0.0299134,-0.00362396,-0.00749623,0.00346682
0,0.0020127,-0.00584844,0.0207092,-0.0299134,-0.00362396,-0.00748526,0.00347177
0,0.0020127,-0.00584844,0.0207092,-0.0299134,-0.00362396,-0.00741941,0.00349158
0,0.0020127,-0.00584844,0.0207092,-0.0299134,-0.00362396,-0.00752916,0.0034272
0,0.0020127,-0.00584844,0.0207092,-0.0299134,-0.00362396,-0.00745233,0.00344701
0,0.0020127,-0.00584844,0.0207092,-0.0299134,-0.00362396,-0.00740843,0.00345691
0,0.0020127,-0.00584844,0.0207092,-0.0299134,-0.00362396,-0.00739745,0.0034371
0,0.0020127,-0.00584844,0.0207092,-0.0299134,-0.00362396,-0.00736453,0.0034272
0,0.0020127,-0.00584844,0.0207092,-0.0299134,-0.00362396,-0.00751818,0.00333805
0,0.0020127,-0.00584844,0.0207092,-0.0299134,-0.00362396,-0.00735355,0.00338262
0,0.0020127,-0.00584844,0.0207092,-0.0299134,-0.00362396,-0.00722185,0.00341234
0,0.0020127,-0.00584844,0.0207092,-0.0299134,-0.00362396,-0.00726575,0.00335291
0,0.0020127,-0.00584844,0.0207092,-0.0299134,-0.00362396,-0.00716697,0.00334795
0,0.0020127,-0.00584844,0.0207092,-0.0299134,-0.00362396,-0.00734258,0.00323404
0,0.0020127,-0.00584844,0.0207092,-0.0299134,-0.00362396,-0.00396214,0.0017235
0,0.0020127,-0.00584844,0.0207092,-0.0299134,-0.00362396,-0.00379751,0.0018077
0,0.0020127,-0.00584844,0.0207092,-0.0299134,-0.00362396,-0.00379751,0.00180274
0,0.0020127,-0.00584844,0.0207092,-0.0299134,-0.00362396,-0.00397311,0.00172846
0,0.0020127,-0.00584844,0.0207092,-0.0299134,-0.00362396,-0.00378653,0.0018176
0,0.0020127,-0.00584844,0.0207092,-0.0299134,-0.00362396,-0.00396214,0.00173836
0,0.0020127,-0.00584844,0.0207092,-0.0299134,-0.00362396,-0.00398409,0.0017235
0,0.0020127,-0.00584844,0.0207092,-0.0299134,-0.00362396,-0.00394019,0.00173836
0,0.0020127,-0.00584844,0.0207092,-0.0299134,-0.00362396,-0.0037536,0.00182256
0,0.00191685,-0.00584844,0.0207092,-0.0299134,-0.00362396,-0.00379751,0.0018077
0,0.00191685,-0.00584844,0.0207092,-0.0299134,-0.00362396,-0.00397311,0.00173341
0,0.00191685,-0.00584844,0.0207092,-0.0299134,-0.00362396,-0.00379751,0.00180274
0,0.00191685,-0.00584844,0.0207092,-0.0299134,-0.00362396,-0.00380848,0.00179779
0,0.00191685,-0.00584844,0.0207092,-0.0299134,-0.00362396,-0.00397311,0.0017235
0,0.00191685,-0.00584844,0.0207092,-0.0299134,-0.00362396,-0.0037536,0.00182256
0,0.00191685,-0.00584844,0.0207092,-0.0299134,-0.00362396,-0.00376458,0.0018176
0,0.00191685,-0.00584844,0.0207092,-0.0299134,-0.00362396,-0.00381946,0.00179779
0,0.00191685,-0.00584844,0.0207092,-0.0299134,-0.00362396,-0.00383043,0.00178293
0,0.00191685,-0.00584844,0.0207092,-0.0299134,-0.00362396,-0.00380848,0.00179284
0,0.00191685,-0.00584844,0.0207092,-0.0299134,-0.00362396,-0.00383043,0.00178789
0,0.00191685,-0.00584844,0.0207092,-0.0299134,-0.00362396,-0.00384141,0.00178293
0,0.00191685,-0.00584844,0.0207092,-0.0299134,-0.00362396,-0.00379751,0.00179779
0,0.00191685,-0.00584844,0.0207092,-0.0299134,-0.00362396,-0.00379751,0.00179284
0,0.00191685,-0.00575257,0.0207092,-0.0299134,-0.00362396,-0.00381946,0.00177798
0,0.00191685,-0.00575257,0.0207092,-0.0299134,-0.00362396,-0.00380848,0.00178293
0,0.00191685,-0.00575257,0.0207092,-0.0299134,-0.00362396,-0.00376458,0.00179779
0,0.00182101,-0.00575257,0.0207092,-0.0299134,-0.00362396,-0.00378653,0.00178789
0,0.00182101,-0.00575257,0.0207092,-0.0299134,-0.00362396,-0.00376458,0.00178789
0,0.00182101,-0.00575257,0.0207092,-0.0299134,-0.00362396,-0.00374263,0.00177798
0,0.00182101,-0.00575257,0.0207092,-0.0299134,-0.00362396,-0.00390726,0.00169379
0,0.00182101,-0.00575257,0.0207092,-0.0299134,-0.00362396,-0.00373165,0.00176312
0,-0.00115011,-0.00556082,0.0206134,-0.0299134,-0.00362396,-0.000867061,0.000450686
0,-0.00115011,-0.00556082,0.0206134,-0.0299134,-0.00362396,-0.000812183,0.000480402
0,-0.00115011,-0.00556082,0.0206134,-0.0299134,-0.00362396,-0.000823159,0.000475449
0,-0.00115011,-0.00556082,0.0206134,-0.0299134,-0.00362396,-0.000812183,0.000475449
0,-0.00115011,-0.00556082,0.0206134,-0.0299134,-0.00362396,-0.000757306,0.000500212
0,-0.00115011,-0.00556082,0.0206134,-0.0299134,-0.00362396,-0.000823159,0.000470497
0,-0.00115011,-0.00556082,0.0206134,-0.0299134,-0.00362396,-0.000823159,0.000475449
0,-0.00115011,-0.00556082,0.0206134,-0.0299134,-0.00362396,-0.000856085,0.000455639
0,-0.00115011,-0.00556082,0.0206134,-0.0299134,-0.00362396,-0.000834134,0.000465544
0,-0.00115011,-0.00556082,0.0206134,-0.0299134,-0.00362396,-0.000976815,0.00040116
0,-0.00115011,-0.00556082,0.0206134,-0.0299134,-0.00362396,-0.000790233,0.000485354
0,-0.00115011,-0.00556082,0.0206134,-0.0299134,-0.00362396,-0.000856085,0.000460591
0,-0.00115011,-0.00556082,0.00853298,-0.029434,-0.00362396,-0.000768282,0.000470497
0,-0.00115011,-0.00556082,0.0084371,-0.0295299,-0.00362396,-0.000801208,0.000455639
0,-0.00115011,-0.00556082,0.0084371,-0.0295299,-0.00362396,-0.000823159,0.000450686
0,-0.00115011,-0.00556082,0.0084371,-0.0295299,-0.00362396,-0.000834134,0.000440781
0,-0.00115011,-0.00556082,0.0084371,-0.0295299,-0.00362396,-0.000790233,0.000460591
0,-0.00115011,-0.00556082,0.0084371,-0.0295299,-0.00362396,-0.000823159,0.000450686
0,-0.00115011,-0.00556082,0.0084371,-0.0295299,-0.00362396,-0.000943889,0.000396208
0,-0.00115011,-0.00556082,0.0084371,-0.0295299,-0.00362396,-0.000834134,0.000445734
0,-0.00115011,-0.00556082,0.0084371,-0.0295299,-0.00362396,-0.000976815,0.00038135
0,-0.00115011,-0.00556082,0.0084371,-0.0295299,-0.00362396,-0.000823159,0.000450686
0,-0.00115011,-0.00556082,0.0084371,-0.0295299,-0.00362396,-0.000812183,0.000455639
0,-0.00115011,-0.00556082,0.0084371,-0.0295299,-0.00362396,-0.000768282,0.000470497
0,-0.00115011,-0.00556082,0.0084371,-0.0295299,-0.00362396,-0.000812183,0.000450686
0,-0.00115011,-0.00556082,0.0084371,-0.0295299,-0.00362396,-0.000812183,0.000450686
0,-0.00115011,-0.00556082,0.0084371,-0.0295299,-0.00362396,-0.000834134,0.000445734
0,-0.00115011,-0.00556082,0.0084371,-0.0295299,-0.00362396,-0.000779257,0.000470497
0,-0.00115011,-0.00556082,0.0084371,-0.0295299,-0.00362396,-0.000790233,0.000465544
0,-0.00115011,-0.00556082,0.0084371,-0.0295299,-0.00362396,-0.00084511,0.000440781
0,-0.00115011,-0.00556082,0.0084371,-0.0295299,-0.00362396,-0.000735355,0.000490307
0,-0.00115011,-0.00556082,0.0084371,-0.0295299,-0.00362396,-0.000823159,0.000445734
0,-0.00115011,-0.00556082,0.0084371,-0.0295299,-0.00362396,-0.000735355,0.000485354
0,-0.00115011,-0.00556082,0.0084371,-0.0295299,-0.00362396,-0.000834134,0.000445734
0,-0.00115011,-0.00556082,0.0084371,-0.0295299,-0.00362396,-0.000768282,0.000470497
0,-0.00115011,-0.00556082,0.0084371,-0.0295299,-0.00362396,-0.00084511,0.000435828
0,-0.00115011,-0.00556082,0.0084371,-0.0295299,-0.00362396,-0.000812183,0.000440781
0,-0.00115011,-0.00556082,0.0084371,-0.0295299,-0.00362396,-0.000790233,0.000450686
0,-0.00115011,-0.00556082,0.0084371,-0.0295299,-0.00362396,-0.000801208,0.000445734
0,-0.00115011,-0.00556082,0.0084371,-0.0295299,-0.00362396,-0.000768282,0.000465544
0,-0.00115011,-0.00556082,0.0084371,-0.0295299,-0.00362396,-0.00072438,0.000480402
0,-0.00115011,-0.00556082,0.0084371,-0.0295299,-0.00362396,-0.000768282,0.000465544
0,-0.00115011,-0.00556082,0.0084371,-0.0295299,-0.00362396,-0.000746331,0.000475449
0,-0.00115011,-0.00556082,0.0084371,-0.0295299,-0.00362396,-0.000954864,0.000376397
0,-0.00115011,-0.00556082,0.0084371,-0.0295299,-0.00362396,-0.000954864,0.000376397
0,-0.00115011,-0.00556082,0.0084371,-0.0295299,-0.00362396,-0.000943889,0.000386302
0,-0.00115011,-0.00556082,0.0084371,-0.0295299,-0.00362396,-0.000779257,0.000455639
0,-0.00115011,-0.00556082,0.0084371,-0.0295299,-0.00362396,-0.00096584,0.000376397
0,-0.00115011,-0.00556082,0.0084371,-0.0295299,-0.00362396,-0.000823159,0.000435828
0,-0.00115011,-0.00556082,0.0084371,-0.0295299,-0.00362396,-0.000812183,0.000440781
0,-0.00115011,-0.00556082,0.0084371,-0.0295299,-0.00362396,-0.000768282,0.000460591
0,-0.00115011,-0.00556082,0.0084371,-0.0295299,-0.00362396,-0.000790233,0.000455639
0,-0.00115011,-0.00556082,0.0084371,-0.0295299,-0.00362396,-0.000779257,0.000460591
0,-0.00105427,-0.00546494,0.0084371,-0.0295299,-0.00362396,-0.000932913,0.000391255
0,-0.00105427,-0.00546494,0.0084371,-0.0295299,-0.00362396,-0.000790233,0.000435828
0,-0.00105427,-0.00546494,0.0084371,-0.0295299,-0.00362396,-0.000801208,0.000430876
0,-0.00105427,-0.00546494,0.0084371,-0.0295299,-0.00362396,-0.000812183,0.000430876
0,-0.00105427,-0.00546494,0.0084371,-0.0295299,-0.00362396,-0.000921938,0.00038135
0,-0.00105427,-0.00546494,0.0084371,-0.0295299,-0.00362396,-0.000812183,0.000425923
0,-0.00105427,-0.00546494,0.0084371,-0.0295299,-0.00362396,-0.000801208,0.000430876
0,-0.00105427,-0.00546494,0.0084371,-0.0295299,-0.00362396,-0.000823159,0.000425923
0,-0.00105427,-0.00546494,0.0084371,-0.0295299,-0.00362396,-0.000987791,0.000351634
0,-0.00105427,-0.00546494,0.0084371,-0.0295299,-0.00362396,-0.000812183,0.000430876
0,-0.00105427,-0.00546494,0.0084371,-0.0295299,-0.00362396,-0.000801208,0.000435828
0,-0.00105427,-0.00546494,0.0084371,-0.0295299,-0.00362396,-0.000779257,0.000445734
0,-0.00105427,-0.00536906,0.0084371,-0.0295299,-0.00362396,-0.000713404,0.000475449
0,-0.00105427,-0.00536906,0.0084371,-0.0295299,-0.00362396,-0.000954864,0.000361539
0,-0.00105427,-0.00536906,0.0084371,-0.0295299,-0.00362396,-0.00096584,0.000356587
0,-0.00105427,-0.00536906,0.0084371,-0.0295299,-0.00362396,-0.000954864,0.000361539
0,-0.00105427,-0.00536906,0.0084371,-0.0295299,-0.00362396,-0.000932913,0.000361539
0,-0.00105427,-0.00536906,0.0084371,-0.0295299,-0.00362396,-0.000921938,0.000366492
0,-0.00105427,-0.00536906,0.0084371,-0.0295299,-0.00362396,-0.000779257,0.000435828
0,-0.00105427,-0.00536906,0.0084371,-0.0295299,-0.00362396,-0.000921938,0.000361539
0,-0.00105427,-0.00536906,0.0084371,-0.0295299,-0.00362396,-0.000779257,0.000425923
0,-0.00105427,-0.00536906,0.0084371,-0.0295299,-0.00362396,-0.000932913,0.000356587
0,-0.00105427,-0.00536906,0.00853298,-0.0295299,-0.00362396,-0.000954864,0.000351634
0,-0.00105427,-0.00536906,0.00853298,-0.0295299,-0.00362396,-0.00072438,0.000440781
0,-0.00105427,-0.00536906,0.00853298,-0.0295299,-0.00362396,-0.000768282,0.000430876
0,-0.00105427,-0.00536906,0.00853298,-0.0295299,-0.00362396,-0.000691454,0.000460591
0,-0.00105427,-0.00536906,0.00853298,-0.0295299,-0.00362396,-0.000713404,0.000445734
0,-0.00105427,-0.00536906,0.00853298,-0.0295299,-0.00362396,-0.000757306,0.000430876
0,-0.00105427,-0.00536906,0.00853298,-0.0295299,-0.00362396,-0.000768282,0.000425923
0,-0.00105427,-0.00536906,0.00853298,-0.0295299,-0.00362396,-0.000768282,0.000420971
0,-0.00105427,-0.00536906,0.00853298,-0.0295299,-0.00362396,-0.000812183,0.00040116
0,-0.00105427,-0.00536906,0.00853298,-0.0295299,-0.00362396,-0.000746331,0.000425923
0,-0.00105427,-0.00536906,0.00853298,-0.0295299,-0.00362396,-0.000779257,0.000411065
0,-0.00105427,-0.00536906,0.00853298,-0.0295299,-0.00362396,-0.000790233,0.000406113
0,-0.00105427,-0.00536906,0.00853298,-0.0295299,-0.00362396,-0.000702429,0.000445734
0,-0.00105427,-0.00536906,0.00853298,-0.0295299,-0.00362396,-0.000768282,0.000406113
0,-0.00105427,-0.00536906,0.00853298,-0.0295299,-0.00362396,-0.000680478,0.000440781
0,-0.00105427,-0.00527319,0.00853298,-0.0295299,-0.00362396,-0.000702429,0.000430876
0,-0.00105427,-0.00527319,0.00853298,-0.0295299,-0.00362396,-0.000647552,0.000450686
0,-0.00105427,-0.00527319,0.00853298,-0.0295299,-0.00362396,-0.000757306,0.000396208
0,-0.00105427,-0.00527319,0.00853298,-0.0295299,-0.00362396,-0.000680478,0.000430876
0,-0.00105427,-0.00527319,0.00853298,-0.0295299,-0.00362396,-0.00072438,0.000411065
0,-0.00105427,-0.00527319,0.00853298,-0.0295299,-0.00362396,-0.000691454,0.000420971
0,-0.00105427,-0.00527319,0.00853298,-0.0295299,-0.00362396,-0.000669503,0.000430876
0,-0.00105427,-0.00527319,0.00853298,-0.0295299,-0.00362396,-0.000691454,0.000411065
0,-0.00105427,-0.00527319,0.00853298,-0.0295299,-0.00362396,-0.000669503,0.000420971
0,-0.00105427,-0.00527319,0.00853298,-0.0295299,-0.00362396,-0.000834134,0.000331824
0,-0.00105427,-0.00527319,0.00853298,-0.0295299,-0.00362396,-0.000658527,0.00040116
0,-0.00105427,-0.00527319,0.00853298,-0.0295299,-0.00362396,-0.00060365,0.00040116
0,-0.000958427,-0.0040268,0.00968349,-0.0293381,-0.00362396,0.00340239,-0.00142635
0,-0.000958427,-0.00306804,0.00968349,-0.0293381,-0.00362396,0.00340239,-0.00142139
0,-0.000958427,-0.00287628,0.00968349,-0.0293381,-0.00362396,0.00343532,-0.00141149
0,-0.000958427,-0.00287628,0.00968349,-0.0293381,-0.00362396,0.00339141,-0.0014313
0,-0.000958427,-0.00278041,0.00968349,-0.0293381,-0.00362396,0.00323776,-0.00150064
0,-0.000958427,-0.00278041,0.00968349,-0.0293381,-0.00362396,0.00342434,-0.00141644
0,-0.000958427,-0.00278041,0.00968349,-0.0293381,-0.00362396,0.00339141,-0.00142635
0,-0.000958427,-0.00278041,0.00968349,-0.0293381,-0.00362396,0.00341337,-0.00141644
0,-0.000958427,-0.00278041,0.00968349,-0.0293381,-0.00362396,0.00342434,-0.00141644
0,-0.000958427,-0.00278041,0.00968349,-0.0293381,-0.00362396,0.00344629,-0.00140654
0,-0.000958427,-0.00278041,0.00968349,-0.0293381,-0.00362396,0.00343532,-0.00141149
0,-0.000958427,-0.00278041,0.00968349,-0.0293381,-0.00362396,0.00320483,-0.00151054
0,-0.000958427,-0.00278041,0.00968349,-0.0293381,-0.00362396,0.00335849,-0.00144121
0,-0.000958427,-0.00278041,0.00968349,-0.0293381,-0.00362396,0.00339141,-0.00142635
0,-0.000958427,-0.00278041,0.00968349,-0.0293381,-0.00362396,0.00335849,-0.00144121
0,-0.000958427,-0.00278041,0.00968349,-0.0293381,-0.00362396,0.00342434,-0.00141644
0,-0.000958427,-0.00278041,0.00968349,-0.0293381,-0.00362396,0.00340239,-0.00142635
0,-0.000862584,-0.00278041,0.00968349,-0.0293381,-0.00362396,0.00342434,-0.00141149
0,-0.000862584,-0.00278041,0.00968349,-0.0293381,-0.00362396,0.00322678,-0.00150559
0,-0.000862584,-0.00278041,0.00968349,-0.0293381,-0.00362396,0.00335849,-0.00144121
0,-0.000862584,-0.00278041,0.00968349,-0.0293381,-0.00362396,0.00338044,-0.0014313
0,-0.000862584,-0.00278041,0.00968349,-0.0293381,-0.00362396,0.00336946,-0.00143625
0,-0.000862584,-0.00278041,0.00968349,-0.0293381,-0.00362396,0.00339141,-0.00142635
0,-0.000862584,-0.00278041,0.00968349,-0.0293381,-0.00362396,0.00342434,-0.00140654
0,-0.000862584,-0.00278041,0.00968349,-0.0293381,-0.00362396,0.00339141,-0.00142139
0,-0.000862584,-0.00278041,0.00968349,-0.0293381,-0.00362396,0.00335849,-0.00143625
0,-0.000766741,-0.00278041,0.00968349,-0.0293381,-0.00362396,0.00336946,-0.00143625
0,0.00115011,-0.0023969,0.00968349,-0.0293381,-0.00362396,0.00339141,-0.00142139
0,0.00115011,-0.00220515,0.00968349,-0.0293381,-0.00362396,0.00339141,-0.00142139
0,0.00115011,-0.00210928,0.00968349,-0.0293381,-0.00362396,0.00335849,-0.0014313
0,0.00115011,-0.0020134,0.00968349,-0.0293381,-0.00362396,0.00317191,-0.00151549
0,0.00115011,-0.000767009,0.00968349,-0.0293381,-0.00362396,0.00343532,-0.00139663
0,0.00115011,-0.000767009,0.00968349,-0.0293381,-0.00362396,0.00338044,-0.00142139
0,0.00115011,-0.000767009,0.00968349,-0.0293381,-0.00362396,0.00349019,-0.00137187
0,0.00115011,-0.000767009,0.00968349,-0.0293381,-0.00362396,0.00319386,-0.00149568
0,0.00115011,-0.000767009,0.00968349,-0.0293381,-0.00362396,0.00320483,-0.00149073
0,0.00115011,-0.000767009,0.00968349,-0.0293381,-0.00362396,0.00332556,-0.00143625
0,0.00115011,-0.000671133,0.00968349,-0.0293381,-0.00362396,0.00341337,-0.00140158
0,0.00115011,-0.000671133,0.00968349,-0.0293381,-0.00362396,0.00317191,-0.00149568
0,0.00115011,-0.000671133,0.00968349,-0.0293381,-0.00362396,0.00333654,-0.0014313
0,0.00115011,-0.000671133,0.00968349,-0.0293381,-0.00362396,0.00331459,-0.00144121
0,0.00115011,-0.000671133,0.00968349,-0.0293381,-0.00362396,0.00335849,-0.00141149
0,0.00115011,-0.000671133,0.00968349,-0.0293381,-0.00362396,0.00338044,-0.00140654
0,0.00115011,-0.000671133,0.00968349,-0.0293381,-0.00362396,0.00320483,-0.00148578
0,0.00115011,-0.000671133,0.00968349,-0.0293381,-0.00362396,0.00317191,-0.00149073
0,0.00115011,-0.000671133,0.00968349,-0.0293381,-0.00362396,0.00336946,-0.00139663
0,0.00115011,-0.000671133,0.00968349,-0.0293381,-0.00362396,0.00313898,-0.00148578
0,0.00115011,-0.000671133,0.00968349,-0.0293381,-0.00362396,0.00334751,-0.00140158
0,0.00115011,-0.000671133,0.00968349,-0.0293381,-0.00362396,0.00335849,-0.00139168
0,0.00115011,-0.000671133,0.00968349,-0.0293381,-0.00362396,0.00330361,-0.00141149
0,0.00115011,-0.000671133,0.00968349,-0.0293381,-0.00362396,0.00330361,-0.00138673
0,0.00115011,-0.000671133,0.00968349,-0.0293381,-0.00362396,0.00325971,-0.00139663
0,0.00115011,-0.000671133,0.00968349,-0.0293381,-0.00362396,0.00317191,-0.00142635
0,0.00115011,-0.000671133,0.00968349,-0.0293381,-0.00362396,0.00329264,-0.00134711
0,0.00115011,-0.000671133,0.00968349,-0.0293381,-0.00362396,0.00307313,-0.00143625
0,0.00115011,-0.000671133,0.00968349,-0.0293381,-0.00362396,0.00302922,-0.00142139
0,0.00115011,-0.000671133,0.00968349,-0.0293381,-0.00362396,0.00318288,-0.00130749
0,0.00115011,-0.000671133,0.00968349,-0.0293381,-0.00362396,0.00310605,-0.00128767
0,0.00115011,-0.000671133,0.00968349,-0.0293381,-0.00362396,0.00227192,-0.000940993
0,0.00115011,-0.000671133,0.00968349,-0.0293381,-0.00362396,0.00235972,-0.000931088
0,0.00115011,-0.000671133,0.00968349,-0.0293381,-0.00362396,0.00231582,-0.000940993
0,0.00115011,-0.000671133,0.00968349,-0.0293381,-0.00362396,0.00231582,-0.000936041
0,0.00115011,-0.000671133,0.00968349,-0.0293381,-0.00362396,0.00234875,-0.000936041
0,0.00115011,-0.000671133,0.00968349,-0.0293381,-0.00362396,0.00235972,-0.000931088
0,0.00115011,-0.000671133,0.00968349,-0.0293381,-0.00362396,0.00233777,-0.000945946
0,0.00115011,-0.000671133,0.00968349,-0.0293381,-0.00362396,0.00234875,-0.000926135
0,0.00115011,-0.000671133,0.00968349,-0.0293381,-0.00362396,0.00233777,-0.000936041
0,0.00115011,-0.000671133,0.00968349,-0.0293381,-0.00362396,0.00230485,-0.000940993
0,0.00115011,-0.000671133,0.00968349,-0.0293381,-0.00362396,0.00233777,-0.000926135
0,0.00115011,-0.000671133,0.00968349,-0.0293381,-0.00362396,0.00234875,-0.000926135
0,0.00115011,-0.000671133,0.00968349,-0.0293381,-0.00362396,0.0023268,-0.000940993
0,0.00115011,-0.000671133,0.00968349,-0.0293381,-0.00362396,0.0023268,-0.000931088
0,0.00115011,-0.000671133,0.00968349,-0.0293381,-0.00362396,0.00214021,-0.00102023
0,0.00115011,-0.000671133,0.00968349,-0.0293381,-0.00362396,0.0023268,-0.000931088
0,0.00115011,-0.000671133,0.00968349,-0.0293381,-0.00362396,0.00229387,-0.000945946
0,0.00115011,-0.000671133,0.00968349,-0.0293381,-0.00362396,0.00231582,-0.000931088
0,0.00115011,-0.000671133,0.00968349,-0.0293381,-0.00362396,0.00224997,-0.000940993
0,0.00115011,-0.000671133,0.00968349,-0.0293381,-0.00362396,0.00229387,-0.000906325
0,0.00105427,-0.000671133,0.00968349,-0.0293381,-0.00362396,0.00211826,-0.00100538
0,0.00105427,-0.000671133,0.00968349,-0.0293381,-0.00362396,0.00231582,-0.000901372
0,0.00105427,-0.000671133,0.00968349,-0.0293381,-0.00362396,0.00226094,-0.000921183
0,0.00105427,-0.000671133,0.00968349,-0.0293381,-0.00362396,0.00223899,-0.000921183
0,0.00105427,-0.000671133,0.00968349,-0.0293381,-0.00362396,0.00224997,-0.000901372
0,0.00105427,-0.000671133,0.00968349,-0.0293381,-0.00362396,0.00222802,-0.000906325
0,0.00105427,-0.000671133,0.00968349,-0.0293381,-0.00362396,0.00221704,-0.000891467
0,0.00105427,-0.000671133,0.00968349,-0.0293381,-0.00362396,0.00220607,-0.000886515
0,0.00105427,-0.000671133,0.00968349,-0.0293381,-0.00362396,0.00215119,-0.000886515
0,0.00105427,-0.000671133,0.00968349,-0.0293381,-0.00362396,0.00211826,-0.000876609
0,0.00105427,-0.000671133,0.00968349,-0.0293381,-0.00362396,0.00215119,-0.000846894
0,0.00105427,-0.000671133,0.00968349,-0.0293381,-0.00362396,0.00214021,-0.000851846
0,0.00105427,-0.000671133,0.00968349,-0.0293381,-0.00362396,0.00208534,-0.000856799
0,0.00105427,-0.000671133,0.00968349,-0.0293381,-0.00362396,0.00209631,-0.000832036
0,0.00105427,-0.000671133,0.00968349,-0.0293381,-0.00362396,0.00203046,-0.000836989
0,0.00105427,-0.000671133,0.00968349,-0.0293381,-0.00362396,0.00182193,-0.00089642
0,0.00105427,-0.000671133,0.00968349,-0.0293381,-0.00362396,0.00181095,-0.000871657
0,0.00105427,-0.000671133,0.00968349,-0.0293381,-0.00362396,0.00194266,-0.000792415
0,0.00105427,-0.000671133,0.00968349,-0.0293381,-0.00362396,0.0017451,-0.000871657
0,0.00105427,-0.000671133,0.00968349,-0.0293381,-0.00362396,0.00172315,-0.000851846
0,0.00105427,-0.000671133,0.00968349,-0.0293381,-0.00362396,0.0017451,-0.000836989
0,0.00105427,-0.000671133,0.00968349,-0.0293381,-0.00362396,0.00188778,-0.0007627
0,0.00105427,-0.000671133,0.00968349,-0.0293381,-0.00362396,0.00172315,-0.000822131
0,0.00105427,-0.000671133,0.00968349,-0.0293381,-0.00362396,0.00188778,-0.000752794
0,0.00105427,-0.000671133,0.00968349,-0.0293381,-0.00362396,0.0017012,-0.000836989
0,0.00105427,-0.000671133,0.00968349,-0.0293381,-0.00362396,0.0018768,-0.0007627
0,0.00105427,-0.000671133,0.00968349,-0.0293381,-0.00362396,0.00173412,-0.000688411
0,0.00105427,-0.000671133,0.00968349,-0.0293381,-0.00362396,0.00169022,-0.000703269
0,0.00105427,-0.000671133,0.00968349,-0.0293381,-0.00362396,0.001789,-0.000683458
0,0.00105427,-0.000671133,0.00968349,-0.0293381,-0.00362396,0.00161339,-0.000797368
0,0.00105427,-0.000671133,0.00968349,-0.0293381,-0.00362396,0.00162437,-0.000807273
0,0.00105427,-0.000671133,0.00968349,-0.0293381,-0.00362396,0.00162437,-0.000812226
0,0.00105427,-0.000671133,0.00968349,-0.0293381,-0.00362396,0.00153656,-0.0007627
0,0.00105427,-0.000671133,0.00968349,-0.0293381,-0.00362396,0.00143778,-0.000549738
0,0.00105427,-0.000671133,0.00977937,-0.0293381,-0.00362396,-0.00534505,0.00233267
0,0.00105427,-0.000671133,0.00977937,-0.0293381,-0.00362396,-0.00509261,0.00243668
0,0.00105427,-0.000671133,0.00977937,-0.0293381,-0.00362396,-0.00511456,0.00242677
0,0.00105427,-0.000671133,0.00977937,-0.0293381,-0.00362396,-0.00518041,0.00239706
0,0.00105427,-0.000671133,0.00977937,-0.0293381,-0.00362396,-0.00512554,0.00241191
0,0.00105427,-0.000671133,0.00977937,-0.0293381,-0.00362396,-0.00511456,0.00241191
0,0.00105427,-0.000671133,0.00977937,-0.0293381,-0.00362396,-0.00515846,0.0023822
0,0.000958427,-0.000671133,0.00977937,-0.0293381,-0.00362396,-0.00437921,0.00192161
0,0.000958427,-0.000671133,0.00977937,-0.0293381,-0.00362396,-0.00423652,0.00199094
0,0.000958427,-0.000671133,0.00977937,-0.0293381,-0.00362396,-0.00421457,0.0019959
0,0.000958427,-0.000671133,0.00977937,-0.0293381,-0.00362396,-0.00437921,0.00192656
0,0.000958427,-0.000671133,0.00977937,-0.0293381,-0.00362396,-0.00439018,0.00192656
0,0.000958427,-0.000671133,0.00977937,-0.0293381,-0.00362396,-0.00439018,0.00192656
0,0.000958427,-0.000671133,0.00977937,-0.0293381,-0.00362396,-0.00417067,0.00202066
0,0.000958427,-0.000671133,0.00977937,-0.0293381,-0.00362396,-0.00418165,0.00201571
0,0.000958427,-0.000671133,0.00977937,-0.0293381,-0.00362396,-0.00421457,0.0020058
0,0.000958427,-0.000671133,0.00977937,-0.0293381,-0.00362396,-0.00421457,0.0019959
0,0.000958427,-0.000671133,0.00977937,-0.0293381,-0.00362396,-0.0042036,0.0020058
0,0.000958427,-0.000671133,0.00977937,-0.0293381,-0.00362396,-0.00417067,0.00201571
0,0.000958427,-0.000671133,0.00977937,-0.0293381,-0.00362396,-0.00422555,0.0019959
0,0.000958427,-0.000671133,0.00977937,-0.0293381,-0.00362396,-0.00419262,0.0019959
0,0.000958427,-0.000671133,0.00977937,-0.0293381,-0.00362396,-0.00418165,0.0019959
0,0.000958427,-0.000671133,0.00977937,-0.0293381,-0.00362396,-0.00404994,0.00177303
0,0.000958427,-0.000671133,0.00977937,-0.0293381,-0.00362396,-0.00389629,0.00185227
0,0.000958427,-0.000671133,0.00977937,-0.0293381,-0.00362396,-0.00404994,0.00178293
0,0.000958427,-0.000671133,0.00977937,-0.0293381,-0.00362396,-0.00390726,0.00185722
0,0.000958427,-0.000671133,0.00977937,-0.0293381,-0.00362396,-0.00394019,0.00183741
0,0.000958427,-0.000671133,0.00977937,-0.0293381,-0.00362396,-0.00389629,0.00186713
0,0.000958427,-0.000671133,0.00977937,-0.0293381,-0.00362396,-0.0037536,0.00177303
0,0.000958427,-0.000671133,0.00977937,-0.0293381,-0.00362396,-0.00390726,0.00170369
0,0.000958427,-0.000671133,0.00977937,-0.0293381,-0.00362396,-0.00390726,0.00169874
0,0.000958427,-0.000671133,0.00977937,-0.0293381,-0.00362396,-0.00380848,0.00174331
0,0.000958427,-0.000671133,0.00977937,-0.0293381,-0.00362396,-0.00369873,0.00179284
0,0.000958427,-0.000671133,0.00977937,-0.0293381,-0.00362396,-0.00390726,0.00169874
0,0.000958427,-0.000671133,0.00977937,-0.0293381,-0.00362396,-0.0037097,0.00178789
0,0.000958427,-0.000671133,0.00977937,-0.0293381,-0.00362396,-0.00372068,0.00178293
0,0.000958427,-0.000671133,0.00977937,-0.0293381,-0.00362396,-0.00376458,0.00176808
0,0.000958427,-0.000671133,0.00977937,-0.0293381,-0.00362396,-0.00369873,0.00179284
0,0.000862584,-0.000671133,0.00977937,-0.0293381,-0.00362396,-0.00390726,0.00170369
0,0.000862584,-0.000671133,0.00977937,-0.0293381,-0.00362396,-0.00372068,0.00178789
0,0.000862584,-0.000671133,0.00977937,-0.0293381,-0.00362396,-0.00368775,0.00180274
0,0.000862584,-0.000671133,0.00977937,-0.0293381,-0.00362396,-0.00376458,0.00176312
0,0.000862584,-0.000671133,0.00977937,-0.0293381,-0.00362396,-0.00388531,0.0017136
0,0.000862584,-0.000671133,0.00977937,-0.0293381,-0.00362396,-0.00390726,0.00169874
0,0.000862584,-0.000671133,0.00977937,-0.0293381,-0.00362396,-0.0037097,0.00178789
0,0.000862584,-0.000671133,0.00977937,-0.0293381,-0.00362396,-0.0037097,0.00178789
0,0.000862584,-0.000671133,0.00977937,-0.0293381,-0.00362396,-0.0037097,0.00177303
0,0.000862584,-0.000671133,0.00977937,-0.0293381,-0.00362396,-0.00389629,0.00168388
0,0.000862584,-0.000671133,0.00977937,-0.0293381,-0.00362396,-0.00389629,0.00167893
0,0.000862584,-0.000671133,0.00977937,-0.0293381,-0.00362396,-0.00367678,0.00176808
0,0.000862584,-0.000671133,0.00977937,-0.0293381,-0.00362396,-0.0036658,0.00174331
0,0.000862584,-0.000671133,0.00977937,-0.0293381,-0.00362396,-0.00365483,0.00159474
0,0.000862584,-0.000671133,0.00977937,-0.0293381,-0.00362396,-0.00115242,0.00062898
0,0.000862584,-0.000671133,0.00977937,-0.0293381,-0.00362396,-0.00118535,0.000614122
0,0.000862584,-0.000671133,0.00977937,-0.0293381,-0.00362396,-0.0011195,0.000643837
0,0.000862584,-0.000671133,0.00977937,-0.0293381,-0.00362396,-0.00118535,0.000614122
0,0.000862584,-0.000671133,0.00977937,-0.0293381,-0.00362396,-0.00117437,0.000624027
0,0.000862584,-0.000671133,0.00977937,-0.0293381,-0.00362396,-0.00117437,0.000619074
0,0.000862584,-0.000671133,0.00977937,-0.0293381,-0.00362396,-0.00133901,0.000544785
0,0.000862584,-0.000671133,0.00977937,-0.0293381,-0.00362396,-0.00118535,0.000619074
0,0.000766741,-0.000671133,0.00977937,-0.0293381,-0.00362396,-0.00119632,0.000614122
0,0.000766741,-0.000671133,0.00977937,-0.0293381,-0.00362396,-0.00110852,0.000633932
0,0.000766741,-0.000671133,0.00977937,-0.0293381,-0.00362396,-0.00113047,0.000624027
0,0.000766741,-0.000671133,0.00977937,-0.0293381,-0.00362396,-0.00109755,0.000638885
0,0.000766741,-0.000671133,0.00977937,-0.0293381,-0.00362396,-0.00110852,0.000638885
0,0.000766741,-0.000671133,0.00977937,-0.0293381,-0.00362396,-0.0011195,0.00062898
0,0.000766741,-0.000671133,0.00977937,-0.0293381,-0.00362396,-0.00121828,0.000574501
0,-0.00680483,-0.000383505,0.00977937,-0.0293381,-0.00400543,-0.0011195,0.000624027
0,-0.00843416,0.000191752,0.00977937,-0.0293381,-0.00362396,-0.0012951,0.000524975
0,-0.00843416,0.000287628,0.00977937,-0.0293381,-0.00362396,-0.00114145,0.000599264
0,-0.00843416,0.000287628,0.00977937,-0.0293381,-0.00362396,-0.00113047,0.000599264
0,-0.00843416,0.000383505,0.00977937,-0.0293381,-0.00362396,-0.00128413,0.000529928
0,-0.00843416,0.000383505,0.00977937,-0.0293381,-0.00362396,-0.0011195,0.000594311
0,-0.00843416,0.000383505,0.00977937,-0.0293381,-0.00362396,-0.00113047,0.000589359
0,-0.00843416,0.000383505,0.00977937,-0.0293381,-0.00362396,-0.00126218,0.00053488
0,-0.00843416,0.000383505,0.00977937,-0.0293381,-0.00362396,-0.00106462,0.000609169
0,-0.00833831,0.000383505,0.00977937,-0.0293381,-0.00362396,-0.00109755,0.000599264
0,-0.00833831,0.000383505,0.00977937,-0.0293381,-0.00362396,-0.00124023,0.00051507
0,-0.00833831,0.000383505,0.00977937,-0.0293381,-0.00362396,-0.00104267,0.000604217
0,-0.00833831,0.000383505,0.00977937,-0.0293381,-0.00362396,-0.00105364,0.000599264
0,-0.00833831,0.000383505,0.00977937,-0.0293381,-0.00362396,-0.00105364,0.000599264
0,-0.00824247,0.000479381,0.00977937,-0.0293381,-0.00362396,-0.00104267,0.000589359
0,-0.00824247,0.000479381,0.00977937,-0.0293381,-0.00362396,-0.00104267,0.000584406
0,-0.00814663,0.000479381,0.00977937,-0.0293381,-0.00362396,-0.00124023,0.00049526
0,-0.00517551,0.000958761,0.00977937,-0.0293381,-0.00362396,-0.000987791,0.000599264
0,-0.00517551,0.00105464,0.00977937,-0.0293381,-0.00362396,-0.00096584,0.000609169
0,-0.00517551,0.00105464,0.00977937,-0.0293381,-0.00362396,-0.0012073,0.000490307
0,-0.00507966,0.00105464,0.00977937,-0.0293381,-0.00362396,-0.00102072,0.000574501
0,-0.00507966,0.00105464,0.00977937,-0.0293381,-0.00362396,-0.00119632,0.00049526
0,-0.00507966,0.00105464,0.00977937,-0.0293381,-0.00362396,-0.00114145,0.000505165
0,-0.00507966,0.00105464,0.00977937,-0.0293381,-0.00362396,-0.000998766,0.000574501
0,-0.00507966,0.00105464,0.00977937,-0.0293381,-0.00362396,-0.00096584,0.000589359
0,-0.00507966,0.00105464,0.00977937,-0.0293381,-0.00362396,-0.000998766,0.000569548
0,0.00316281,0.00230103,0.00977937,-0.0293381,-0.00362396,-0.000954864,0.000574501
0,0.00316281,0.0023969,0.00977937,-0.0293381,-0.00362396,-0.000921938,0.000589359
0,0.00316281,0.0023969,0.00977937,-0.0293381,-0.00362396,-0.000976815,0.000564596
0,0.00316281,0.0023969,0.00977937,-0.0293381,-0.00362396,-0.000954864,0.000564596
0,0.00316281,0.0023969,0.00977937,-0.0293381,-0.00362396,-0.000943889,0.000564596
0,0.00316281,0.0023969,0.00977937,-0.0293381,-0.00362396,-0.000987791,0.00053488
0,0.00316281,0.0023969,0.00977937,-0.0293381,-0.00362396,-0.000932913,0.000564596
0,0.00316281,0.0023969,0.00977937,-0.0293381,-0.00362396,-0.00113047,0.000470497
0,0.00316281,0.0023969,0.00977937,-0.0293381,-0.00362396,-0.000987791,0.000524975
0,0.00316281,0.0023969,0.00977937,-0.0293381,-0.00362396,-0.000910963,0.000559643
0,0.00316281,0.0023969,0.00977937,-0.0293381,-0.00362396,-0.000899987,0.000549738
0,0.00316281,0.0023969,0.00977937,-0.0293381,-0.00362396,-0.000954864,0.000524975
0,0.00316281,0.0023969,0.00977937,-0.0293381,-0.00362396,-0.000889012,0.000544785
0,0.00316281,0.0023969,0.00977937,-0.0293381,-0.00362396,-0.000910963,0.00053488
0,0.00316281,0.0023969,0.00977937,-0.0293381,-0.00362396,-0.000910963,0.00053488
0,0.00316281,0.0023969,0.00977937,-0.0293381,-0.00362396,-0.00107559,0.000460591
0,0.00316281,0.0023969,0.00977937,-0.0293381,-0.00362396,-0.000878036,0.00053488
0,0.00316281,0.0023969,0.00977937,-0.0293381,-0.00362396,-0.000878036,0.00053488
0,0.00306697,0.0023969,0.00977937,-0.0293381,-0.00362396,-0.000856085,0.000529928
0,0.00306697,0.0023969,0.00977937,-0.0293381,-0.00362396,-0.000823159,0.000549738
0,0.00306697,0.0023969,0.00977937,-0.0293381,-0.00362396,-0.00084511,0.00053488
0,0.00306697,0.0023969,0.00977937,-0.0293381,-0.00362396,-0.000867061,0.000524975
0,0.00306697,0.0023969,0.00977937,-0.0293381,-0.00362396,-0.00103169,0.000440781
0,0.00306697,0.0023969,0.00977937,-0.0293381,-0.00362396,-0.00103169,0.000435828
0,0.00306697,0.0023969,0.00977937,-0.0293381,-0.00362396,-0.00084511,0.000520022
0,0.00306697,0.0023969,0.00977937,-0.0293381,-0.00362396,-0.000878036,0.000510117
0,0.00306697,0.0023969,0.00977937,-0.0293381,-0.00362396,-0.00103169,0.000430876
0,0.00306697,0.0023969,0.00977937,-0.0293381,-0.00362396,-0.000889012,0.00049526
0,0.00306697,0.0023969,0.00977937,-0.0293381,-0.00362396,-0.00100974,0.000416018
0,0.00306697,0.0023969,0.00977937,-0.0293381,-0.00362396,-0.000878036,0.000480402
0,0.00306697,0.0023969,0.00977937,-0.0293381,-0.00362396,-0.000812183,0.00049526
0,0.00306697,0.0023969,0.00977937,-0.0293381,-0.00362396,-0.000998766,0.000416018
0,0.00306697,0.0023969,0.00977937,-0.0293381,-0.00362396,-0.000812183,0.00049526
0,0.00306697,0.0023969,0.00977937,-0.0293381,-0.00362396,-0.000976815,0.000416018
0,0.00306697,0.0023969,0.00977937,-0.0293381,-0.00362396,-0.000790233,0.000490307
0,0.00297112,0.0023969,0.00977937,-0.0293381,-0.00362396,-0.000812183,0.000485354
0,0.00297112,0.0023969,0.00977937,-0.0293381,-0.00362396,-0.000987791,0.000406113
0,0.00297112,0.0023969,0.00977937,-0.0293381,-0.00362396,-0.000856085,0.000465544
0,0.00297112,0.0023969,0.00977937,-0.0293381,-0.00362396,-0.000976815,0.000411065
0,0.00297112,0.0023969,0.00977937,-0.0293381,-0.00362396,-0.00096584,0.000396208
0,0.00297112,0.0023969,0.00977937,-0.0293381,-0.00362396,-0.000834134,0.000460591
0,0.00297112,0.0023969,0.00977937,-0.0293381,-0.00362396,-0.000779257,0.000470497
0,0.00297112,0.0023969,0.00977937,-0.0293381,-0.00362396,-0.000801208,0.000460591
0,0.00297112,0.0023969,0.00977937,-0.0293381,-0.00362396,-0.000768282,0.000475449
0,0.00297112,0.0023969,0.00977937,-0.0293381,-0.00362396,-0.000801208,0.000450686
0,0.00297112,0.0023969,0.00977937,-0.0293381,-0.00362396,-0.000735355,0.000475449
0,0.00287528,0.0023969,0.00977937,-0.0293381,-0.00362396,-0.000746331,0.000460591
0,0.00287528,0.0023969,0.00977937,-0.0293381,-0.00362396,-0.000746331,0.000460591
0,0.00287528,0.0023969,0.00977937,-0.0293381,-0.00362396,-0.000746331,0.000465544
0,0.00287528,0.0023969,0.00977937,-0.0293381,-0.00362396,-0.000779257,0.000440781
0,0.00287528,0.0023969,0.00977937,-0.0293381,-0.00362396,-0.000768282,0.000435828
0,0.00277944,0.0023969,0.00977937,-0.0293381,-0.00362396,-0.000680478,0.000475449
0,-0.00220438,0.00258866,0.00977937,-0.0293381,-0.00362396,-0.000899987,0.000356587
0,-0.00220438,0.00258866,0.00977937,-0.0293381,-0.00362396,-0.000702429,0.000430876
0,-0.00220438,0.00258866,0.00977937,-0.0293381,-0.00362396,-0.000702429,0.000425923
0,-0.00220438,0.00258866,0.00977937,-0.0293381,-0.00362396,-0.000702429,0.000425923
0,-0.00220438,0.00258866,0.00977937,-0.0293381,-0.00362396,-0.000823159,0.000356587
0,-0.00220438,0.00258866,0.00977937,-0.0293381,-0.00362396,-0.000647552,0.000420971
0,-0.00220438,0.00258866,0.00977937,-0.0293381,-0.00362396,-0.000647552,0.000391255
0,-0.00220438,0.00258866,0.00977937,-0.0293381,-0.00362396,3.29264e-05,0.000108957
0,-0.00220438,0.00258866,0.00977937,-0.0293381,-0.00362396,0.00316093,-0.00126291
0,-0.00220438,0.00258866,0.00977937,-0.0293381,-0.00362396,0.00310605,-0.00128272
0,-0.00220438,0.00258866,0.00977937,-0.0293381,-0.00362396,0.0030841,-0.00129758
0,-0.00220438,0.00258866,0.00977937,-0.0293381,-0.00362396,0.00307313,-0.00130253
0,-0.00220438,0.00258866,0.00977937,-0.0293381,-0.00362396,0.00307313,-0.00130253
0,-0.00220438,0.00258866,0.00977937,-0.0293381,-0.00362396,0.00307313,-0.00129758
0,-0.00220438,0.00258866,0.00977937,-0.0293381,-0.00362396,0.00293045,-0.00136692
0,-0.00220438,0.00258866,0.00977937,-0.0293381,-0.00362396,0.00293045,-0.00136692
0,-0.00220438,0.00258866,0.00977937,-0.0293381,-0.00362396,0.00309508,-0.00129263
0,-0.00220438,0.00258866,0.00977937,-0.0293381,-0.00362396,0.00310605,-0.00128272
0,-0.00220438,0.00258866,0.00977937,-0.0293381,-0.00362396,0.00293045,-0.00136692
0,-0.00220438,0.00258866,0.00977937,-0.0293381,-0.00362396,0.003128,-0.00127777
0,-0.00220438,0.00258866,0.00977937,-0.0293381,-0.00362396,0.00311703,-0.00128272
0,-0.00220438,0.00258866,0.00977937,-0.0293381,-0.00362396,0.00309508,-0.00129263
0,-0.00220438,0.00258866,0.00977937,-0.0293381,-0.00362396,0.00294142,-0.00135701
0,-0.00220438,0.00258866,0.00977937,-0.0293381,-0.00362396,0.0030841,-0.00129758
0,-0.00220438,0.00258866,0.00977937,-0.0293381,-0.00362396,0.00293045,-0.00136692
0,-0.00220438,0.00258866,0.00977937,-0.0293381,-0.00362396,0.00306215,-0.00130253
0,-0.00220438,0.00258866,0.00977937,-0.0293381,-0.00362396,0.00307313,-0.00130253
0,-0.00220438,0.00258866,0.00977937,-0.0293381,-0.00362396,0.00306215,-0.00130253
0,-0.00220438,0.00258866,0.00977937,-0.0293381,-0.00362396,0.00313898,-0.00127282
0,-0.00220438,0.00258866,0.00977937,-0.0293381,-0.00362396,0.00310605,-0.00128767
0,-0.00220438,0.00258866,0.00977937,-0.0293381,-0.00362396,0.003128,-0.00126786
0,-0.00220438,0.00258866,0.00977937,-0.0293381,-0.00362396,0.00309508,-0.00128272
0,-0.00220438,0.00258866,0.00977937,-0.0293381,-0.00362396,0.00291947,-0.00136196
0,-0.00220438,0.00258866,0.00977937,-0.0293381,-0.00362396,0.00307313,-0.00129758
0,-0.00210854,0.00258866,0.00977937,-0.0293381,-0.00362396,0.00310605,-0.00128272
0,-0.00210854,0.00258866,0.00977937,-0.0293381,-0.00362396,0.00291947,-0.00136196
0,-0.00210854,0.00258866,0.00977937,-0.0293381,-0.00362396,0.00311703,-0.00127777
0,-0.00210854,0.00258866,0.00977937,-0.0293381,-0.00362396,0.00310605,-0.00128272
0,-0.00210854,0.00258866,0.00977937,-0.0293381,-0.00362396,0.00309508,-0.00128272
0,-0.00210854,0.00258866,0.00977937,-0.0293381,-0.00362396,0.00306215,-0.00129758
0,-0.00210854,0.00258866,0.00977937,-0.0293381,-0.00362396,0.00293045,-0.00136196
0,-0.00210854,0.00258866,0.00977937,-0.0293381,-0.00362396,0.00309508,-0.00127777
0,-0.00210854,0.00258866,0.00977937,-0.0293381,-0.00362396,0.00311703,-0.00127282
0,-0.00210854,0.00258866,0.00977937,-0.0293381,-0.00362396,0.00311703,-0.00127282
0,-0.00210854,0.00258866,0.00977937,-0.0293381,-0.00362396,0.00310605,-0.00127777
0,-0.00210854,0.00258866,0.00977937,-0.0293381,-0.00362396,0.00305118,-0.00129758
0,-0.00210854,0.00258866,0.00977937,-0.0293381,-0.00362396,0.0030841,-0.00128272
0,-0.00210854,0.00258866,0.00977937,-0.0293381,-0.00362396,0.00310605,-0.00126786
0,-0.00210854,0.00258866,0.00977937,-0.0293381,-0.00362396,0.00311703,-0.00126291
0,-0.00210854,0.00258866,0.00977937,-0.0293381,-0.00362396,0.00310605,-0.00126291
0,-0.00210854,0.00258866,0.00977937,-0.0293381,-0.00362396,0.00306215,-0.00128767
0,-0.00210854,0.00258866,0.00977937,-0.0293381,-0.00362396,0.00305118,-0.00129263
0,-0.00210854,0.00258866,0.00977937,-0.0293381,-0.00362396,0.00301825,-0.00129263
0,-0.0020127,0.00258866,0.00977937,-0.0293381,-0.00362396,0.00287557,-0.00135701
0,-0.0020127,0.00258866,0.00977937,-0.0293381,-0.00362396,0.00301825,-0.00129758
0,-0.0020127,0.00258866,0.00977937,-0.0293381,-0.00362396,0.00307313,-0.00126786
0,-0.0020127,0.00258866,0.00977937,-0.0293381,-0.00362396,0.00288654,-0.00135206
0,-0.0020127,0.00258866,0.00977937,-0.0293381,-0.00362396,0.00286459,-0.00135701
0,-0.0020127,0.00258866,0.00977937,-0.0293381,-0.00362396,0.00287557,-0.00135206
0,-0.0020127,0.00258866,0.00977937,-0.0293381,-0.00362396,0.00288654,-0.00133225
0,-0.0020127,0.00258866,0.00977937,-0.0293381,-0.00362396,0.00285362,-0.00135206
0,-0.0020127,0.00258866,0.00977937,-0.0293381,-0.00362396,0.00305118,-0.00125796
0,-0.0020127,0.00258866,0.00977937,-0.0293381,-0.00362396,0.00284264,-0.00134215
0,-0.00191685,0.00258866,0.00977937,-0.0293381,-0.00362396,0.00284264,-0.00134215
0,-0.00191685,0.00258866,0.00977937,-0.0293381,-0.00362396,0.00302922,-0.00125796
0,-0.00191685,0.00258866,0.00977937,-0.0293381,-0.00362396,0.00283167,-0.00134215
0,-0.00191685,0.00258866,0.00977937,-0.0293381,-0.00362396,0.00300727,-0.00125796
0,-0.00191685,0.00258866,0.00977937,-0.0293381,-0.00362396,0.00305118,-0.00122824
0,0.00115011,0.00268453,0.00977937,-0.0293381,-0.00362396,0.0029524,-0.00126291
0,0.00115011,0.00268453,0.00977937,-0.0293381,-0.00362396,0.00294142,-0.00125301
0,0.00115011,0.00268453,0.00977937,-0.0293381,-0.00362396,0.00282069,-0.00131244
0,0.00115011,0.00268453,0.00977937,-0.0293381,-0.00362396,0.00278777,-0.00131244
0,0.00115011,0.00268453,0.00977937,-0.0293381,-0.00362396,0.00278777,-0.00129758
0,0.00115011,0.00268453,0.00977937,-0.0293381,-0.00362396,0.00275484,-0.00129263
0,0.00115011,0.00268453,0.00977937,-0.0293381,-0.00362396,0.00287557,-0.00117377
0,0.00115011,0.00268453,0.00977937,-0.0293381,-0.00362396,0.00262313,-0.00105986
0,0.00115011,0.00268453,0.00977937,-0.0293381,-0.00362396,0.00257923,-0.00105986
0,0.00115011,0.00268453,0.00977937,-0.0293381,-0.00362396,0.00240362,-0.00113414
0,0.00115011,0.00268453,0.00977937,-0.0293381,-0.00362396,0.00238167,-0.00113414
0,0.00115011,0.00268453,0.00977937,-0.0293381,-0.00362396,0.00256826,-0.001045
0,0.00115011,0.00268453,0.00977937,-0.0293381,-0.00362396,0.0025024,-0.00106481
0,0.00115011,0.00268453,0.00977937,-0.0293381,-0.00362396,0.00256826,-0.00104004
0,0.00115011,0.00268453,0.00977937,-0.0293381,-0.00362396,0.0023707,-0.00111929
0,0.00115011,0.00268453,0.00977937,-0.0293381,-0.00362396,0.00251338,-0.00103509
0,0.00115011,0.00268453,0.00977937,-0.0293381,-0.00362396,0.00248045,-0.00104004
0,0.00115011,0.00268453,0.00977937,-0.0293381,-0.00362396,0.00251338,-0.00103014
0,0.00115011,0.00268453,0.00977937,-0.0293381,-0.00362396,0.00253533,-0.00101528
0,0.00115011,0.00268453,0.00977937,-0.0293381,-0.00362396,0.00233777,-0.00108957
0,0.00115011,0.00268453,0.00977937,-0.0293381,-0.00362396,0.00249143,-0.00100042
0,0.00115011,0.00268453,0.00977937,-0.0293381,-0.00362396,0.00246948,-0.00100538
0,0.00115011,0.00268453,0.00977937,-0.0293381,-0.00362396,0.0025024,-0.000985566
0,0.00115011,0.00268453,0.00977937,-0.0293381,-0.00362396,0.00242557,-0.00101528
0,0.00115011,0.00268453,0.00977937,-0.0293381,-0.00362396,0.0024585,-0.000990519
0,0.00115011,0.00268453,0.00977937,-0.0293381,-0.00362396,0.00243655,-0.00100042
0,0.00115011,0.00268453,0.00977937,-0.0293381,-0.00362396,0.00243655,-0.000990519
0,0.00115011,0.00268453,0.00977937,-0.0293381,-0.00362396,0.00242557,-0.000990519
0,0.00115011,0.00268453,0.00977937,-0.0293381,-0.00362396,0.0023707,-0.000990519
0,0.00115011,0.00268453,0.00977937,-0.0293381,-0.00362396,0.00238167,-0.000975661
0,0.00115011,0.00268453,0.00977937,-0.0293381,-0.00362396,0.00221704,-0.001045
0,0.00115011,0.00268453,0.00977937,-0.0293381,-0.00362396,0.00233777,-0.000970709
0,0.00115011,0.00268453,0.00977937,-0.0293381,-0.00362396,0.00218412,-0.00102023
0,0.00115011,0.00268453,0.00977937,-0.0293381,-0.00362396,0.00235972,-0.000926135
0,0.00115011,0.00268453,0.00977937,-0.0293381,-0.00362396,0.00214021,-0.000995472
0,0.00115011,0.00268453,0.00977937,-0.0293381,-0.00362396,0.00209631,-0.00100538
0,0.00115011,0.00268453,0.00977937,-0.0293381,-0.00362396,0.00209631,-0.000975661
0,0.00115011,0.00268453,0.00977937,-0.0293381,-0.00362396,0.00207436,-0.000970709
0,0.00115011,0.00268453,0.00977937,-0.0293381,-0.00362396,0.00226094,-0.000881562
0,0.00115011,0.00268453,0.00977937,-0.0293381,-0.00362396,0.00219509,-0.000876609
0,0.00115011,0.00268453,0.00977937,-0.0293381,-0.00362396,0.00214021,-0.000851846
0,0.00115011,0.00268453,0.00977937,-0.0293381,-0.00362396,0.00196461,-0.000911278
0,0.00115011,0.00268453,0.00977937,-0.0293381,-0.00362396,0.00207436,-0.00080232
0,0.00115011,0.00268453,0.00977937,-0.0293381,-0.00362396,0.001789,-0.000856799
0,0.00115011,0.00268453,0.00977937,-0.0293381,-0.00362396,0.00198656,-0.000772605
0,0.00115011,0.00268453,0.00977937,-0.0293381,-0.00362396,0.00199753,-0.000767652
0,0.00115011,0.00268453,0.00977937,-0.0293381,-0.00362396,0.00194266,-0.000772605
0,0.00115011,0.00268453,0.00977937,-0.0293381,-0.00362396,0.00193168,-0.000772605
0,0.00115011,0.00268453,0.00977937,-0.0293381,-0.00362396,0.00175607,-0.000846894
0,0.00115011,0.00268453,0.00977937,-0.0293381,-0.00362396,0.001789,-0.000832036
0,0.00115011,0.00268453,0.00977937,-0.0293381,-0.00362396,0.00177802,-0.000822131
0,0.00115011,0.00268453,0.00977937,-0.0293381,-0.00362396,0.0019207,-0.000742889
0,0.00115011,0.00268453,0.00977937,-0.0293381,-0.00362396,0.00189875,-0.000732984
0,0.00105427,0.00268453,0.00977937,-0.0293381,-0.00362396,0.00189875,-0.000737937
0,0.00105427,0.00268453,0.00977937,-0.0293381,-0.00362396,0.00184388,-0.0007627
0,0.00105427,0.00268453,0.00977937,-0.0293381,-0.00362396,0.0017012,-0.000812226
0,0.00105427,0.00268453,0.00977937,-0.0293381,-0.00362396,0.0018768,-0.000718126
0,0.00105427,0.00268453,0.00977937,-0.0293381,-0.00362396,0.00169022,-0.00080232
0,0.00105427,0.00268453,0.00977937,-0.0293381,-0.00362396,0.00166827,-0.000807273
0,0.00105427,0.00268453,0.00977937,-0.0293381,-0.00362396,0.00182193,-0.000718126
0,0.00105427,0.00268453,0.00977937,-0.0293381,-0.00362396,0.00165729,-0.000792415
0,0.00105427,0.00268453,0.00977937,-0.0293381,-0.00362396,0.00181095,-0.000728032
0,0.00105427,0.00268453,0.00977937,-0.0293381,-0.00362396,0.00179997,-0.000718126
0,0.00105427,0.00268453,0.00977937,-0.0293381,-0.00362396,0.00182193,-0.000718126
0,0.00105427,0.00268453,0.00977937,-0.0293381,-0.00362396,0.00181095,-0.000718126
0,0.00105427,0.00268453,0.00977937,-0.0293381,-0.00362396,0.001789,-0.000718126
0,0.00105427,0.00268453,0.00977937,-0.0293381,-0.00362396,0.00176705,-0.000693363
0,0.00105427,0.00268453,0.00977937,-0.0293381,-0.00362396,0.00177802,-0.000737937
0,0.00105427,0.00268453,0.00977937,-0.0293381,-0.00362396,0.00182193,-0.000663648
0,0.00105427,0.00268453,0.00977937,-0.0293381,-0.00362396,0.00167924,-0.000792415
0,0.00105427,0.00268453,0.00977937,-0.0293381,-0.00362396,0.00177802,-0.000708221
0,0.00105427,0.00268453,0.00977937,-0.0293381,-0.00362396,0.00137193,-0.000653743
0,0.00105427,0.00268453,0.00977937,-0.0293381,-0.00362396,-0.00544382,0.00256049
0,0.00105427,0.00268453,0.00977937,-0.0293381,-0.00362396,-0.0054548,0.00254068
0,0.00105427,0.00268453,0.00977937,-0.0293381,-0.00362396,-0.00538895,0.00257535
0,0.00105427,0.00268453,0.00977937,-0.0293381,-0.00362396,-0.00559748,0.0024763
0,0.00105427,0.00268453,0.00977937,-0.0293381,-0.00362396,-0.00564138,0.00245649
0,0.00105427,0.00268453,0.00977937,-0.0293381,-0.00362396,-0.00559748,0.00246639
0,0.00105427,0.00268453,0.00977937,-0.0293381,-0.00362396,-0.00542187,0.00254068
0,0.00105427,0.00268453,0.00977937,-0.0293381,-0.00362396,-0.00556455,0.00247135
0,0.00105427,0.00268453,0.00977937,-0.0293381,-0.00362396,-0.00542187,0.00253078
0,0.00105427,0.00268453,0.00977937,-0.0293381,-0.00362396,-0.0054109,0.00252087
0,0.00105427,0.00268453,0.00977937,-0.0293381,-0.00362396,-0.00535602,0.00253078
0,0.00105427,0.00268453,0.00977937,-0.0293381,-0.00362396,-0.0054987,0.00244163
0,0.00105427,0.00268453,0.00977937,-0.0293381,-0.00362396,-0.00508163,0.00240696
0,0.00105427,0.00268453,0.00977937,-0.0293381,-0.00362396,-0.0049609,0.0023822
0,0.00105427,0.00268453,0.00977937,-0.0293381,-0.00362396,-0.00515846,0.00229305
0,0.00105427,0.00268453,0.00977937,-0.0293381,-0.00362396,-0.0049609,0.0023822
0,0.00105427,0.00268453,0.00977937,-0.0293381,-0.00362396,-0.00512554,0.00227324
0,0.00105427,0.00268453,0.00977937,-0.0293381,-0.00362396,-0.00403897,0.00176312
0,0.00105427,0.00268453,0.00977937,-0.0293381,-0.00362396,-0.00400604,0.00177303
0,0.00105427,0.00268453,0.00977937,-0.0293381,-0.00362396,-0.00380848,0.00186218
0,0.00105427,0.00268453,0.00977937,-0.0293381,-0.00362396,-0.00385238,0.00184237
0,0.00105427,0.00268453,0.00977937,-0.0293381,-0.00362396,-0.00386336,0.00183246
0,0.00105427,0.00268453,0.00977937,-0.0293381,-0.00362396,-0.00386336,0.00182751
0,0.00105427,0.00268453,0.00977937,-0.0293381,-0.00362396,-0.00403897,0.00176808
0,0.000958427,0.00268453,0.00977937,-0.0293381,-0.00362396,-0.00384141,0.00184732
0,0.000958427,0.00268453,0.00977937,-0.0293381,-0.00362396,-0.00401702,0.00176312
0,0.000958427,0.00268453,0.00977937,-0.0293381,-0.00362396,-0.00384141,0.00184732
0,0.000958427,0.00268453,0.00977937,-0.0293381,-0.00362396,-0.00383043,0.00185722
0,0.000958427,0.00268453,0.00977937,-0.0293381,-0.00362396,-0.00386336,0.00183246
0,0.000958427,0.00268453,0.00977937,-0.0293381,-0.00362396,-0.00392921,0.00180274
0,0.000958427,0.00268453,0.00977937,-0.0293381,-0.00362396,-0.00384141,0.00184732
0,0.000958427,0.00268453,0.00977937,-0.0293381,-0.00362396,-0.00400604,0.00176312
0,0.000958427,0.00268453,0.00977937,-0.0293381,-0.00362396,-0.00403897,0.00176312
0,0.000958427,0.00268453,0.00977937,-0.0293381,-0.00362396,-0.00403897,0.00175322
0,0.000958427,0.00268453,0.00977937,-0.0293381,-0.00362396,-0.0037536,0.00161455
0,0.000958427,0.00268453,0.00977937,-0.0293381,-0.00362396,-0.003578,0.00169874
0,0.000958427,0.00268453,0.00977937,-0.0293381,-0.00362396,-0.00361092,0.00168388
0,0.000958427,0.00268453,0.00977937,-0.0293381,-0.00362396,-0.00364385,0.00166407
0,0.000958427,0.00268453,0.00977937,-0.0293381,-0.00362396,-0.003578,0.00169874
0,0.000958427,0.00268453,0.00977937,-0.0293381,-0.00362396,-0.00354507,0.00170865
0,0.000958427,0.00268453,0.00977937,-0.0293381,-0.00362396,-0.0035341,0.0017136
0,0.000958427,0.00268453,0.00977937,-0.0293381,-0.00362396,-0.00374263,0.0016195
0,0.000958427,0.00268453,0.00977937,-0.0293381,-0.00362396,-0.00376458,0.00161455
0,0.000958427,0.00268453,0.00977937,-0.0293381,-0.00362396,-0.00354507,0.0017136
0,0.000958427,0.00268453,0.00977937,-0.0293381,-0.00362396,-0.00356702,0.00168388
0,0.000958427,0.00268453,0.00977937,-0.0293381,-0.00362396,-0.00352312,0.00170369
0,0.000958427,0.00268453,0.00977937,-0.0293381,-0.00362396,-0.0037097,0.00159969
0,0.000958427,0.00268453,0.00977937,-0.0293381,-0.00362396,-0.00367678,0.00158978
0,0.000958427,0.00268453,0.00977937,-0.0293381,-0.00362396,-0.00322678,0.00156007
0,0.000958427,0.00268453,0.00977937,-0.0293381,-0.00362396,-0.00122925,0.000653743
0,0.000958427,0.00268453,0.00977937,-0.0293381,-0.00362396,-0.00141583,0.000569548
0,0.000958427,0.00268453,0.00977937,-0.0293381,-0.00362396,-0.00122925,0.00064879
0,0.000958427,0.00268453,0.00977937,-0.0293381,-0.00362396,-0.0012073,0.000658695
0,0.000958427,0.00268453,0.00977937,-0.0293381,-0.00362396,-0.00140486,0.000569548
0,0.000958427,0.00268453,0.00977937,-0.0293381,-0.00362396,-0.00139388,0.000574501
0,0.000958427,0.00268453,0.00977937,-0.0293381,-0.00362396,-0.00119632,0.0006686
0,0.000862584,0.00268453,0.00977937,-0.0293381,-0.00362396,-0.0012512,0.000643837
0,0.000862584,0.00268453,0.00977937,-0.0293381,-0.00362396,-0.00140486,0.000569548
0,0.000862584,0.00268453,0.00977937,-0.0293381,-0.00362396,-0.00121828,0.000658695
0,0.000862584,0.00268453,0.00977937,-0.0293381,-0.00362396,-0.00122925,0.00064879
0,0.000862584,0.00258866,0.00977937,-0.0293381,-0.00362396,-0.00140486,0.000574501
0,0.000862584,0.00268453,0.00977937,-0.0293381,-0.00362396,-0.00138291,0.000579454
0,0.000862584,0.00268453,0.00977937,-0.0293381,-0.00362396,-0.00126218,0.000638885
0,0.000862584,0.00268453,0.00977937,-0.0293381,-0.00362396,-0.00124023,0.000643837
0,0.000862584,0.00258866,0.00977937,-0.0293381,-0.00362396,-0.00141583,0.000564596
0,0.000862584,0.00258866,0.00977937,-0.0293381,-0.00362396,-0.00139388,0.000574501
0,0.000862584,0.00258866,0.00977937,-0.0293381,-0.00362396,-0.00121828,0.000653743
0,0.000862584,0.00258866,0.00977937,-0.0293381,-0.00362396,-0.00124023,0.000643837
0,0.000862584,0.00258866,0.00977937,-0.0293381,-0.00362396,-0.00140486,0.000569548
0,0.000862584,0.00258866,0.00977937,-0.0293381,-0.00362396,-0.00122925,0.000653743
0,0.000862584,0.00258866,0.00977937,-0.0293381,-0.00362396,-0.00140486,0.000569548
0,0.000862584,0.00258866,0.00977937,-0.0293381,-0.00362396,-0.00139388,0.000574501
0,0.000862584,0.00258866,0.00977937,-0.0293381,-0.00362396,-0.00121828,0.000653743
0,0.000862584,0.00258866,0.00977937,-0.0293381,-0.00362396,-0.0012512,0.000643837
0,0.000862584,0.00258866,0.00977937,-0.0293381,-0.00362396,-0.0012512,0.000633932
0,0.000862584,0.00258866,0.00977937,-0.0293381,-0.00362396,-0.00138291,0.000564596
0,0.000862584,0.00258866,0.00977937,-0.0293381,-0.00362396,-0.00140486,0.000564596
0,0.000862584,0.00258866,0.00977937,-0.0293381,-0.00362396,-0.00124023,0.000633932
0,0.000862584,0.00258866,0.00977937,-0.0293381,-0.00362396,-0.00138291,0.000569548
0,0.000766741,0.00258866,0.00977937,-0.0293381,-0.00362396,-0.0012512,0.000633932
0,0.000766741,0.00258866,0.00977937,-0.0293381,-0.00362396,-0.00122925,0.000638885
0,0.000766741,0.00258866,0.00977937,-0.0293381,-0.00362396,-0.00138291,0.000569548
0,0.000766741,0.00258866,0.00977937,-0.0293381,-0.00362396,-0.00124023,0.000633932
0,0.000766741,0.00258866,0.00977937,-0.0293381,-0.00362396,-0.00119632,0.000643837
0,0.000766741,0.00258866,0.00977937,-0.0293381,-0.00362396,-0.00134998,0.000569548
0,0.000766741,0.00258866,0.00977937,-0.0293381,-0.00362396,-0.00122925,0.000614122
0,0.000766741,0.00258866,0.00977937,-0.0293381,-0.00362396,-0.00134998,0.000549738
0,0.000766741,0.00258866,0.00977937,-0.0293381,-0.00362396,-0.0011634,0.000624027
0,-0.00853,0.00258866,0.00977937,-0.0293381,-0.00362396,-0.0012073,0.000604217
0,-0.00843416,0.00258866,0.00977937,-0.0293381,-0.00362396,-0.0011634,0.000609169
0,-0.00843416,0.00258866,0.00977937,-0.0293381,-0.00362396,-0.0011634,0.000599264
0,-0.00843416,0.00258866,0.00977937,-0.0293381,-0.00362396,-0.00114145,0.000589359
0,-0.00843416,0.00258866,0.00977937,-0.0293381,-0.00362396,-0.00127315,0.000520022
0,-0.00843416,0.00258866,0.00977937,-0.0293381,-0.00362396,-0.0011195,0.000569548
0,-0.00843416,0.00258866,0.00977937,-0.0293381,-0.00362396,-0.00126218,0.000500212
0,-0.00843416,0.00258866,0.00977937,-0.0293381,-0.00362396,-0.0012512,0.000490307
0,-0.00843416,0.00258866,0.00977937,-0.0293381,-0.00362396,-0.00100974,0.000584406
0,-0.00843416,0.00258866,0.00977937,-0.0293381,-0.00362396,-0.0012073,0.000490307
0,-0.00833831,0.00258866,0.00977937,-0.0293381,-0.00362396,-0.000976815,0.000579454
0,-0.00833831,0.00258866,0.00977937,-0.0293381,-0.00362396,-0.000998766,0.000569548
0,-0.00833831,0.00258866,0.00977937,-0.0293381,-0.00362396,-0.0011634,0.000475449
0,-0.00833831,0.00258866,0.00977937,-0.0293381,-0.00362396,-0.00103169,0.00053488
0,-0.00824247,0.00258866,0.00977937,-0.0293381,-0.00362396,-0.00117437,0.000475449
0,-0.00824247,0.00258866,0.00977937,-0.0293381,-0.00362396,-0.000998766,0.000554691
0,-0.00824247,0.00258866,0.00977937,-0.0293381,-0.00362396,-0.000954864,0.000559643
0,-0.00814663,0.00258866,0.00977937,-0.0293381,-0.00362396,-0.00115242,0.000460591
0,-0.00507966,0.00258866,0.00977937,-0.0293381,-0.00362396,-0.000987791,0.00053488
0,-0.00507966,0.00258866,0.00977937,-0.0293381,-0.00362396,-0.000987791,0.000524975
0,-0.00507966,0.00258866,0.00977937,-0.0293381,-0.00362396,-0.000987791,0.000524975
0,-0.00507966,0.00258866,0.00977937,-0.0293381,-0.00362396,-0.0011195,0.000455639
0,-0.00507966,0.00258866,0.00977937,-0.0293381,-0.00362396,-0.000932913,0.000524975
0,-0.00498382,0.00258866,0.00977937,-0.0293381,-0.00362396,-0.00096584,0.000510117
0,0.00316281,0.00258866,0.00977937,-0.0293381,-0.00362396,-0.000932913,0.000510117
0,0.00316281,0.00258866,0.00977937,-0.0293381,-0.00362396,-0.000889012,0.000524975
0,0.00316281,0.00258866,0.00977937,-0.0293381,-0.00362396,-0.000910963,0.000505165
0,0.00316281,0.00258866,0.00977937,-0.0293381,-0.00362396,-0.00107559,0.000430876
0,0.00316281,0.00258866,0.00977937,-0.0293381,-0.00362396,-0.00108657,0.000430876
0,0.00316281,0.00258866,0.00977937,-0.0293381,-0.00362396,-0.00107559,0.000430876
0,0.00316281,0.00258866,0.00977937,-0.0293381,-0.00362396,-0.000943889,0.000490307
0,0.00316281,0.00258866,0.00977937,-0.0293381,-0.00362396,-0.000899987,0.000510117
0,0.00316281,0.00258866,0.00977937,-0.0293381,-0.00362396,-0.00109755,0.000425923
0,0.00316281,0.00258866,0.00977937,-0.0293381,-0.00362396,-0.000899987,0.00049526
0,0.00316281,0.00258866,0.00977937,-0.0293381,-0.00362396,-0.000856085,0.000520022
0,0.00316281,0.00258866,0.00977937,-0.0293381,-0.00362396,-0.000921938,0.000475449
0,0.00316281,0.00258866,0.00977937,-0.0293381,-0.00362396,-0.000889012,0.000490307
0,0.00316281,0.00258866,0.00977937,-0.0293381,-0.00362396,-0.00102072,0.000416018
0,0.00316281,0.00258866,0.00977937,-0.0293381,-0.00362396,-0.000834134,0.000500212
0,0.00316281,0.00258866,0.00977937,-0.0293381,-0.00362396,-0.000823159,0.00049526
0,0.00316281,0.00258866,0.00977937,-0.0293381,-0.00362396,-0.00103169,0.00040116
0,0.00316281,0.00258866,0.00977937,-0.0293381,-0.00362396,-0.000856085,0.000470497
0,0.00316281,0.00258866,0.00977937,-0.0293381,-0.00362396,-0.00100974,0.000406113
0,0.00306697,0.00258866,0.00977937,-0.0293381,-0.00362396,-0.000867061,0.000470497
0,0.00306697,0.00258866,0.00977937,-0.0293381,-0.00362396,-0.000812183,0.000490307
0,0.00306697,0.00258866,0.00977937,-0.0293381,-0.00362396,-0.000987791,0.000396208
0,0.00306697,0.00258866,0.00977937,-0.0293381,-0.00362396,-0.000790233,0.000485354
0,0.00306697,0.00258866,0.00977937,-0.0293381,-0.00362396,-0.000801208,0.000475449
0,0.00306697,0.00258866,0.00977937,-0.0293381,-0.00362396,-0.000976815,0.000391255
0,0.00306697,0.00258866,0.00977937,-0.0293381,-0.00362396,-0.000790233,0.000475449
0,0.00306697,0.00258866,0.00977937,-0.0293381,-0.00362396,-0.000976815,0.000376397
0,0.00306697,0.00258866,0.00977937,-0.0293381,-0.00362396,-0.000757306,0.000480402
0,0.00306697,0.00258866,0.00977937,-0.0293381,-0.00362396,-0.000932913,0.000391255
0,0.00306697,0.00258866,0.00977937,-0.0293381,-0.00362396,-0.000757306,0.000465544
0,0.00306697,0.00258866,0.00977937,-0.0293381,-0.00362396,-0.000768282,0.000465544
0,0.00306697,0.00258866,0.00977937,-0.0293381,-0.00362396,-0.000801208,0.000450686
0,0.00306697,0.00258866,0.00977937,-0.0293381,-0.00362396,-0.000768282,0.000455639
0,0.00306697,0.00258866,0.00977937,-0.0293381,-0.00362396,-0.000812183,0.000430876
0,0.00306697,0.00258866,0.00977937,-0.0293381,-0.00362396,-0.000801208,0.000425923
0,0.00297112,0.00258866,0.00977937,-0.0293381,-0.00362396,-0.00072438,0.000455639
0,0.00297112,0.00258866,0.00977937,-0.0293381,-0.00362396,-0.000779257,0.000420971
0,0.00297112,0.00258866,0.00977937,-0.0293381,-0.00362396,-0.000702429,0.000445734
0,0.00297112,0.00258866,0.00977937,-0.0293381,-0.00362396,-0.000691454,0.000450686
0,0.00297112,0.00258866,0.00977937,-0.0293381,-0.00362396,-0.000680478,0.000440781
0,0.00297112,0.00258866,0.00977937,-0.0293381,-0.00362396,-0.000878036,0.000351634
0,0.00297112,0.00258866,0.00977937,-0.0293381,-0.00362396,-0.000702429,0.000411065
0,0.00297112,0.00258866,0.00977937,-0.0293381,-0.00362396,-0.000658527,0.000430876
0,0.00297112,0.00258866,0.00977937,-0.0293381,-0.00362396,-0.000823159,0.000336776
0,0.00297112,0.00258866,0.00977937,-0.0293381,-0.00362396,-0.00060365,0.000396208
0,0.00297112,0.00258866,0.00977937,-0.0293381,-0.00362396,0.00285362,-0.001149
0,0.00297112,0.00258866,0.00977937,-0.0293381,-0.00362396,0.00284264,-0.00114405
0,0.00287528,0.00258866,0.00977937,-0.0293381,-0.00362396,0.00264508,-0.00122824
0,0.00287528,0.00258866,0.00977937,-0.0293381,-0.00362396,0.00282069,-0.00115395
0,0.00287528,0.00258866,0.00977937,-0.0293381,-0.00362396,0.00264508,-0.00122824
0,0.00287528,0.00258866,0.00977937,-0.0293381,-0.00362396,0.00278777,-0.00116881
0,0.00287528,0.00258866,0.00977937,-0.0293381,-0.00362396,0.00277679,-0.00116881
0,0.00287528,0.00258866,0.00977937,-0.0293381,-0.00362396,0.00278777,-0.00116881
0,0.00277944,0.00258866,0.00977937,-0.0293381,-0.00362396,0.00262313,-0.00123815
0,-0.00115011,0.00258866,0.00977937,-0.0293381,-0.00362396,0.00263411,-0.00123815
0,-0.00115011,0.00258866,0.00977937,-0.0293381,-0.00362396,0.00280972,-0.00115395
0,-0.00115011,0.00258866,0.00977937,-0.0293381,-0.00362396,0.00276581,-0.00117872
0,-0.00115011,0.00258866,0.00977937,-0.0293381,-0.00362396,0.00282069,-0.00115395
0,-0.00115011,0.00258866,0.00977937,-0.0293381,-0.00362396,0.00282069,-0.00115395
0,-0.00115011,0.00258866,0.00977937,-0.0293381,-0.00362396,0.00261216,-0.0012431
0,-0.00115011,0.00258866,0.00977937,-0.0293381,-0.00362396,0.00263411,-0.0012332
0,-0.00115011,0.00258866,0.00977937,-0.0293381,-0.00362396,0.00277679,-0.00116881
0,-0.00115011,0.00258866,0.00977937,-0.0293381,-0.00362396,0.00276581,-0.00117872
0,-0.00115011,0.00258866,0.00977937,-0.0293381,-0.00362396,0.00262313,-0.00123815
0,-0.00115011,0.00258866,0.00977937,-0.0293381,-0.00362396,0.00263411,-0.00123815
0,-0.00115011,0.00258866,0.00977937,-0.0293381,-0.00362396,0.00262313,-0.00123815
0,-0.00115011,0.00258866,0.00977937,-0.0293381,-0.00362396,0.00261216,-0.0012431
0,-0.00115011,0.00258866,0.00977937,-0.0293381,-0.00362396,0.00259021,-0.00125301
0,-0.00115011,0.00258866,0.00977937,-0.0293381,-0.00362396,0.00285362,-0.0011391
0,-0.00115011,0.00258866,0.00977937,-0.0293381,-0.00362396,0.00283167,-0.00114405
0,-0.00115011,0.00258866,0.00977937,-0.0293381,-0.00362396,0.00261216,-0.00124805
0,-0.00115011,0.00258866,0.00977937,-0.0293381,-0.00362396,0.00282069,-0.00115395
0,-0.00115011,0.00258866,0.00977937,-0.0293381,-0.00362396,0.00282069,-0.001149
0,-0.00115011,0.00258866,0.00977937,-0.0293381,-0.00362396,0.00278777,-0.00116881
0,-0.00115011,0.00258866,0.00977937,-0.0293381,-0.00362396,0.00284264,-0.00114405
0,-0.00115011,0.00258866,0.00977937,-0.0293381,-0.00362396,0.00279874,-0.00116386
0,-0.00115011,0.00258866,0.00977937,-0.0293381,-0.00362396,0.00263411,-0.00123815
0,-0.00115011,0.00258866,0.00977937,-0.0293381,-0.00362396,0.00280972,-0.00115395
0,-0.00115011,0.00258866,0.00977937,-0.0293381,-0.00362396,0.00275484,-0.00116881
0,-0.00115011,0.00258866,0.00977937,-0.0293381,-0.00362396,0.00280972,-0.001149
0,-0.00115011,0.00258866,0.00977937,-0.0293381,-0.00362396,0.00279874,-0.00115395
0,-0.00115011,0.00258866,0.00977937,-0.0293381,-0.00362396,0.00260118,-0.00123815
0,-0.00115011,0.00258866,0.00977937,-0.0293381,-0.00362396,0.00275484,-0.00116881
0,-0.00115011,0.00258866,0.00977937,-0.0293381,-0.00362396,0.00263411,-0.00122329
0,-0.00115011,0.00258866,0.00977937,-0.0293381,-0.00362396,0.00277679,-0.0011391
0,-0.00115011,0.00258866,0.00977937,-0.0293381,-0.00362396,0.00260118,-0.00122824
0,-0.00115011,0.00258866,0.00977937,-0.0293381,-0.00362396,0.00260118,-0.00122329
0,-0.00115011,0.00258866,0.00977937,-0.0293381,-0.00362396,0.00257923,-0.00123815
0,-0.00115011,0.00258866,0.00977937,-0.0293381,-0.00362396,0.00278777,-0.00114405
0,-0.00115011,0.00258866,0.00977937,-0.0293381,-0.00362396,0.00280972,-0.00113414
0,-0.00115011,0.00258866,0.00977937,-0.0293381,-0.00362396,0.00276581,-0.00115395
0,-0.00115011,0.00258866,0.00977937,-0.0293381,-0.00362396,0.00257923,-0.00121834
0,-0.00115011,0.00249278,0.00977937,-0.0293381,-0.00362396,0.00277679,-0.0011391
0,-0.00115011,0.00249278,0.00977937,-0.0293381,-0.00362396,0.00275484,-0.001149
0,-0.00115011,0.00249278,0.00977937,-0.0293381,-0.00362396,0.00259021,-0.00121834
0,-0.00115011,0.00249278,0.00977937,-0.0293381,-0.00362396,0.00276581,-0.00113414
0,-0.00115011,0.00249278,0.00977937,-0.0293381,-0.00362396,0.00256826,-0.00120843
0,-0.00115011,0.00249278,0.00977937,-0.0293381,-0.00362396,0.00268899,-0.00115395
0,-0.00115011,0.00249278,0.00977937,-0.0293381,-0.00362396,0.00274386,-0.00113414
0,-0.00115011,0.00249278,0.00977937,-0.0293381,-0.00362396,0.00279874,-0.00110938
0,-0.00115011,0.00249278,0.00977937,-0.0293381,-0.00362396,0.00255728,-0.00120348
0,-0.00115011,0.00249278,0.00977937,-0.0293381,-0.00362396,0.00271094,-0.00113414
0,-0.00115011,0.00249278,0.00977937,-0.0293381,-0.00362396,0.00256826,-0.00119853
0,-0.00115011,0.00249278,0.00977937,-0.0293381,-0.00362396,0.00274386,-0.00110938
0,-0.00115011,0.00249278,0.00977937,-0.0293381,-0.00362396,0.00273289,-0.00111433
0,-0.00115011,0.00249278,0.00977937,-0.0293381,-0.00362396,0.00256826,-0.00117872
0,-0.00115011,0.00249278,0.00977937,-0.0293381,-0.00362396,0.00271094,-0.00111433
0,-0.00115011,0.00249278,0.00977937,-0.0293381,-0.00362396,0.00267801,-0.00111929
0,-0.00115011,0.00249278,0.00977937,-0.0293381,-0.00362396,0.00274386,-0.00108957
0,-0.00115011,0.00249278,0.00977937,-0.0293381,-0.00362396,0.00267801,-0.00110443
0,-0.00115011,0.00249278,0.00977937,-0.0293381,-0.00362396,0.00266703,-0.00111433
0,-0.00115011,0.00249278,0.00977937,-0.0293381,-0.00362396,0.00264508,-0.00110443
0,-0.00115011,0.00249278,0.00977937,-0.0293381,-0.00362396,0.00249143,-0.00116386
0,-0.00115011,0.00249278,0.00977937,-0.0293381,-0.00362396,0.00267801,-0.00107471
0,-0.00115011,0.00249278,0.00977937,-0.0293381,-0.00362396,0.00262313,-0.00108957
0,-0.00105427,0.00249278,0.00977937,-0.0293381,-0.00362396,0.00265606,-0.00106481
0,-0.00105427,0.00249278,0.00977937,-0.0293381,-0.00362396,0.00259021,-0.00107967
0,-0.00105427,0.00249278,0.00977937,-0.0293381,-0.00362396,0.00266703,-0.00104995
0,-0.00105427,0.00249278,0.00977937,-0.0293381,-0.00362396,0.00254631,-0.00109948
0,-0.00105427,0.00249278,0.00977937,-0.0293381,-0.00362396,0.00254631,-0.00103509
0,-0.00105427,0.00249278,0.00977937,-0.0293381,-0.00362396,0.0025024,-0.00103014
0,-0.00105427,0.0023969,0.00977937,-0.0293381,-0.00362396,0.00249143,-0.00104004
0,-0.00105427,0.0023969,0.00977937,-0.0293381,-0.00362396,0.00254631,-0.00101033
0,-0.00105427,0.0023969,0.00977937,-0.0293381,-0.00362396,0.00249143,-0.00103509
0,-0.00105427,0.0023969,0.00977937,-0.0293381,-0.00362396,0.00234875,-0.00110443
0,-0.00105427,0.0023969,0.00977937,-0.0293381,-0.00362396,0.00255728,-0.00101033
0,-0.00105427,0.0023969,0.00977937,-0.0293381,-0.00362396,0.00233777,-0.00109452
0,-0.00105427,0.0023969,0.00977937,-0.0293381,-0.00362396,0.00251338,-0.00103014
0,-0.00105427,0.0023969,0.00977937,-0.0293381,-0.00362396,0.00248045,-0.00103509
0,-0.00105427,0.0023969,0.00977937,-0.0293381,-0.00362396,0.00248045,-0.001045
0,-0.00105427,0.0023969,0.00977937,-0.0293381,-0.00362396,0.00246948,-0.00102519
0,-0.00105427,0.0023969,0.00977937,-0.0293381,-0.00362396,0.0025024,-0.00100042
0,-0.00105427,0.0023969,0.00977937,-0.0293381,-0.00362396,0.00249143,-0.00100538
0,-0.00105427,0.0023969,0.00977937,-0.0293381,-0.00362396,0.00231582,-0.00107967
0,-0.00105427,0.00230103,0.00977937,-0.0293381,-0.00362396,0.00230485,-0.00107471
0,-0.00105427,0.00230103,0.00977937,-0.0293381,-0.00362396,0.00230485,-0.00107471
0,-0.00105427,0.00230103,0.00977937,-0.0293381,-0.00362396,0.00244753,-0.00100042
0,-0.00105427,0.00230103,0.00977937,-0.0293381,-0.00362396,0.00227192,-0.00106976
0,-0.00105427,0.00230103,0.00977937,-0.0293381,-0.00362396,0.00238167,-0.00101033
0,-0.00105427,0.00230103,0.00977937,-0.0293381,-0.00362396,0.00223899,-0.00106481
0,-0.00105427,0.00230103,0.00977937,-0.0293381,-0.00362396,0.00223899,-0.0010549
0,-0.00105427,0.00230103,0.00977937,-0.0293381,-0.00362396,0.00238167,-0.000975661
0,-0.00105427,0.00220515,0.00977937,-0.0293381,-0.00362396,0.00242557,-0.000960803
0,-0.00105427,0.00220515,0.00977937,-0.0293381,-0.00362396,0.00234875,-0.000980614
0,-0.00105427,0.00220515,0.00977937,-0.0293381,-0.00362396,0.00238167,-0.000950898
0,-0.00105427,0.00220515,0.00977937,-0.0293381,-0.00362396,0.00238167,-0.000926135
0,-0.00105427,0.00220515,0.00977937,-0.0293381,-0.00362396,0.00231582,-0.000950898
0,-0.00105427,0.00220515,0.00977937,-0.0293381,-0.00362396,0.00226094,-0.000940993
0,-0.00105427,0.00220515,0.00977937,-0.0293381,-0.00362396,0.00230485,-0.000911278
0,-0.00105427,0.00220515,0.00977937,-0.0293381,-0.00362396,0.00223899,-0.000950898
0,-0.00105427,0.00210928,0.00977937,-0.0293381,-0.00362396,0.00221704,-0.000906325
0,-0.00105427,0.00210928,0.00977937,-0.0293381,-0.00362396,0.00206338,-0.00100042
0,-0.00105427,0.00210928,0.00977937,-0.0293381,-0.00362396,0.00217314,-0.000906325
0,-0.00105427,0.00210928,0.00977937,-0.0293381,-0.00362396,0.00206338,-0.000965756
0,-0.00105427,0.00210928,0.00977937,-0.0293381,-0.00362396,0.00211826,-0.000886515
0,-0.00105427,0.00210928,0.00977937,-0.0293381,-0.00362396,0.00218412,-0.000832036
0,-0.00105427,0.00210928,0.00977937,-0.0293381,-0.00362396,0.00197558,-0.000891467
0,-0.00105427,0.00210928,0.00977937,-0.0293381,-0.00362396,0.00186583,-0.00089642
0,-0.00105427,0.0020134,0.00977937,-0.0293381,-0.00362396,0.00198656,-0.000822131
0,-0.00105427,0.0020134,0.00977937,-0.0293381,-0.00362396,0.00196461,-0.000827083
0,-0.000958427,0.0020134,0.00977937,-0.0293381,-0.00362396,0.00196461,-0.000817178
0,-0.000958427,0.0020134,0.00977937,-0.0293381,-0.00362396,0.001789,-0.000861752
0,-0.000958427,0.0020134,0.00977937,-0.0293381,-0.00362396,0.00194266,-0.00078251
0,-0.000958427,0.0020134,0.00977937,-0.0293381,-0.00362396,0.00181095,-0.000827083
0,-0.000958427,0.0020134,0.00977937,-0.0293381,-0.00362396,0.00190973,-0.000742889
0,-0.000958427,0.00191752,0.00977937,-0.0293381,-0.00362396,0.0017451,-0.000836989
0,-0.000958427,0.00191752,0.00977937,-0.0293381,-0.00362396,0.00185485,-0.000767652
0,-0.000958427,0.00191752,0.00977937,-0.0293381,-0.00362396,0.0018768,-0.0007627
0,-0.000958427,0.00191752,0.00977937,-0.0293381,-0.00362396,0.00172315,-0.000822131
0,-0.000958427,0.00191752,0.00977937,-0.0293381,-0.00362396,0.0018329,-0.000772605
0,-0.000958427,0.00191752,0.00977937,-0.0293381,-0.00362396,0.00184388,-0.000752794
0,-0.000958427,0.00191752,0.00977937,-0.0293381,-0.00362396,0.00167924,-0.000822131
0,-0.000958427,0.00182165,0.00977937,-0.0293381,-0.00362396,0.00166827,-0.000812226
0,-0.000958427,0.00182165,0.00977937,-0.0293381,-0.00362396,0.0018329,-0.000728032
0,-0.000958427,0.00182165,0.00977937,-0.0293381,-0.00362396,0.00165729,-0.000807273
0,-0.000958427,0.00172577,0.00977937,-0.0293381,-0.00362396,0.00163534,-0.000797368
0,-0.000958427,0.00172577,0.00977937,-0.0293381,-0.00362396,0.00163534,-0.000797368
0,-0.000958427,0.00172577,0.00977937,-0.0293381,-0.00362396,0.00162437,-0.000787463
0,-0.000958427,0.00172577,0.00977937,-0.0293381,-0.00362396,0.00181095,-0.000732984
0,-0.000958427,0.00172577,0.00977937,-0.0293381,-0.00362396,0.00181095,-0.000713174
0,-0.000958427,0.00172577,0.00977937,-0.0293381,-0.00362396,0.00182193,-0.000698316
0,-0.000958427,0.00172577,0.00977937,-0.0293381,-0.00362396,0.00163534,-0.000787463
0,-0.000958427,0.00172577,0.00977937,-0.0293381,-0.00362396,0.00175607,-0.000708221
0,-0.000862584,0.00172577,0.00977937,-0.0293381,-0.00362396,0.00164632,-0.000797368
0,-0.000862584,0.00162989,0.00977937,-0.0293381,-0.00362396,0.0017012,-0.000718126
0,-0.000862584,0.00162989,0.00977937,-0.0293381,-0.00362396,0.00175607,-0.000693363
0,-0.000862584,0.00162989,0.00977937,-0.0293381,-0.00362396,0.00171217,-0.000708221
0,-0.000862584,0.00162989,0.00977937,-0.0293381,-0.00362396,0.00179997,-0.000693363
0,-0.000862584,0.00153402,0.00977937,-0.0293381,-0.00362396,0.00171217,-0.000728032
0,-0.000862584,0.00153402,0.00977937,-0.0293381,-0.00362396,0.0017451,-0.000688411
0,-0.000862584,0.00153402,0.00977937,-0.0293381,-0.00362396,0.0017451,-0.000723079
0,-0.000862584,0.00153402,0.00977937,-0.0293381,-0.00362396,0.00171217,-0.000678506
0,-0.000862584,0.00153402,0.00977937,-0.0293381,-0.00362396,0.00159144,-0.000767652
0,-0.000766741,0.00153402,0.00977937,-0.0293381,-0.00362396,0.00164632,-0.000673553
0,0.00316281,0.00143814,0.00977937,-0.0293381,-0.00362396,-0.00586089,0.00273383
0,0.00316281,0.00134227,0.00977937,-0.0293381,-0.00362396,-0.00582796,0.00272888
0,0.00316281,0.00134227,0.00977937,-0.0293381,-0.00362396,-0.00586089,0.00270907
0,0.00316281,0.00134227,0.00977937,-0.0293381,-0.00362396,-0.00587187,0.00270412
0,0.00316281,0.00134227,0.00977937,-0.0293381,-0.00362396,-0.00582796,0.00271897
0,0.00316281,0.00134227,0.00977937,-0.0293381,-0.00362396,-0.00600357,0.00262983
0,0.00316281,0.00134227,0.00977937,-0.0293381,-0.00362396,-0.00580601,0.00271897
0,0.00316281,0.00134227,0.00977937,-0.0293381,-0.00362396,-0.00580601,0.00270907
0,0.00316281,0.00134227,0.00977937,-0.0293381,-0.00362396,-0.00597065,0.00261992
0,0.00316281,0.00134227,0.00977937,-0.0293381,-0.00362396,-0.00582796,0.0026744
0,0.00316281,0.00134227,0.00977937,-0.0293381,-0.00362396,-0.00593772,0.00261002
0,0.00316281,0.00134227,0.00977937,-0.0293381,-0.00362396,-0.00571821,0.00270412
0,0.00306697,0.00124639,0.00977937,-0.0293381,-0.00362396,-0.00587187,0.00259021
0,0.00306697,0.00124639,0.00977937,-0.0293381,-0.00362396,-0.00587187,0.00256049
0,0.00306697,0.00124639,0.00977937,-0.0293381,-0.00362396,-0.00581699,0.00255554
0,0.00306697,0.00124639,0.00977937,-0.0293381,-0.00362396,-0.00564138,0.00261992
0,0.00306697,0.00124639,0.00977937,-0.0293381,-0.00362396,-0.00560846,0.00259021
0,0.00306697,0.00115051,0.00977937,-0.0293381,-0.00362396,-0.00553163,0.00258525
0,0.00306697,0.00115051,0.00977937,-0.0293381,-0.00362396,-0.00557553,0.00255059
0,0.00306697,0.00115051,0.00977937,-0.0293381,-0.00362396,-0.00555358,0.0025704
0,0.00306697,0.00105464,0.00977937,-0.0293381,-0.00362396,-0.00567431,0.0024862
0,0.00306697,0.00105464,0.00977937,-0.0293381,-0.00362396,-0.0042475,0.00185227
0,0.00306697,0.000958761,0.00977937,-0.0293381,-0.00362396,-0.00412677,0.0019018
0,0.00306697,0.000862885,0.00977937,-0.0293381,-0.00362396,-0.00408287,0.00192161
0,0.00306697,0.000862885,0.00977937,-0.0293381,-0.00362396,-0.00403897,0.00193646
0,0.00306697,0.000767009,0.00977937,-0.0293381,-0.00362396,-0.0042475,0.00184237
0,0.00306697,0.000767009,0.00977937,-0.0293381,-0.00362396,-0.00411579,0.0019018
0,0.00306697,0.000767009,0.00977937,-0.0293381,-0.00362396,-0.00428043,0.00183246
0,0.00306697,0.000767009,0.00977937,-0.0293381,-0.00362396,-0.00390726,0.00172846
0,0.00306697,0.000767009,0.00977937,-0.0293381,-0.00362396,-0.00397311,0.00170865
0,0.00306697,0.000767009,0.00977937,-0.0293381,-0.00362396,-0.00378653,0.00179779
0,0.00306697,0.000767009,0.00977937,-0.0293381,-0.00362396,-0.00378653,0.00179779
0,0.00297112,0.000767009,0.00977937,-0.0293381,-0.00362396,-0.00395116,0.00171855
0,0.00297112,0.000671133,0.00977937,-0.0293381,-0.00362396,-0.00378653,0.00179284
0,0.00297112,0.000671133,0.00977937,-0.0293381,-0.00362396,-0.0037097,0.00182751
0,0.00297112,0.000671133,0.00977937,-0.0293381,-0.00362396,-0.00377556,0.00179779
0,0.00297112,0.000671133,0.00977937,-0.0293381,-0.00362396,-0.0037536,0.00180274
0,0.00297112,0.000575257,0.00977937,-0.0293381,-0.00362396,-0.0037536,0.0018077
0,0.00297112,0.000575257,0.00977937,-0.0293381,-0.00362396,-0.00376458,0.00180274
0,0.00297112,0.000575257,0.00977937,-0.0293381,-0.00362396,-0.00392921,0.00172846
0,0.00297112,0.000575257,0.00977937,-0.0293381,-0.00362396,-0.00373165,0.0018176
0,0.00297112,0.000575257,0.00977937,-0.0293381,-0.00362396,-0.0037536,0.00180274
0,0.00297112,0.000575257,0.00977937,-0.0293381,-0.00362396,-0.00372068,0.0018176
0,0.00287528,0.000575257,0.00977937,-0.0293381,-0.00362396,-0.00374263,0.0018077
0,0.00287528,0.000575257,0.00977937,-0.0293381,-0.00362396,-0.00374263,0.00180274
0,0.00287528,0.000575257,0.00977937,-0.0293381,-0.00362396,-0.00379751,0.00177303
0,0.00287528,0.000575257,0.00977937,-0.0293381,-0.00362396,-0.00389629,0.0017235
0,0.00287528,0.000575257,0.00977937,-0.0293381,-0.00362396,-0.0037536,0.00178789
0,0.00287528,0.000575257,0.00977937,-0.0293381,-0.00362396,-0.00389629,0.00170369
0,0.00277944,0.000575257,0.00977937,-0.0293381,-0.00362396,-0.00372068,0.00177798
0,-0.00115011,0.000383505,0.00977937,-0.0293381,-0.00362396,-0.00373165,0.00175322
0,-0.00115011,0.000383505,0.00977937,-0.0293381,-0.00362396,-0.00386336,0.00168388
0,-0.00115011,0.000383505,0.00977937,-0.0293381,-0.00362396,-0.00356702,0.00168388
0,-0.00115011,0.000383505,0.00977937,-0.0293381,-0.00362396,-0.00136096,0.000554691
0,-0.00115011,0.000383505,0.00977937,-0.0293381,-0.00362396,-0.00114145,0.000653743
0,-0.00115011,0.000383505,0.00977937,-0.0293381,-0.00362396,-0.0011634,0.000638885
0,-0.00115011,0.000383505,0.00977937,-0.0293381,-0.00362396,-0.00136096,0.000549738
0,-0.00115011,0.000383505,0.00977937,-0.0293381,-0.00362396,-0.00117437,0.000638885
0,-0.00115011,0.000383505,0.00977937,-0.0293381,-0.00362396,-0.00134998,0.000554691
0,-0.00115011,0.000383505,0.00977937,-0.0293381,-0.00362396,-0.00115242,0.00064879
0,-0.00115011,0.000383505,0.00977937,-0.0293381,-0.00362396,-0.00133901,0.000554691
0,-0.00115011,0.000383505,0.00977937,-0.0293381,-0.00362396,-0.00136096,0.000544785
0,-0.00115011,0.000383505,0.00977937,-0.0293381,-0.00362396,-0.00113047,0.00064879
0,-0.00115011,0.000383505,0.00977937,-0.0293381,-0.00362396,-0.00117437,0.00062898
0,-0.00115011,0.000383505,0.00977937,-0.0293381,-0.00362396,-0.0012073,0.000614122
0,-0.00115011,0.000383505,0.00977937,-0.0293381,-0.00362396,-0.00117437,0.00062898
0,-0.00115011,0.000383505,0.00977937,-0.0293381,-0.00362396,-0.00117437,0.000624027
0,-0.00115011,0.000383505,0.00977937,-0.0293381,-0.00362396,-0.00115242,0.00062898
0,-0.00115011,0.000383505,0.00977937,-0.0293381,-0.00362396,-0.00119632,0.000614122
0,-0.00115011,0.000383505,0.00977937,-0.0293381,-0.00362396,-0.00113047,0.000643837
0,-0.00115011,0.000383505,0.00977937,-0.0293381,-0.00362396,-0.00109755,0.000653743
0,-0.00115011,0.000383505,0.00977937,-0.0293381,-0.00362396,-0.00113047,0.000633932
0,-0.00115011,0.000383505,0.00977937,-0.0293381,-0.00362396,-0.00131705,0.000554691
0,-0.00115011,0.000383505,0.00977937,-0.0293381,-0.00362396,-0.0012951,0.000554691
0,-0.00115011,0.000383505,0.00977937,-0.0293381,-0.00362396,-0.00114145,0.00062898
0,-0.00115011,0.000383505,0.00977937,-0.0293381,-0.00362396,-0.00119632,0.000594311
0,-0.00115011,0.000383505,0.00977937,-0.0293381,-0.00362396,-0.00130608,0.000529928
0,-0.00115011,0.000383505,0.00977937,-0.0293381,-0.00362396,-0.00114145,0.000599264
0,-0.00115011,0.000383505,0.00977937,-0.0293381,-0.00362396,-0.0011195,0.000604217
0,-0.00115011,0.000383505,0.00977937,-0.0293381,-0.00362396,-0.00104267,0.00062898
0,-0.00115011,0.000383505,0.00977937,-0.0293381,-0.00362396,-0.0011195,0.000594311
0,-0.00115011,0.000383505,0.00977937,-0.0293381,-0.00362396,-0.0012512,0.00051507
0,-0.00115011,0.000383505,0.00977937,-0.0293381,-0.00362396,-0.00108657,0.000584406
0,-0.00115011,0.000383505,0.00977937,-0.0293381,-0.00362396,-0.00109755,0.000574501
0,-0.00115011,0.000383505,0.00977937,-0.0293381,-0.00362396,-0.0012512,0.000510117
0,-0.00115011,0.000383505,0.00977937,-0.0293381,-0.00362396,-0.00103169,0.000589359
0,-0.00115011,0.000383505,0.00977937,-0.0293381,-0.00362396,-0.00100974,0.000584406
0,-0.00115011,0.000383505,0.00977937,-0.0293381,-0.00362396,-0.000889012,0.000520022
0,-0.00115011,0.000383505,0.00977937,-0.0293381,-0.00362396,-0.000867061,0.00053488
0,-0.00115011,0.000383505,0.00977937,-0.0293381,-0.00362396,-0.000899987,0.000520022
0,-0.00115011,0.000383505,0.00977937,-0.0293381,-0.00362396,-0.000921938,0.000510117
0,-0.00115011,0.000383505,0.00977937,-0.0293381,-0.00362396,-0.000867061,0.000520022
0,-0.00115011,0.000383505,0.00977937,-0.0293381,-0.00362396,-0.000856085,0.000520022
0,-0.00115011,0.000383505,0.00977937,-0.0293381,-0.00362396,-0.000867061,0.00051507
0,-0.00115011,0.000383505,0.00977937,-0.0293381,-0.00362396,-0.000867061,0.00051507
0,-0.00115011,0.000383505,0.00977937,-0.0293381,-0.00362396,-0.000856085,0.000520022
0,-0.00115011,0.000383505,0.00977937,-0.0293381,-0.00362396,-0.000867061,0.00051507
0,-0.00115011,0.000383505,0.00977937,-0.0293381,-0.00362396,-0.000878036,0.00051507
0,-0.00115011,0.000383505,0.00977937,-0.0293381,-0.00362396,-0.000867061,0.000520022
0,-0.00115011,0.000383505,0.00977937,-0.0293381,-0.00362396,-0.000878036,0.000510117
0,-0.00115011,0.000383505,0.00977937,-0.0293381,-0.00362396,-0.000921938,0.00049526
0,-0.00115011,0.000383505,0.00977937,-0.0293381,-0.00362396,-0.000899987,0.000505165
0,-0.00115011,0.000383505,0.00977937,-0.0293381,-0.00362396,-0.000899987,0.000505165
0,-0.00115011,0.000383505,0.00977937,-0.0293381,-0.00362396,-0.000889012,0.000500212
0,-0.00115011,0.000383505,0.00977937,-0.0293381,-0.00362396,-0.00103169,0.000435828
0,-0.00115011,0.000383505,0.00977937,-0.0293381,-0.00362396,-0.00105364,0.000425923
0,-0.00115011,0.000383505,0.00977937,-0.0293381,-0.00362396,-0.000910963,0.00049526
0,-0.00115011,0.000383505,0.00977937,-0.0293381,-0.00362396,-0.000856085,0.000505165
0,-0.00115011,0.000383505,0.00977937,-0.0293381,-0.00362396,-0.00104267,0.000425923
0,-0.00115011,0.000383505,0.00977937,-0.0293381,-0.00362396,-0.000878036,0.000500212
0,-0.00115011,0.000383505,0.00977937,-0.0293381,-0.00362396,-0.000954864,0.000445734
0,-0.00115011,0.000383505,0.00977937,-0.0293381,-0.00362396,-0.00100974,0.000416018
0,-0.00115011,0.000383505,0.00977937,-0.0293381,-0.00362396,-0.000878036,0.000475449
0,-0.00105427,0.000383505,0.00977937,-0.0293381,-0.00362396,-0.000856085,0.000485354
0,-0.00105427,0.000383505,0.00977937,-0.0293381,-0.00362396,-0.000889012,0.000475449
0,-0.00105427,0.000383505,0.00977937,-0.0293381,-0.00362396,-0.000812183,0.000505165
0,-0.00105427,0.000383505,0.00977937,-0.0293381,-0.00362396,-0.00084511,0.000485354
0,-0.00105427,0.000383505,0.00977937,-0.0293381,-0.00362396,-0.000834134,0.000485354
0,-0.00105427,0.000383505,0.00977937,-0.0293381,-0.00362396,-0.000812183,0.000490307
0,-0.00105427,0.000383505,0.00977937,-0.0293381,-0.00362396,-0.000987791,0.00040116
0,-0.00105427,0.000383505,0.00977937,-0.0293381,-0.00362396,-0.000834134,0.000470497
0,-0.00105427,0.000383505,0.00977937,-0.0293381,-0.00362396,-0.000801208,0.000480402
0,-0.00105427,0.000383505,0.00977937,-0.0293381,-0.00362396,-0.000976815,0.000396208
0,-0.00105427,0.000383505,0.00977937,-0.0293381,-0.00362396,-0.000976815,0.000391255
0,-0.00105427,0.000383505,0.00977937,-0.0293381,-0.00362396,-0.000976815,0.000391255
0,-0.00105427,0.000383505,0.00977937,-0.0293381,-0.00362396,-0.000801208,0.000470497
0,-0.00105427,0.000383505,0.00977937,-0.0293381,-0.00362396,-0.000801208,0.000475449
0,-0.00105427,0.000383505,0.00977937,-0.0293381,-0.00362396,-0.000790233,0.000470497
0,-0.00105427,0.000383505,0.00977937,-0.0293381,-0.00362396,-0.000713404,0.000505165
0,-0.00105427,0.000383505,0.00977937,-0.0293381,-0.00362396,-0.000932913,0.000396208
0,-0.00105427,0.000383505,0.00977937,-0.0293381,-0.00362396,-0.000768282,0.000470497
0,-0.00105427,0.000383505,0.00977937,-0.0293381,-0.00362396,-0.000790233,0.000455639
0,-0.00105427,0.000383505,0.00977937,-0.0293381,-0.00362396,-0.000757306,0.000455639
0,-0.00105427,0.000383505,0.00977937,-0.0293381,-0.00362396,-0.000768282,0.000445734
0,-0.00105427,0.000383505,0.00977937,-0.0293381,-0.00362396,-0.000921938,0.00038135
0,-0.00105427,0.000383505,0.00977937,-0.0293381,-0.00362396,-0.000910963,0.000376397
0,-0.00105427,0.000383505,0.00977937,-0.0293381,-0.00362396,-0.000713404,0.000460591
0,-0.00105427,0.000383505,0.00977937,-0.0293381,-0.00362396,-0.000713404,0.000460591
0,-0.00105427,0.000383505,0.00977937,-0.0293381,-0.00362396,-0.000702429,0.000465544
0,-0.00105427,0.000383505,0.00977937,-0.0293381,-0.00362396,-0.000746331,0.000430876
0,-0.00105427,0.000383505,0.00977937,-0.0293381,-0.00362396,-0.00072438,0.000440781
0,-0.00105427,0.000383505,0.00977937,-0.0293381,-0.00362396,-0.000702429,0.000445734
0,-0.00105427,0.000383505,0.00977937,-0.0293381,-0.00362396,-0.000735355,0.000420971
0,-0.00105427,0.000383505,0.00977937,-0.0293381,-0.00362396,-0.000878036,0.000351634
0,-0.00105427,0.000383505,0.00977937,-0.0293381,-0.00362396,-0.000878036,0.000356587
0,-0.00105427,0.000383505,0.00977937,-0.0293381,-0.00362396,-0.00072438,0.000416018
0,-0.00105427,0.000383505,0.00977937,-0.0293381,-0.00362396,-0.000856085,0.000336776
0,-0.00105427,0.000383505,0.00977937,-0.0293381,-0.00362396,-0.000680478,0.00040116
0,-0.00105427,0.000383505,0.00977937,-0.0293381,-0.00362396,-0.000625601,0.000411065
0,-0.00105427,0.000383505,0.00977937,-0.0293381,-0.00362396,-0.000537797,0.000430876
0,-0.00105427,0.000383505,0.00977937,-0.0293381,-0.00362396,-0.000504871,0.000371445
0,-0.00105427,0.000383505,0.00977937,-0.0293381,-0.00362396,0.00261216,-0.00108957
0,-0.00105427,0.000383505,0.00977937,-0.0293381,-0.00362396,0.00264508,-0.00107471
0,-0.00105427,0.000383505,0.00977937,-0.0293381,-0.00362396,0.00261216,-0.00107967
0,-0.00105427,0.000383505,0.00977937,-0.0293381,-0.00362396,0.00265606,-0.00105986
0,-0.00105427,0.000383505,0.00977937,-0.0293381,-0.00362396,0.00265606,-0.0010549
0,-0.00105427,0.000383505,0.00977937,-0.0293381,-0.00362396,0.00248045,-0.00114405
0,-0.00105427,0.000383505,0.00977937,-0.0293381,-0.00362396,0.00262313,-0.00107471
0,-0.00105427,0.000383505,0.00977937,-0.0293381,-0.00362396,0.00256826,-0.00109452
0,-0.000958427,0.000383505,0.00977937,-0.0293381,-0.00362396,0.0024585,-0.00115395
0,-0.000958427,0.000383505,0.00977937,-0.0293381,-0.00362396,0.00263411,-0.00106976
0,-0.000958427,0.000383505,0.00977937,-0.0293381,-0.00362396,0.00263411,-0.00107471
0,-0.000958427,0.000383505,0.00977937,-0.0293381,-0.00362396,0.00257923,-0.00109452
0,-0.000958427,0.000383505,0.00977937,-0.0293381,-0.00362396,0.0024585,-0.00114405
0,-0.000958427,0.000383505,0.00977937,-0.0293381,-0.00362396,0.00249143,-0.00114405
0,-0.000958427,0.000383505,0.00977937,-0.0293381,-0.00362396,0.00260118,-0.00108957
0,-0.000958427,0.000383505,0.00977937,-0.0293381,-0.00362396,0.00263411,-0.00107471
0,-0.000958427,0.000383505,0.00977937,-0.0293381,-0.00362396,0.00262313,-0.00107967
0,-0.000958427,0.000383505,0.00977937,-0.0293381,-0.00362396,0.00260118,-0.00107967
0,-0.000958427,0.000383505,0.00977937,-0.0293381,-0.00362396,0.00262313,-0.00107471
0,-0.000958427,0.000383505,0.00977937,-0.0293381,-0.00362396,0.00267801,-0.00105986
0,-0.000958427,0.000383505,0.00977937,-0.0293381,-0.00362396,0.00263411,-0.00105986
0,-0.000958427,0.000383505,0.00977937,-0.0293381,-0.00362396,0.00243655,-0.00115395
0,-0.000958427,0.000383505,0.00977937,-0.0293381,-0.00362396,0.00242557,-0.00115891
0,-0.000958427,0.000383505,0.00977937,-0.0293381,-0.00362396,0.00246948,-0.00114405
0,-0.000958427,0.000383505,0.00977937,-0.0293381,-0.00362396,0.00263411,-0.00106481
0,-0.000958427,0.000383505,0.00977937,-0.0293381,-0.00362396,0.00259021,-0.00108957
0,-0.000958427,0.000383505,0.00977937,-0.0293381,-0.00362396,0.00264508,-0.0010549
0,-0.000958427,0.000383505,0.00977937,-0.0293381,-0.00362396,0.00267801,-0.00104995
0,-0.000958427,0.000383505,0.00977937,-0.0293381,-0.00362396,0.00264508,-0.00105986
0,-0.000958427,0.000383505,0.00977937,-0.0293381,-0.00362396,0.00259021,-0.00108462
0,-0.000958427,0.000383505,0.00977937,-0.0293381,-0.00362396,0.00263411,-0.00106976
0,-0.000958427,0.000383505,0.00977937,-0.0293381,-0.00362396,0.00242557,-0.00114405
0,-0.000958427,0.000383505,0.00977937,-0.0293381,-0.00362396,0.00243655,-0.001149
0,-0.000958427,0.000383505,0.00977937,-0.0293381,-0.00362396,0.00264508,-0.00105986
0,-0.000862584,0.000383505,0.00977937,-0.0293381,-0.00362396,0.00260118,-0.00106976
0,-0.000862584,0.000383505,0.00977937,-0.0293381,-0.00362396,0.00266703,-0.001045
0,-0.000862584,0.000383505,0.00977937,-0.0293381,-0.00362396,0.00244753,-0.00114405
0,-0.000862584,0.000383505,0.00977937,-0.0293381,-0.00362396,0.00243655,-0.00115395
0,-0.000862584,0.000383505,0.00977937,-0.0293381,-0.00362396,0.00243655,-0.001149
0,-0.000862584,0.000383505,0.00977937,-0.0293381,-0.00362396,0.00260118,-0.00106976
0,-0.000862584,0.000383505,0.00977937,-0.0293381,-0.00362396,0.00257923,-0.00106976
0,-0.000862584,0.000383505,0.00977937,-0.0293381,-0.00362396,0.00254631,-0.00103509
0,-0.000862584,0.000383505,0.00977937,-0.0293381,-0.00362396,0.00251338,-0.00104995
0,-0.000862584,0.000383505,0.00977937,-0.0293381,-0.00362396,0.00253533,-0.0010549
0,0.00220438,0.000383505,0.00977937,-0.0293381,-0.00362396,0.00254631,-0.001045
0,0.00210854,0.000383505,0.00977937,-0.0293381,-0.00362396,0.00259021,-0.00103509
0,0.00210854,0.000383505,0.00977937,-0.0293381,-0.00362396,0.0024146,-0.00110938
0,0.00210854,0.000383505,0.00977937,-0.0293381,-0.00362396,0.0023707,-0.00112424
0,0.00210854,0.000383505,0.00977937,-0.0293381,-0.00362396,0.00252435,-0.00104995
0,0.00210854,0.000383505,0.00977937,-0.0293381,-0.00362396,0.00252435,-0.00101528
0,0.00210854,0.000383505,0.00977937,-0.0293381,-0.00362396,0.0025024,-0.00102519
0,0.00210854,0.000383505,0.00977937,-0.0293381,-0.00362396,0.00235972,-0.00109948
0,0.00210854,0.000383505,0.00977937,-0.0293381,-0.00362396,0.0025024,-0.00102519
0,0.00210854,0.000383505,0.00977937,-0.0293381,-0.00362396,0.00233777,-0.00111433
0,0.00210854,0.000383505,0.00977937,-0.0293381,-0.00362396,0.00252435,-0.00102519
0,0.00210854,0.000383505,0.00977937,-0.0293381,-0.00362396,0.00246948,-0.001045
0,0.00210854,0.000383505,0.00977937,-0.0293381,-0.00362396,0.00230485,-0.00111929
0,0.00210854,0.000383505,0.00977937,-0.0293381,-0.00362396,0.00231582,-0.00111929
0,0.00210854,0.000383505,0.00977937,-0.0293381,-0.00362396,0.0023268,-0.00111433
0,0.00210854,0.000383505,0.00977937,-0.0293381,-0.00362396,0.0023268,-0.00111433
0,0.00210854,0.000383505,0.00977937,-0.0293381,-0.00362396,0.0023268,-0.00110443
0,0.00210854,0.000383505,0.00977937,-0.0293381,-0.00362396,0.00234875,-0.00110938
0,0.00210854,0.000383505,0.00977937,-0.0293381,-0.00362396,0.00248045,-0.00104995
0,0.00210854,0.000383505,0.00977937,-0.0293381,-0.00362396,0.00248045,-0.001045
0,0.00210854,0.000383505,0.00977937,-0.0293381,-0.00362396,0.0023268,-0.00110938
0,0.00210854,0.000383505,0.00977937,-0.0293381,-0.00362396,0.0024585,-0.00101033
0,0.00210854,0.000383505,0.00977937,-0.0293381,-0.00362396,0.00229387,-0.00109948
0,0.00210854,0.000383505,0.00977937,-0.0293381,-0.00362396,0.00228289,-0.00108462
0,0.00210854,0.000383505,0.00977937,-0.0293381,-0.00362396,0.0024585,-0.00101528
0,0.00210854,0.000383505,0.00977937,-0.0293381,-0.00362396,0.00242557,-0.00103014
0,0.00210854,0.000383505,0.00977937,-0.0293381,-0.00362396,0.00229387,-0.00109452
0,0.0020127,0.000383505,0.00977937,-0.0293381,-0.00362396,0.00228289,-0.00109948
0,0.0020127,0.000383505,0.00977937,-0.0293381,-0.00362396,0.00229387,-0.00109452
0,0.0020127,0.000383505,0.00977937,-0.0293381,-0.00362396,0.00242557,-0.00102519
0,0.0020127,0.000383505,0.00977937,-0.0293381,-0.00362396,0.00229387,-0.00108957
0,0.0020127,0.000383505,0.00977937,-0.0293381,-0.00362396,0.00229387,-0.00109452
0,0.0020127,0.000383505,0.00977937,-0.0293381,-0.00362396,0.00229387,-0.00110443
0,0.0020127,0.000383505,0.00977937,-0.0293381,-0.00362396,0.00246948,-0.00102023
0,0.0020127,0.000383505,0.00977937,-0.0293381,-0.00362396,0.00230485,-0.00108462
0,0.0020127,0.000383505,0.00977937,-0.0293381,-0.00362396,0.00243655,-0.00102519
0,0.0020127,0.000383505,0.00977937,-0.0293381,-0.00362396,0.00230485,-0.00108462
0,0.0020127,0.000383505,0.00977937,-0.0293381,-0.00362396,0.0024146,-0.00102519
0,0.0020127,0.000383505,0.00977937,-0.0293381,-0.00362396,0.00242557,-0.00103014
0,0.0020127,0.000383505,0.00977937,-0.0293381,-0.00362396,0.00246948,-0.000995472
0,0.0020127,0.000383505,0.00977937,-0.0293381,-0.00362396,0.00226094,-0.00107471
0,0.0020127,0.000383505,0.00977937,-0.0293381,-0.00362396,0.00239265,-0.00101528
0,0.0020127,0.000383505,0.00977937,-0.0293381,-0.00362396,0.00239265,-0.00100042
0,0.0020127,0.000383505,0.00977937,-0.0293381,-0.00362396,0.00223899,-0.00107471
0,0.0020127,0.000383505,0.00977937,-0.0293381,-0.00362396,0.00240362,-0.000990519
0,0.0020127,0.000383505,0.00977937,-0.0293381,-0.00362396,0.00221704,-0.00106481
0,0.0020127,0.000383505,0.00977937,-0.0293381,-0.00362396,0.0023707,-0.000985566
0,0.0020127,0.000383505,0.00977937,-0.0293381,-0.00362396,0.00239265,-0.000970709
0,0.0020127,0.000383505,0.00977937,-0.0293381,-0.00362396,0.00220607,-0.00104995
0,0.0020127,0.000383505,0.00977937,-0.0293381,-0.00362396,0.00235972,-0.000960803
0,0.0020127,0.000383505,0.00977937,-0.0293381,-0.00362396,0.00231582,-0.000985566
0,0.0020127,0.000383505,0.00977937,-0.0293381,-0.00362396,0.00235972,-0.000945946
0,0.00191685,0.000383505,0.00977937,-0.0293381,-0.00362396,0.0023268,-0.000945946
0,0.00191685,0.000383505,0.00977937,-0.0293381,-0.00362396,0.00212924,-0.00102519
0,0.00191685,0.000383505,0.00977937,-0.0293381,-0.00362396,0.0023707,-0.000936041
0,0.00191685,0.000383505,0.00977937,-0.0293381,-0.00362396,0.00214021,-0.00101528
0,0.00191685,0.000383505,0.00977937,-0.0293381,-0.00362396,0.0023268,-0.000931088
0,0.00191685,0.000383505,0.00977937,-0.0293381,-0.00362396,0.00229387,-0.000926135
0,0.00191685,0.000383505,0.00977937,-0.0293381,-0.00362396,0.00226094,-0.000906325
0,0.00191685,0.000287628,0.00977937,-0.0293381,-0.00362396,0.00206338,-0.000995472
0,0.00191685,0.000287628,0.00977937,-0.0293381,-0.00362396,0.00224997,-0.000876609
0,0.00191685,0.000287628,0.00977937,-0.0293381,-0.00362396,0.00218412,-0.000901372
0,0.00191685,0.000287628,0.00977937,-0.0293381,-0.00362396,0.00214021,-0.000871657
0,0.00191685,0.000287628,0.00977937,-0.0293381,-0.00362396,0.00220607,-0.000841941
0,0.00191685,0.000287628,0.00977937,-0.0293381,-0.00362396,0.00193168,-0.000931088
0,0.00191685,0.000287628,0.00977937,-0.0293381,-0.00362396,0.00189875,-0.000911278
0,0.00191685,0.000287628,0.00977937,-0.0293381,-0.00362396,0.00190973,-0.000886515
0,0.00191685,0.000287628,0.00977937,-0.0293381,-0.00362396,0.00207436,-0.000792415
0,0.00182101,0.000287628,0.00977937,-0.0293381,-0.00362396,0.00203046,-0.000792415
0,0.00182101,0.000287628,0.00977937,-0.0293381,-0.00362396,0.00199753,-0.000817178
0,0.00182101,0.000287628,0.00977937,-0.0293381,-0.00362396,0.00200851,-0.000812226
0,0.00182101,0.000287628,0.00977937,-0.0293381,-0.00362396,0.00199753,-0.00078251
0,0.00182101,0.000287628,0.00977937,-0.0293381,-0.00362396,0.00197558,-0.000777557
0,0.00182101,0.000287628,0.00977937,-0.0293381,-0.00362396,0.00198656,-0.00080232
0,0.00182101,0.000287628,0.00977937,-0.0293381,-0.00362396,0.00189875,-0.000777557
0,0.00162933,0.000287628,0.00977937,-0.0293381,-0.00362396,0.00200851,-0.000772605
0,-0.000191685,0.000191752,0.00977937,-0.0293381,-0.00362396,0.00193168,-0.000757747
0,-0.000191685,0.000191752,0.00977937,-0.0293381,-0.00362396,0.00176705,-0.000836989
0,-0.000191685,0.000191752,0.00977937,-0.0293381,-0.00362396,0.00189875,-0.000772605
0,-0.000191685,0.000191752,0.00977937,-0.0293381,-0.00362396,0.00194266,-0.000737937
0,-0.000191685,0.000191752,0.00977937,-0.0293381,-0.00362396,0.0018329,-0.0007627
0,-0.000191685,0.000191752,0.00977937,-0.0293381,-0.00362396,0.00184388,-0.000747842
0,-0.000191685,0.000191752,0.00977937,-0.0293381,-0.00362396,0.0018329,-0.000752794
0,-0.000191685,0.000191752,0.00977937,-0.0293381,-0.00362396,0.00185485,-0.000742889
0,-0.000191685,0.000191752,0.00977937,-0.0293381,-0.00362396,0.00185485,-0.000737937
0,-0.000191685,0.000191752,0.00977937,-0.0293381,-0.00362396,0.00177802,-0.000747842
0,-0.000191685,0.000191752,0.00977937,-0.0293381,-0.00362396,0.0018329,-0.000713174
0,-0.000191685,0.000191752,0.00977937,-0.0293381,-0.00362396,0.0018329,-0.000713174
0,-0.000191685,0.000191752,0.00977937,-0.0293381,-0.00362396,0.00185485,-0.000698316
0,-0.000191685,0.000191752,0.00977937,-0.0293381,-0.00362396,0.00179997,-0.000718126
0,-0.000191685,0.000191752,0.00977937,-0.0293381,-0.00362396,0.00185485,-0.000683458
0,-0.000191685,0.000191752,0.00977937,-0.0293381,-0.00362396,0.00166827,-0.000767652
0,-0.000191685,0.000191752,0.00977937,-0.0293381,-0.00362396,0.00160242,-0.000797368
0,-0.000191685,0.000191752,0.00977937,-0.0293381,-0.00362396,0.00175607,-0.000718126
0,-0.000191685,0.000191752,0.00977937,-0.0293381,-0.00362396,0.00177802,-0.000703269
0,-0.000191685,0.000191752,0.00977937,-0.0293381,-0.00362396,0.00161339,-0.000787463
0,-0.000191685,0.000191752,0.00977937,-0.0293381,-0.00362396,0.00176705,-0.000688411
0,-0.000191685,0.000191752,0.00977937,-0.0293381,-0.00362396,0.0017451,-0.0006686
0,-0.000191685,0.000191752,0.00977937,-0.0293381,-0.00362396,0.0017451,-0.000673553
0,-0.000191685,0.000191752,0.00977937,-0.0293381,-0.00362396,0.00169022,-0.000663648
0,-0.000191685,0.000191752,0.00977937,-0.0293381,-0.00362396,0.00165729,-0.000673553
0,-0.000191685,0.000191752,0.00977937,-0.0293381,-0.00362396,0.00167924,-0.0006686
0,-0.000191685,0.000191752,0.00977937,-0.0293381,-0.00362396,-0.00539992,0.00253078
0,-0.000191685,0.000191752,0.00977937,-0.0293381,-0.00362396,-0.00555358,0.00246639
0,-0.000191685,0.000191752,0.00977937,-0.0293381,-0.00362396,-0.00535602,0.00255059
0,-0.000191685,0.000191752,0.00977937,-0.0293381,-0.00362396,-0.00542187,0.00251592
0,-0.000191685,0.000191752,0.00977937,-0.0293381,-0.00362396,-0.00538895,0.00252087
0,-0.000191685,0.000191752,0.00977937,-0.0293381,-0.00362396,-0.00534505,0.00253573
0,-0.000191685,0.000191752,0.00977937,-0.0293381,-0.00362396,-0.00534505,0.00251592
0,-0.000191685,0.000191752,0.00977937,-0.0293381,-0.00362396,-0.00534505,0.0024763
0,-0.000191685,0.000191752,0.00977937,-0.0293381,-0.00362396,-0.00514749,0.00241191
0,-0.000191685,0.000191752,0.00977937,-0.0293381,-0.00362396,-0.00512554,0.00242182
0,-0.000191685,0.000191752,0.00977937,-0.0293381,-0.00362396,-0.00455481,0.0020058
0,-0.000191685,0.000191752,0.00977937,-0.0293381,-0.00362396,-0.00440116,0.00207514
0,-0.000191685,0.000191752,0.00977937,-0.0293381,-0.00362396,-0.00436823,0.00209
0,-0.000191685,0.000191752,0.00977937,-0.0293381,-0.00362396,-0.00436823,0.00208504
0,-0.000191685,0.000191752,0.00977937,-0.0293381,-0.00362396,-0.00440116,0.00207514
0,-0.000191685,0.000191752,0.00977937,-0.0293381,-0.00362396,-0.00440116,0.00208009
0,-0.000191685,0.000191752,0.00977937,-0.0293381,-0.00362396,-0.00441213,0.00207514
0,-0.000191685,0.000191752,0.00977937,-0.0293381,-0.00362396,-0.00436823,0.00209495
0,-0.000191685,0.000191752,0.00977937,-0.0293381,-0.00362396,-0.00436823,0.00208504
0,-0.000191685,0.000191752,0.00977937,-0.0293381,-0.00362396,-0.00442311,0.00206523
0,-0.000191685,0.000191752,0.00977937,-0.0293381,-0.00362396,-0.00436823,0.00208504
0,-0.000191685,0.000191752,0.00977937,-0.0293381,-0.00362396,-0.00439018,0.00207018
0,-0.000191685,0.000191752,0.00977937,-0.0293381,-0.00362396,-0.00437921,0.00207514
0,-0.000191685,0.000191752,0.00977937,-0.0293381,-0.00362396,-0.00443408,0.00204542
0,-0.000191685,0.000191752,0.00977937,-0.0293381,-0.00362396,-0.00435725,0.00207018
0,-0.000191685,0.000191752,0.00977937,-0.0293381,-0.00362396,-0.00453286,0.00198104
0,-0.000191685,0.000191752,0.00977937,-0.0293381,-0.00362396,-0.00452189,0.00197609
0,-0.000191685,0.000191752,0.00977937,-0.0293381,-0.00362396,-0.00425848,0.00208009
0,-0.000191685,0.000191752,0.00977937,-0.0293381,-0.00362396,-0.0042475,0.00206028
0,-0.000191685,0.000191752,0.00977937,-0.0293381,-0.00362396,-0.00421457,0.00204542
0,-0.000191685,0.000191752,0.00977937,-0.0293381,-0.00362396,-0.00418165,0.00202561
0,-0.000191685,0.000191752,0.00977937,-0.0293381,-0.00362396,-0.00414872,0.00199094
0,-0.000191685,0.000191752,0.00977937,-0.0293381,-0.00362396,-0.00425848,0.00188694
0,-0.000191685,0.000191752,0.00977937,-0.0293381,-0.00362396,-0.00423652,0.00185722
0,-0.000191685,0.000191752,0.00977937,-0.0293381,-0.00362396,-0.00406092,0.00192161
0,-0.000191685,0.000191752,0.00977937,-0.0293381,-0.00362396,-0.00368775,0.00177303
0,-0.000191685,0.000191752,0.00977937,-0.0293381,-0.00362396,-0.0036658,0.00178789
0,-0.000287528,0.000191752,0.00977937,-0.0293381,-0.00362396,-0.00372068,0.00176312
0,-0.000287528,9.58761e-05,0.00977937,-0.0293381,-0.00362396,-0.00374263,0.00174827
0,-0.000287528,9.58761e-05,0.00977937,-0.0293381,-0.00362396,-0.00365483,0.00179284
0,-0.000287528,9.58761e-05,0.00977937,-0.0293381,-0.00362396,-0.00372068,0.00176808
0,-0.000287528,9.58761e-05,0.00977937,-0.0293381,-0.00362396,-0.00385238,0.00170865
0,-0.000287528,9.58761e-05,0.00977937,-0.0293381,-0.00362396,-0.0037536,0.00174827
0,-0.000287528,9.58761e-05,0.00977937,-0.0293381,-0.00362396,-0.0037097,0.00176808
0,-0.000287528,9.58761e-05,0.00977937,-0.0293381,-0.00362396,-0.00385238,0.00170369
0,-0.000287528,9.58761e-05,0.00977937,-0.0293381,-0.00362396,-0.00386336,0.00169379
0,-0.000287528,9.58761e-05,0.00977937,-0.0293381,-0.00362396,-0.00386336,0.00169379
0,-0.000287528,9.58761e-05,0.00977937,-0.0293381,-0.00362396,-0.00364385,0.00179284
0,-0.000287528,9.58761e-05,0.00977937,-0.0293381,-0.00362396,-0.00369873,0.00176808
0,-0.000287528,9.58761e-05,0.00977937,-0.0293381,-0.00362396,-0.00367678,0.00177303
0,-0.000287528,9.58761e-05,0.00977937,-0.0293381,-0.00362396,-0.0036658,0.00176808
0,-0.000287528,9.58761e-05,0.00977937,-0.0293381,-0.00362396,-0.00369873,0.00174331
0,-0.000287528,9.58761e-05,0.00977937,-0.0293381,-0.00362396,-0.00365483,0.00172846
0,-0.000287528,9.58761e-05,0.00977937,-0.0293381,-0.00362396,-0.00130608,0.000554691
0,-0.000287528,9.58761e-05,0.00977937,-0.0293381,-0.00362396,-0.00130608,0.000559643
0,-0.000287528,9.58761e-05,0.00977937,-0.0293381,-0.00362396,-0.0011634,0.000624027
0,-0.000287528,9.58761e-05,0.00977937,-0.0293381,-0.00362396,-0.00113047,0.000633932
0,-0.000287528,9.58761e-05,0.00977937,-0.0293381,-0.00362396,-0.00114145,0.00062898
0,-0.000287528,9.58761e-05,0.00977937,-0.0293381,-0.00362396,-0.00133901,0.000544785
0,-0.000287528,9.58761e-05,0.00977937,-0.0293381,-0.00362396,-0.0011195,0.000638885
0,-0.000287528,9.58761e-05,0.00977937,-0.0293381,-0.00362396,-0.00131705,0.000549738
0,-0.000287528,9.58761e-05,0.00977937,-0.0293381,-0.00362396,-0.00117437,0.000619074
0,-0.000287528,9.58761e-05,0.00977937,-0.0293381,-0.00362396,-0.00130608,0.000554691
0,-0.000287528,9.58761e-05,0.00977937,-0.0293381,-0.00362396,-0.00130608,0.000554691
0,-0.000287528,9.58761e-05,0.00977937,-0.0293381,-0.00362396,-0.00117437,0.000614122
0,-0.000287528,9.58761e-05,0.00977937,-0.0293381,-0.00362396,-0.00108657,0.000653743
0,-0.000287528,9.58761e-05,0.00977937,-0.0293381,-0.00362396,-0.0011634,0.000614122
0,-0.000287528,9.58761e-05,0.00977937,-0.0293381,-0.00362396,-0.00115242,0.000619074
0,-0.000287528,9.58761e-05,0.00977937,-0.0293381,-0.00362396,-0.00117437,0.000614122
0,-0.000287528,9.58761e-05,0.00977937,-0.0293381,-0.00362396,-0.0011634,0.000614122
0,-0.000287528,9.58761e-05,0.00977937,-0.0293381,-0.00362396,-0.00110852,0.000638885
0,-0.000287528,9.58761e-05,0.00977937,-0.0293381,-0.00362396,-0.00109755,0.000638885
0,-0.000287528,9.58761e-05,0.00977937,-0.0293381,-0.00362396,-0.00109755,0.000633932
0,-0.000287528,9.58761e-05,0.00977937,-0.0293381,-0.00362396,-0.00108657,0.000638885
0,-0.000287528,9.58761e-05,0.00977937,-0.0293381,-0.00362396,-0.00127315,0.000554691
0,-0.000287528,9.58761e-05,0.00977937,-0.0293381,-0.00362396,-0.00110852,0.000614122
0,-0.000287528,9.58761e-05,0.00977937,-0.0293381,-0.00362396,-0.00105364,0.000638885
0,-0.000287528,9.58761e-05,0.00977937,-0.0293381,-0.00362396,-0.00126218,0.000549738
0,-0.000287528,9.58761e-05,0.00977937,-0.0293381,-0.00362396,-0.00106462,0.000633932
0,-0.000287528,9.58761e-05,0.00977937,-0.0293381,-0.00362396,-0.00127315,0.000544785
0,-0.000287528,9.58761e-05,0.00977937,-0.0293381,-0.00362396,-0.00102072,0.00064879
0,-0.000287528,9.58761e-05,0.00977937,-0.0293381,-0.00362396,-0.00107559,0.000624027
0,-0.000287528,9.58761e-05,0.00977937,-0.0293381,-0.00362396,-0.00106462,0.000624027
0,-0.000287528,9.58761e-05,0.00977937,-0.0293381,-0.00362396,-0.00107559,0.000619074
0,-0.000287528,9.58761e-05,0.00977937,-0.0293381,-0.00362396,-0.00110852,0.000594311
0,-0.000287528,9.58761e-05,0.00977937,-0.0293381,-0.00362396,-0.00122925,0.000524975
0,-0.000287528,0,0.00977937,-0.0293381,-0.00362396,-0.00105364,0.000594311
0,-0.000287528,0,0.00977937,-0.0293381,-0.00362396,-0.00121828,0.000510117
0,-0.000287528,0,0.00977937,-0.0293381,-0.00362396,-0.00104267,0.000594311
0,-0.000287528,0,0.00977937,-0.0293381,-0.00362396,-0.00103169,0.000594311
0,-0.000287528,0,0.00977937,-0.0293381,-0.00362396,-0.00106462,0.000564596
0,-0.000287528,0,0.00977937,-0.0293381,-0.00362396,-0.00121828,0.00049526
0,-0.000287528,0,0.00977937,-0.0293381,-0.00362396,-0.00100974,0.000574501
0,-0.000287528,0,0.00977937,-0.0293381,-0.00362396,-0.00105364,0.000554691
0,-0.000287528,0,0.00977937,-0.0293381,-0.00362396,-0.000998766,0.000569548
0,-0.000287528,0,0.00977937,-0.0293381,-0.00362396,-0.0011634,0.000480402
0,-0.000287528,0,0.00977937,-0.0293381,-0.00362396,-0.000987791,0.000559643
0,-0.000287528,0,0.00977937,-0.0293381,-0.00362396,-0.00115242,0.000485354
0,-0.000287528,0,0.00977937,-0.0293381,-0.00362396,-0.000998766,0.000549738
0,-0.000287528,0,0.00977937,-0.0293381,-0.00362396,-0.000998766,0.000544785
0,-0.000287528,0,0.00977937,-0.0293381,-0.00362396,-0.000921938,0.000574501
0,-0.000287528,0,0.00977937,-0.0293381,-0.00362396,-0.000954864,0.000549738
0,-0.000287528,0,0.00977937,-0.0293381,-0.00362396,-0.00114145,0.000470497
0,-0.000287528,0,0.00977937,-0.0293381,-0.00362396,-0.00096584,0.00053488
0,-0.000287528,0,0.00977937,-0.0293381,-0.00362396,-0.000987791,0.000524975
0,-0.000287528,0,0.00977937,-0.0293381,-0.00362396,-0.000954864,0.000544785
0,-0.000287528,0,0.00977937,-0.0293381,-0.00362396,-0.000921938,0.000544785
0,-0.000287528,0,0.00977937,-0.0293381,-0.00362396,-0.000921938,0.000544785
0,-0.000287528,0,0.00977937,-0.0293381,-0.00362396,-0.00113047,0.000450686
0,-0.000287528,0,0.00977937,-0.0293381,-0.00362396,-0.000954864,0.000510117
0,-0.000287528,0,0.00977937,-0.0293381,-0.00362396,-0.000976815,0.000505165
0,-0.000287528,0,0.00977937,-0.0293381,-0.00362396,-0.000943889,0.000505165
0,-0.000287528,0,0.00977937,-0.0293381,-0.00362396,-0.000889012,0.000529928
0,-0.000287528,0,0.00977937,-0.0293381,-0.00362396,-0.000899987,0.000524975
0,-0.000287528,0,0.00977937,-0.0293381,-0.00362396,-0.000889012,0.000529928
0,-0.000287528,0,0.00977937,-0.0293381,-0.00362396,-0.00109755,0.000435828
0,-0.000287528,0,0.00977937,-0.0293381,-0.00362396,-0.000889012,0.000520022
0,-0.000287528,0,0.00977937,-0.0293381,-0.00362396,-0.000899987,0.00051507
0,-0.000287528,0,0.00977937,-0.0293381,-0.00362396,-0.000954864,0.000485354
0,-0.000287528,0,0.00977937,-0.0293381,-0.00362396,-0.00107559,0.000435828
0,-0.000287528,0,0.00977937,-0.0293381,-0.00362396,-0.00100974,0.000445734
0,-0.000287528,0,0.00977937,-0.0293381,-0.00362396,-0.000899987,0.000500212
0,-0.000287528,0,0.00977937,-0.0293381,-0.00362396,-0.00107559,0.000420971
0,-0.000287528,0,0.00977937,-0.0293381,-0.00362396,-0.000899987,0.00049526
0,-0.000287528,0,0.00977937,-0.0293381,-0.00362396,-0.000878036,0.000505165
0,-0.000287528,0,0.00977937,-0.0293381,-0.00362396,-0.000910963,0.000480402
0,-0.000287528,0,0.00977937,-0.0293381,-0.00362396,-0.000867061,0.000505165
0,-0.000287528,0,0.00977937,-0.0293381,-0.00362396,-0.00106462,0.000416018
0,-0.000287528,0,0.00977937,-0.0293381,-0.00362396,-0.00103169,0.00040116
0,-0.000287528,0,0.00977937,-0.0293381,-0.00362396,-0.00102072,0.000411065
0,-0.000287528,0,0.00977937,-0.0293381,-0.00362396,-0.00100974,0.000411065
0,-0.000287528,0,0.00977937,-0.0293381,-0.00362396,-0.00084511,0.000475449
0,-0.000287528,0,0.00977937,-0.0293381,-0.00362396,-0.000801208,0.000500212
0,-0.000287528,0,0.00977937,-0.0293381,-0.00362396,-0.000801208,0.00049526
0,-0.000287528,0,0.00977937,-0.0293381,-0.00362396,-0.000790233,0.000490307
0,-0.000287528,0,0.00977937,-0.0293381,-0.00362396,-0.000801208,0.000480402
0,-0.000287528,0,0.00977937,-0.0293381,-0.00362396,-0.00100974,0.000391255
0,-0.000287528,0,0.00977937,-0.0293381,-0.00362396,-0.000823159,0.000470497
0,-0.000287528,0,0.00977937,-0.0293381,-0.00362396,-0.000757306,0.00049526
0,-0.000287528,0,0.00977937,-0.0293381,-0.00362396,-0.000801208,0.000480402
0,-0.000287528,0,0.00977937,-0.0293381,-0.00362396,-0.000823159,0.000465544
0,-0.000287528,0,0.00977937,-0.0293381,-0.00362396,-0.000954864,0.000391255
0,-0.000287528,0,0.00977937,-0.0293381,-0.00362396,-0.000943889,0.000396208
0,-0.000287528,0,0.00977937,-0.0293381,-0.00362396,-0.000910963,0.000396208
0,-0.000287528,0,0.00977937,-0.0293381,-0.00362396,-0.00072438,0.000470497
0,-0.000287528,0,0.00977937,-0.0293381,-0.00362396,-0.000735355,0.000470497
0,-0.000287528,0,0.00977937,-0.0293381,-0.00362396,-0.000735355,0.000465544
0,-0.000287528,0,0.00977937,-0.0293381,-0.00362396,-0.00072438,0.000465544
0,-0.000287528,0,0.00977937,-0.0293381,-0.00362396,-0.000713404,0.000465544
0,-0.000287528,0,0.00977937,-0.0293381,-0.00362396,-0.000735355,0.000445734
0,-0.000287528,0,0.00977937,-0.0293381,-0.00362396,-0.000856085,0.00038135
0,-0.000287528,0,0.00977937,-0.0293381,-0.00362396,-0.000746331,0.000430876
0,-0.000287528,0,0.00977937,-0.0293381,-0.00362396,-0.000669503,0.000450686
0,-0.000287528,0,0.00977937,-0.0293381,-0.00362396,-0.000669503,0.000440781
0,-0.000287528,0,0.00977937,-0.0293381,-0.00362396,-0.00072438,0.000411065
0,-0.000287528,0,0.00977937,-0.0293381,-0.00362396,-0.000691454,0.000416018
0,-0.000287528,0,0.00977937,-0.0293381,-0.00362396,-0.000812183,0.000356587
0,-0.000287528,0,0.00977937,-0.0293381,-0.00362396,-0.000702429,0.000396208
0,-0.000287528,0,0.00977937,-0.0293381,-0.00362396,-0.000658527,0.000396208
0,-0.000287528,0,0.00977937,-0.0293381,-0.00362396,-0.000581699,0.000406113
0,-0.000287528,0,0.00977937,-0.0293381,-0.00362396,0.0030841,-0.00127777
0,-0.000287528,0,0.00977937,-0.0293381,-0.00362396,0.00293045,-0.00135206
0,-0.000287528,0,0.00977937,-0.0293381,-0.00362396,0.00309508,-0.00127282
0,-0.000287528,0,0.00977937,-0.0293381,-0.00362396,0.00307313,-0.00128767
0,-0.000287528,0,0.00977937,-0.0293381,-0.00362396,0.00293045,-0.00134711
0,-0.000287528,0,0.00977937,-0.0293381,-0.00362396,0.00310605,-0.00126786
0,-0.000287528,0,0.00977937,-0.0293381,-0.00362396,0.0030841,-0.00128272
0,-0.000287528,0,0.00977937,-0.0293381,-0.00362396,0.00293045,-0.00135206
0,-0.000287528,0,0.00977937,-0.0293381,-0.00362396,0.00310605,-0.00127282
0,-0.000287528,0,0.00977937,-0.0293381,-0.00362396,0.00309508,-0.00127282
0,-0.000287528,0,0.00977937,-0.0293381,-0.00362396,0.00314995,-0.00125301
0,-0.000287528,0,0.00977937,-0.0293381,-0.00362396,0.00309508,-0.00127282
0,-0.000287528,0,0.00977937,-0.0293381,-0.00362396,0.0030841,-0.00127777
0,-0.000287528,0,0.00977937,-0.0293381,-0.00362396,0.00294142,-0.00134215
0,-0.000287528,0,0.00977937,-0.0293381,-0.00362396,0.00294142,-0.00134711
0,-0.000287528,0,0.00977937,-0.0293381,-0.00362396,0.00309508,-0.00127282
0,-0.000287528,0,0.00977937,-0.0293381,-0.00362396,0.00310605,-0.00127282
0,-0.000287528,0,0.00977937,-0.0293381,-0.00362396,0.0030402,-0.00129758
0,-0.000287528,0,0.00977937,-0.0293381,-0.00362396,0.00309508,-0.00127777
0,-0.000287528,0,0.00977937,-0.0293381,-0.00362396,0.00311703,-0.00126786
0,-0.000287528,0,0.00977937,-0.0293381,-0.00362396,0.00309508,-0.00127282
0,-0.000287528,0,0.00977937,-0.0293381,-0.00362396,0.0030841,-0.00128272
0,-0.000287528,0,0.00977937,-0.0293381,-0.00362396,0.003128,-0.00126291
0,-0.000287528,0,0.00977937,-0.0293381,-0.00362396,0.0030841,-0.00127777
0,-0.000287528,0,0.00977937,-0.0293381,-0.00362396,0.0029085,-0.00135206
0,-0.000287528,0,0.00977937,-0.0293381,-0.00362396,0.0030841,-0.00127282
0,-0.000287528,0,0.00977937,-0.0293381,-0.00362396,0.003128,-0.00125796
0,-0.000287528,0,0.00977937,-0.0293381,-0.00362396,0.0029085,-0.00135206
0,-0.000287528,0,0.00977937,-0.0293381,-0.00362396,0.00306215,-0.00128272
0,-0.000287528,0,0.00977937,-0.0293381,-0.00362396,0.00310605,-0.00126786
0,-0.000287528,0,0.00977937,-0.0293381,-0.00362396,0.0030841,-0.00127777
0,-0.000287528,0,0.00977937,-0.0293381,-0.00362396,0.00293045,-0.00134215
0,-0.000287528,0,0.00977937,-0.0293381,-0.00362396,0.00306215,-0.00128272
0,-0.000287528,0,0.00977937,-0.0293381,-0.00362396,0.00309508,-0.00127282
0,-0.000287528,0,0.00977937,-0.0293381,-0.00362396,0.0030841,-0.00127282
0,-0.000287528,0,0.00977937,-0.0293381,-0.00362396,0.00291947,-0.0013372
0,-0.000287528,0,0.00977937,-0.0293381,-0.00362396,0.0030841,-0.00126786
0,-0.000287528,0,0.00977937,-0.0293381,-0.00362396,0.00307313,-0.00127282
0,-0.000287528,0,0.00977937,-0.0293381,-0.00362396,0.00306215,-0.00127282
0,-0.000287528,0,0.00977937,-0.0293381,-0.00362396,0.00309508,-0.00126291
0,-0.000287528,0,0.00977937,-0.0293381,-0.00362396,0.00301825,-0.00128767
0,-0.000287528,0,0.00977937,-0.0293381,-0.00362396,0.0030402,-0.00128272
0,-0.000287528,0,0.00977937,-0.0293381,-0.00362396,0.00288654,-0.00135206
0,-0.000287528,0,0.00977937,-0.0293381,-0.00362396,0.00302922,-0.00128272
0,-0.000287528,0,0.00977937,-0.0293381,-0.00362396,0.00310605,-0.00123815
0,-0.000287528,0,0.00977937,-0.0293381,-0.00362396,0.00300727,-0.00127777
0,-0.000287528,0,0.00977937,-0.0293381,-0.00362396,0.0030402,-0.00126291
0,-0.000287528,0,0.00977937,-0.0293381,-0.00362396,0.0030402,-0.00126291
0,-0.000287528,0,0.00977937,-0.0293381,-0.00362396,0.00306215,-0.00125796
0,-0.000287528,0,0.00977937,-0.0293381,-0.00362396,0.0029085,-0.0013273
0,-0.000287528,0,0.00977937,-0.0293381,-0.00362396,0.00288654,-0.0013372
0,-0.000287528,0,0.00977937,-0.0293381,-0.00362396,0.00289752,-0.00132234
0,-0.000287528,0,0.00977937,-0.0293381,-0.00362396,0.00307313,-0.00123815
0,-0.000287528,0,0.00977937,-0.0293381,-0.00362396,0.00287557,-0.0013273
0,-0.000287528,0,0.00977937,-0.0293381,-0.00362396,0.00305118,-0.00124805
0,-0.000287528,0,0.00977937,-0.0293381,-0.00362396,0.00286459,-0.00132234
0,-0.000287528,0,0.00977937,-0.0293381,-0.00362396,0.00305118,-0.0012332
0,-0.000287528,0,0.00977937,-0.0293381,-0.00362396,0.00288654,-0.00131244
0,-0.000287528,0,0.00977937,-0.0293381,-0.00362396,0.00302922,-0.0012332
0,-0.000287528,0,0.00977937,-0.0293381,-0.00362396,0.00305118,-0.00122329
0,-0.000287528,0,0.00977937,-0.0293381,-0.00362396,0.00283167,-0.00131244
0,-0.000287528,0,0.00977937,-0.0293381,-0.00362396,0.00300727,-0.0012332
0,-0.000287528,0,0.00977937,-0.0293381,-0.00362396,0.00300727,-0.00121834
0,-0.000287528,0,0.00977937,-0.0293381,-0.00362396,0.00298532,-0.00120843
0,-0.000287528,0,0.00977937,-0.0293381,-0.00362396,0.0029085,-0.0012332
0,-0.000287528,0,0.00977937,-0.0293381,-0.00362396,0.0029085,-0.00120843
0,-0.000287528,0,0.00977937,-0.0293381,-0.00362396,0.00282069,-0.00122329
0,-0.000287528,0,0.00977937,-0.0293381,-0.00362396,0.00269996,-0.00105986
0,-0.000287528,0,0.00977937,-0.0293381,-0.00362396,0.00264508,-0.00105986
0,-0.000287528,0,0.00977937,-0.0293381,-0.00362396,0.00260118,-0.00105986
0,-0.000287528,0,0.00977937,-0.0293381,-0.00362396,0.00256826,-0.0010549
0,-0.000287528,0,0.00977937,-0.0293381,-0.00362396,0.00259021,-0.00106481
0,-0.000287528,0,0.00977937,-0.0293381,-0.00362396,0.00257923,-0.00104995
0,-0.000287528,0,0.00977937,-0.0293381,-0.00362396,0.0023707,-0.00114405
0,-0.000287528,0,0.00977937,-0.0293381,-0.00362396,0.00249143,-0.00107471
0,-0.000287528,0,0.00977937,-0.0293381,-0.00362396,0.00251338,-0.001045
0,-0.000287528,0,0.00977937,-0.0293381,-0.00362396,0.00229387,-0.00111929
0,-0.000287528,0,0.00977937,-0.0293381,-0.00362396,0.00233777,-0.00111433
0,-0.000287528,0,0.00977937,-0.0293381,-0.00362396,0.00249143,-0.00104004
0,-0.000287528,0,0.00977937,-0.0293381,-0.00362396,0.00233777,-0.00110443
0,-0.000287528,0,0.00977937,-0.0293381,-0.00362396,0.00230485,-0.00109452
0,-0.000287528,0,0.00977937,-0.0293381,-0.00362396,0.0024585,-0.00102519
0,-0.000287528,0,0.00977937,-0.0293381,-0.00362396,0.00243655,-0.00103014
0,-0.000287528,0,0.00977937,-0.0293381,-0.00362396,0.00244753,-0.00101528
0,-0.000287528,0,0.00977937,-0.0293381,-0.00362396,0.00240362,-0.00102519
0,-0.000287528,0,0.00977937,-0.0293381,-0.00362396,0.00226094,-0.00108462
0,-0.000287528,0,0.00977937,-0.0293381,-0.00362396,0.00226094,-0.00108462
0,-0.000287528,0,0.00977937,-0.0293381,-0.00362396,0.00244753,-0.000990519
0,-0.000287528,0,0.00977937,-0.0293381,-0.00362396,0.0024146,-0.000995472
0,-0.000287528,0,0.00977937,-0.0293381,-0.00362396,0.00239265,-0.000990519
0,-0.000287528,0,0.00977937,-0.0293381,-0.00362396,0.0023707,-0.000985566
0,-0.000287528,0,0.00977937,-0.0293381,-0.00362396,0.0023707,-0.000975661
0,-0.000287528,0,0.00977937,-0.0293381,-0.00362396,0.00220607,-0.001045
0,-0.000287528,0,0.00977937,-0.0293381,-0.00362396,0.00234875,-0.000965756
0,-0.000287528,0,0.00977937,-0.0293381,-0.00362396,0.00230485,-0.000965756
0,-0.000287528,0,0.00977937,-0.0293381,-0.00362396,0.00227192,-0.000965756
0,-0.000287528,0,0.00977937,-0.0293381,-0.00362396,0.00234875,-0.00091623
0,-0.000287528,0,0.00977937,-0.0293381,-0.00362396,0.00228289,-0.000881562
0,-0.000287528,0,0.00977937,-0.0293381,-0.00362396,0.00220607,-0.000881562
0,-0.000287528,0,0.00977937,-0.0293381,-0.00362396,0.00224997,-0.000876609
0,-0.000287528,0,0.00977937,-0.0293381,-0.00362396,0.00221704,-0.000886515
0,-0.000287528,0,0.00977937,-0.0293381,-0.00362396,0.00218412,-0.000851846
0,-0.000287528,0,0.00977937,-0.0293381,-0.00362396,0.00198656,-0.000926135
0,-0.000287528,0,0.00977937,-0.0293381,-0.00362396,0.00212924,-0.000851846
0,-0.000191685,0,0.00977937,-0.0293381,-0.00362396,0.00189875,-0.000871657
0,-0.000191685,0,0.00977937,-0.0293381,-0.00362396,0.00185485,-0.000876609
0,-0.000191685,0,0.00977937,-0.0293381,-0.00362396,0.00197558,-0.000797368
0,-0.000191685,0,0.00977937,-0.0293381,-0.00362396,0.00193168,-0.000772605
0,-0.000191685,0,0.00977937,-0.0293381,-0.00362396,0.00177802,-0.000846894
0,-0.000191685,0,0.00977937,-0.0293381,-0.00362396,0.00196461,-0.000772605
0,-0.000191685,0,0.00977937,-0.0293381,-0.00362396,0.00195363,-0.00078251
0,-0.000191685,0,0.00977937,-0.0293381,-0.00362396,0.00193168,-0.000772605
0,-0.000191685,0,0.00977937,-0.0293381,-0.00362396,0.00194266,-0.000752794
0,-0.000191685,0,0.00977937,-0.0293381,-0.00362396,0.00190973,-0.000732984
0,-0.000191685,0,0.00977937,-0.0293381,-0.00362396,0.00195363,-0.000757747
0,-0.000191685,0,0.00977937,-0.0293381,-0.00362396,0.00190973,-0.000728032
0,-0.000191685,0,0.00977937,-0.0293381,-0.00362396,0.0017451,-0.000812226
0,-0.000191685,0,0.00977937,-0.0293381,-0.00362396,0.0018329,-0.0007627
0,-0.000191685,0,0.00977937,-0.0293381,-0.00362396,0.00186583,-0.000747842
0,-0.000191685,0,0.00977937,-0.0293381,-0.00362396,0.00186583,-0.000732984
0,-0.000191685,0,0.00977937,-0.0293381,-0.00362396,0.0018329,-0.000732984
0,-0.000191685,0,0.00977937,-0.0293381,-0.00362396,0.00167924,-0.00080232
0,-0.000191685,0,0.00977937,-0.0293381,-0.00362396,0.0018329,-0.000723079
0,-0.000191685,0,0.00977937,-0.0293381,-0.00362396,0.00169022,-0.000787463
0,-0.000191685,0,0.00977937,-0.0293381,-0.00362396,0.00165729,-0.000792415
0,-0.000191685,0,0.00977937,-0.0293381,-0.00362396,0.00163534,-0.00080232
0,-0.000191685,0,0.00977937,-0.0293381,-0.00362396,0.00161339,-0.000792415
0,-0.000191685,0,0.00977937,-0.0293381,-0.00362396,0.00179997,-0.000708221
0,-0.000191685,0,0.00977937,-0.0293381,-0.00362396,0.00161339,-0.000792415
0,-0.000191685,0,0.00977937,-0.0293381,-0.00362396,0.00175607,-0.000732984
0,-0.000191685,0,0.00977937,-0.0293381,-0.00362396,0.00156949,-0.000792415
0,-0.000191685,0,0.00977937,-0.0293381,-0.00362396,0.00176705,-0.000713174
0,-0.000191685,0,0.00977937,-0.0293381,-0.00362396,0.00184388,-0.000683458
0,-0.000191685,0,0.00977937,-0.0293381,-0.00362396,0.00175607,-0.000643837
0,-0.000191685,0,0.00977937,-0.0293381,-0.00362396,0.00172315,-0.000673553
0,-0.000191685,0,0.00977937,-0.0293381,-0.00362396,0.0017012,-0.000683458
0,-0.000191685,0,0.00977937,-0.0293381,-0.00362396,0.00153656,-0.000723079
0,-0.000191685,0,0.00977937,-0.0293381,-0.00362396,0.00155851,-0.000747842
0,-0.000191685,0,0.00977937,-0.0293381,-0.00362396,0.00175607,-0.000678506
0,-0.000191685,0,0.00977937,-0.0293381,-0.00362396,-0.00598162,0.0026744
0,-0.000191685,0,0.00977937,-0.0293381,-0.00362396,-0.00588284,0.00271897
0,-0.000191685,0,0.00977937,-0.0293381,-0.00362396,-0.00600357,0.00264964
0,-0.000191685,0,0.00977937,-0.0293381,-0.00362396,-0.00586089,0.00271897
0,-0.000191685,0,0.00977937,-0.0293381,-0.00362396,-0.0059926,0.00264964
0,-0.000191685,0,0.00977937,-0.0293381,-0.00362396,-0.0059926,0.00263973
0,-0.000191685,0,0.00977937,-0.0293381,-0.00362396,-0.00579504,0.00271402
0,-0.000191685,0,0.00977937,-0.0293381,-0.00362396,-0.00592674,0.00262983
0,-0.000191685,0,0.00977937,-0.0293381,-0.00362396,-0.00567431,0.00270412
0,-0.000191685,0,0.00977937,-0.0293381,-0.00362396,-0.00571821,0.00266945
0,-0.000191685,0,0.00977937,-0.0293381,-0.00362396,-0.00582796,0.00257535
0,-0.000191685,0,0.00977937,-0.0293381,-0.00362396,-0.00568528,0.00263478
0,-0.000191685,0,0.00977937,-0.0293381,-0.00362396,-0.00565236,0.00262983
0,-0.000191685,0,0.00977937,-0.0293381,-0.00362396,-0.00559748,0.00261497
0,-0.000191685,0,0.00977937,-0.0293381,-0.00362396,-0.00570724,0.00252087
0,-0.000191685,0,0.00977937,-0.0293381,-0.00362396,-0.0054987,0.00259516
0,-0.000191685,0,0.00977937,-0.0293381,-0.00362396,-0.00553163,0.00259021
0,-0.000191685,0,0.00977937,-0.0293381,-0.00362396,-0.00568528,0.00250601
0,-0.000191685,0,0.00977937,-0.0293381,-0.00362396,-0.0054548,0.00241191
0,-0.000191685,-0.000191752,0.00977937,-0.0293381,-0.00362396,-0.00408287,0.00195132
0,-0.000191685,-0.000191752,0.00977937,-0.0293381,-0.00362396,-0.00411579,0.00195627
0,-0.000191685,-0.000191752,0.00977937,-0.0293381,-0.00362396,-0.00428043,0.00186713
0,-0.000191685,-0.000191752,0.00977937,-0.0293381,-0.00362396,-0.00428043,0.00186713
0,-0.000191685,-0.000191752,0.00977937,-0.0293381,-0.00362396,-0.00409384,0.00194637
0,-0.000191685,-0.000191752,0.00977937,-0.0293381,-0.00362396,-0.00411579,0.00192161
0,-0.000191685,-0.000191752,0.00977937,-0.0293381,-0.00362396,-0.00396214,0.00174827
0,-0.000191685,-0.000287628,0.00977937,-0.0293381,-0.00362396,-0.00397311,0.00174331
0,-0.000191685,-0.000287628,0.00977937,-0.0293381,-0.00362396,-0.00397311,0.00174331
0,-0.000191685,-0.000287628,0.00977937,-0.0293381,-0.00362396,-0.00397311,0.00174827
0,-0.000191685,-0.000287628,0.00977937,-0.0293381,-0.00362396,-0.00378653,0.00183246
0,-0.000191685,-0.000287628,0.00977937,-0.0293381,-0.00362396,-0.00380848,0.00182256
0,-0.000191685,-0.000287628,0.00977937,-0.0293381,-0.00362396,-0.0037536,0.00184732
0,-0.000191685,-0.000287628,0.00977937,-0.0293381,-0.00362396,-0.0037536,0.00183741
0,-0.000191685,-0.000287628,0.00977937,-0.0293381,-0.00362396,-0.00374263,0.00184732
0,-0.000191685,-0.000287628,0.00977937,-0.0293381,-0.00362396,-0.00397311,0.00174331
0,-0.000191685,-0.000287628,0.00977937,-0.0293381,-0.00362396,-0.00396214,0.00174827
0,-0.000191685,-0.000287628,0.00977937,-0.0293381,-0.00362396,-0.00380848,0.00181265
0,-0.000191685,-0.000287628,0.00977937,-0.0293381,-0.00362396,-0.00392921,0.00176312
0,-0.000191685,-0.000287628,0.00977937,-0.0293381,-0.00362396,-0.00396214,0.00174331
0,-0.000191685,-0.000287628,0.00977937,-0.0293381,-0.00362396,-0.00381946,0.00179779
0,-0.000191685,-0.000287628,0.00977937,-0.0293381,-0.00362396,-0.0037536,0.00183246
0,-0.000191685,-0.000287628,0.00977937,-0.0293381,-0.00362396,-0.00378653,0.0018077
0,-0.000191685,-0.000287628,0.00977937,-0.0293381,-0.00362396,-0.00379751,0.00179779
0,-0.000191685,-0.000287628,0.00977937,-0.0293381,-0.00362396,-0.0037536,0.00179779
0,-0.000191685,-0.000287628,0.00977937,-0.0293381,-0.00362396,-0.0037536,0.00178789
0,-0.000191685,-0.000287628,0.00977937,-0.0293381,-0.00362396,-0.00374263,0.00178789
0,-0.000191685,-0.000287628,0.00977937,-0.0293381,-0.00362396,-0.00389629,0.00170865
0,-0.000191685,-0.000191752,0.00977937,-0.0293381,-0.00362396,-0.00386336,0.00169874
0,-0.000191685,-0.000191752,0.00977937,-0.0293381,-0.00362396,-0.00380848,0.00168883
0,-0.000191685,-0.000191752,0.00977937,-0.0293381,-0.00362396,-0.00124023,0.000614122
0,-0.000191685,-0.000191752,0.00977937,-0.0293381,-0.00362396,-0.00134998,0.000559643
0,-0.000191685,-0.000191752,0.00977937,-0.0293381,-0.00362396,-0.00118535,0.000633932
0,-0.000191685,-0.000191752,0.00977937,-0.0293381,-0.00362396,-0.00115242,0.000653743
0,-0.000191685,-0.000191752,0.00977937,-0.0293381,-0.00362396,-0.00109755,0.000678506
0,-0.000191685,-0.000191752,0.00977937,-0.0293381,-0.00362396,-0.00117437,0.000643837
0,-0.000191685,-0.000191752,0.00977937,-0.0293381,-0.00362396,-0.00119632,0.00062898
0,-0.000191685,-0.000191752,0.00977937,-0.0293381,-0.00362396,-0.00134998,0.000564596
0,-0.000191685,-0.000191752,0.00977937,-0.0293381,-0.00362396,-0.00113047,0.000658695
0,-0.000191685,-0.000191752,0.00977937,-0.0293381,-0.00362396,-0.00121828,0.000619074
0,-0.000191685,-0.000191752,0.00977937,-0.0293381,-0.00362396,-0.00136096,0.000559643
0,-0.000191685,-0.000191752,0.00977937,-0.0293381,-0.00362396,-0.00118535,0.000633932
0,-0.000191685,-0.000191752,0.00977937,-0.0293381,-0.00362396,-0.0012512,0.000609169
0,-0.000191685,-0.000191752,0.00977937,-0.0293381,-0.00362396,-0.0011634,0.000643837
0,-0.000191685,-0.000191752,0.00977937,-0.0293381,-0.00362396,-0.00136096,0.000554691
0,-0.000191685,-0.000191752,0.00977937,-0.0293381,-0.00362396,-0.00118535,0.000638885
0,-0.000191685,-0.000191752,0.00977937,-0.0293381,-0.00362396,-0.00122925,0.000619074
0,-0.000191685,-0.000191752,0.00977937,-0.0293381,-0.00362396,-0.00119632,0.000619074
0,-0.000191685,-0.000191752,0.00977937,-0.0293381,-0.00362396,-0.00117437,0.000633932
0,-0.000191685,-0.000191752,0.00977937,-0.0293381,-0.00362396,-0.00117437,0.000633932
0,-0.000191685,-0.000191752,0.00977937,-0.0293381,-0.00362396,-0.00134998,0.000549738
0,-0.000191685,-0.000191752,0.00977937,-0.0293381,-0.00362396,-0.00117437,0.00062898
0,-0.000191685,-0.000191752,0.00977937,-0.0293381,-0.00362396,-0.0011634,0.000638885
0,-0.000191685,-0.000191752,0.00977937,-0.0293381,-0.00362396,-0.00122925,0.000609169
0,-0.000191685,-0.000191752,0.00977937,-0.0293381,-0.00362396,-0.00118535,0.000624027
0,-0.000191685,-0.000191752,0.00977937,-0.0293381,-0.00362396,-0.00118535,0.000614122
0,-0.000191685,-0.000191752,0.00977937,-0.0293381,-0.00362396,-0.00115242,0.000633932
0,-0.000191685,-0.000191752,0.00977937,-0.0293381,-0.00362396,-0.00114145,0.000633932
0,-0.000191685,-0.000191752,0.00977937,-0.0293381,-0.00362396,-0.0012951,0.000554691
0,-0.000191685,-0.000191752,0.00977937,-0.0293381,-0.00362396,-0.0012073,0.000599264
0,-0.000191685,-0.000191752,0.00977937,-0.0293381,-0.00362396,-0.00131705,0.000549738
0,-0.000191685,-0.000191752,0.00977937,-0.0293381,-0.00362396,-0.00113047,0.000614122
0,-0.000191685,-0.000191752,0.00977937,-0.0293381,-0.00362396,-0.00130608,0.000529928
0,-0.000191685,-0.000191752,0.00977937,-0.0293381,-0.00362396,-0.00110852,0.000609169
0,-0.000191685,-0.000191752,0.00977937,-0.0293381,-0.00362396,-0.0011195,0.000589359
0,-0.000191685,-0.000191752,0.00977937,-0.0293381,-0.00362396,-0.00110852,0.000594311
0,-0.000191685,-0.000191752,0.00977937,-0.0293381,-0.00362396,-0.00110852,0.000579454
0,-0.000191685,-0.000191752,0.00977937,-0.0293381,-0.00362396,-0.0012512,0.000520022
0,-0.000191685,-0.000191752,0.00977937,-0.0293381,-0.00362396,-0.0012512,0.000505165
0,-0.000191685,-0.000191752,0.00977937,-0.0293381,-0.00362396,-0.00106462,0.000579454
0,-0.000191685,-0.000191752,0.00977937,-0.0293381,-0.00362396,-0.00122925,0.000485354
0,-0.000191685,-0.000191752,0.00977937,-0.0293381,-0.00362396,-0.00121828,0.000485354
0,-0.000191685,-0.000191752,0.00977937,-0.0293381,-0.00362396,-0.00105364,0.000559643
0,-0.000191685,-0.000191752,0.00977937,-0.0293381,-0.00362396,-0.00104267,0.000564596
0,-0.000191685,-0.000191752,0.00977937,-0.0293381,-0.00362396,-0.00103169,0.000554691
0,-0.000191685,-0.000191752,0.00977937,-0.0293381,-0.00362396,-0.000987791,0.000554691
0,-0.000191685,-0.000191752,0.00977937,-0.0293381,-0.00362396,-0.0011195,0.00049526
0,-0.000191685,-0.000191752,0.00977937,-0.0293381,-0.00362396,-0.00114145,0.000480402
0,0,0,0,0,0,0,0
0,0,0,0,0,0,0,0
0,0,0,0,0,0,0,0
0,0,0,0,0,0,0,0
0,0,0,0,0,0,0,0
0,0,0,0,0,0,0,0
0,0,0,0,0,0,0,0
0,0,0,0,0,0,0,0
0,0,0,0,0,0,0,0
0,0,0,0,0,0,0,0
0,0,0,0,0,0,0,0
0,0,0,0,0,0,0,0
0,0,0,0,0,0,0,0
0,0,0,0,0,0,0,0
0,0,0,0,0,0,0,0
0,0,0,0,0,0,0,0
0,0,0,0,0,0,0,0
0,0,0,0,0,0,0,0
0,0,0,0,0,0,0,0
0,0,0,0,0,0,0,0
0,0,0,0,0,0,0,0
0,0,0,0,0,0,0,0
0,0,0,0,0,0,0,0
0,0,0,0,0,0,0,0
0,0,0,0,0,0,0,0
0,0,0,0,0,0,0,0
0,0,0,0,0,0,0,0
0,-0,0.0658669,0.315528,-0.0265577,-0.00286102,-0.00669503,0.000688411
0,-0,0.0581009,0.31457,-0.0263659,-0.00362396,-0.00673893,0.000688411
0,-0,0.0632783,0.31457,-0.0263659,-0.00362396,-0.0067499,0.000683458
0,-0,0.0685514,0.31457,-0.0263659,-0.00362396,-0.00678283,0.0006686
0,-0,0.0720989,0.31457,-0.0263659,-0.00362396,-0.00676088,0.000678506
0,-0,0.0777555,0.31457,-0.0263659,-0.00362396,-0.00676088,0.000678506
0,-0,0.0816865,0.31457,-0.0263659,-0.00362396,-0.00676088,0.000678506
0,-0,0.0849463,0.31457,-0.0263659,-0.00362396,-0.00673893,0.000688411
0,-0,0.0868638,0.31457,-0.0263659,-0.00362396,-0.00676088,0.000678506
0,-0,0.0888772,0.31457,-0.0263659,-0.00362396,-0.00678283,0.0006686
0,-0,0.0907947,0.31457,-0.0263659,-0.00362396,-0.00677185,0.0006686
0,-0,0.0912741,0.31457,-0.0263659,-0.00362396,-0.00676088,0.000673553
0,-0,0.093671,0.31457,-0.0263659,-0.00362396,-0.00680478,0.000653743
0,-0,0.095972,0.31457,-0.0263659,-0.00362396,-0.00658527,0.000747842
0,-0,0.0960679,0.31457,-0.0263659,-0.00362396,-0.006706,0.000693363
0,-0,0.0966431,0.31457,-0.0263659,-0.00362396,-0.0066621,0.000713174
0,-0,0.0971225,0.314665,-0.0263659,-0.00362396,-0.006706,0.000693363
0,-0,0.0973143,0.314665,-0.0263659,-0.00362396,-0.00669503,0.000698316
0,-0,0.0973143,0.314665,-0.0263659,-0.00362396,-0.006706,0.000693363
0,-0,0.0973143,0.314665,-0.0263659,-0.00362396,-0.00669503,0.000698316
0,-0,0.0973143,0.314665,-0.0263659,-0.00362396,-0.00669503,0.000698316
0,-0,0.0973143,0.314665,-0.0263659,-0.00362396,-0.00669503,0.000698316
0,-0,0.0974102,0.314665,-0.0263659,-0.00362396,-0.00668405,0.000703269
0,-0,0.0974102,0.314665,-0.0263659,-0.00362396,-0.00668405,0.000703269
0,-0,0.0974102,0.314761,-0.0263659,-0.00362396,-0.00658527,0.000747842
0,-0,0.0974102,0.314761,-0.0263659,-0.00362396,-0.00659625,0.000737937
0,-0,0.0974102,0.314761,-0.0263659,-0.00362396,-0.00656332,0.000752794
0,-0,0.097506,0.314761,-0.0263659,-0.00362396,-0.0066182,0.000728032
0,-0,0.097506,0.314761,-0.0263659,-0.00362396,-0.00662917,0.000718126
0,-0,0.097506,0.314761,-0.0263659,-0.00362396,-0.00660722,0.000728032
0,-0,0.097506,0.314857,-0.0263659,-0.00362396,-0.00659625,0.000732984
0,-0,0.097506,0.314857,-0.0263659,-0.00362396,-0.0066182,0.000723079
0,-0,0.097506,0.314857,-0.0263659,-0.00362396,-0.00647552,0.000772605
0,-0,0.097506,0.314857,-0.0263659,-0.00362396,-0.00649747,0.0007627
0,-0,0.0976019,0.314953,-0.0263659,-0.00362396,-0.00653039,0.000747842
0,-0,0.0976019,0.316008,-0.0264618,-0.00362396,-0.00651942,0.000752794
0,-0,0.0991359,0.329335,-0.0262701,-0.00362396,-0.00640966,0.000718126
0,-0,0.0991359,0.329335,-0.0262701,-0.00362396,-0.00647552,0.000688411
0,-0,0.0992318,0.329335,-0.0262701,-0.00362396,-0.00640966,0.000718126
0,-0,0.0992318,0.329335,-0.0262701,-0.00362396,-0.00639869,0.000723079
0,-0,0.0992318,0.32943,-0.0262701,-0.00362396,-0.00645357,0.000698316
0,-0,0.0992318,0.32943,-0.0262701,-0.00362396,-0.00640966,0.000718126
0,-0,0.0992318,0.32943,-0.0262701,-0.00362396,-0.00635479,0.000723079
0,-0,0.0992318,0.32943,-0.0262701,-0.00362396,-0.00638771,0.000708221
0,-0,0.0992318,0.32943,-0.0262701,-0.00362396,-0.00643161,0.000678506
0,-0,0.0994236,0.32943,-0.0262701,-0.00362396,-0.00640966,0.000678506
0,-0,0.0994236,0.32943,-0.0262701,-0.00362396,-0.00644259,0.000663648
0,-0,0.0994236,0.32943,-0.0262701,-0.00362396,-0.00637674,0.000683458
0,-0,0.0994236,0.32943,-0.0262701,-0.00362396,-0.00640966,0.000658695
0,-0,0.0994236,0.32943,-0.0262701,-0.00362396,-0.00635479,0.000653743
0,-0,0.0994236,0.32943,-0.0262701,-0.00362396,-0.00627796,0.000673553
0,-0,0.0994236,0.32943,-0.0262701,-0.00362396,-0.00625601,0.000574501
0,-0,0.0994236,0.32943,-0.0262701,-0.00362396,-0.00365483,-0.000549738
0,-0,0.0994236,0.32943,-0.0262701,-0.00362396,-0.00364385,-0.000549738
0,-0,0.0995194,0.32943,-0.0262701,-0.00362396,-0.00365483,-0.000554691
0,-0,0.0995194,0.329526,-0.0262701,-0.00362396,-0.00351214,-0.00064879
0,-0,0.0995194,0.329526,-0.0262701,-0.00362396,-0.00339141,-0.000599264
0,-0,0.0996153,0.329526,-0.0262701,-0.00362396,-0.00346824,-0.00062898
0,-0,0.0996153,0.329718,-0.0262701,-0.00362396,-0.00349019,-0.000638885
0,-0,0.100862,0.344195,-0.0261742,-0.00362396,-0.00309508,-0.00049526
0,-0,0.100862,0.344195,-0.0261742,-0.00362396,-0.00309508,-0.00049526
0,-0,0.100862,0.344195,-0.0261742,-0.00362396,-0.0030841,-0.000490307
0,-0,0.100862,0.344195,-0.0261742,-0.00362396,-0.00283167,-0.000609169
0,-0,0.100862,0.344195,-0.0261742,-0.00362396,-0.00282069,-0.000599264
0,-0,0.100862,0.344195,-0.0261742,-0.00362396,-0.000625601,0.00038135
0,-0,0.100862,0.344195,-0.0261742,-0.00362396,-0.000647552,0.000376397
0,-0,0.100862,0.344195,-0.0261742,-0.00362396,-0.000658527,0.000371445
0,-0,0.100862,0.344195,-0.0261742,-0.00362396,-0.000658527,0.000366492
0,-0,0.100862,0.344195,-0.0261742,-0.00362396,-0.000702429,0.000351634
0,-0,0.100862,0.344195,-0.0261742,-0.00362396,-0.000658527,0.000371445
0,-0,0.100862,0.344195,-0.0261742,-0.00362396,-0.000680478,0.000361539
0,-0,0.100862,0.344195,-0.0261742,-0.00362396,-0.000548773,0.000420971
0,-0,0.100862,0.344195,-0.0261742,-0.00362396,-0.00048292,0.000450686
0,-0,0.100862,0.344195,-0.0261742,-0.00362396,-0.00048292,0.000455639
0,-0,0.100862,0.344195,-0.0261742,-0.00362396,-0.000449994,0.000460591
0,-0,0.100862,0.344195,-0.0261742,-0.00362396,-0.000504871,0.000440781
0,-0,0.100862,0.344195,-0.0261742,-0.00362396,-0.000439018,0.000465544
0,-0,0.100862,0.344195,-0.0261742,-0.00362396,-0.000449994,0.000465544
0,-0,0.100862,0.344195,-0.0261742,-0.00362396,-0.000449994,0.000465544
0,-0,0.100862,0.344195,-0.0261742,-0.00362396,-0.00048292,0.000450686
0,-0,0.100862,0.344195,-0.0261742,-0.00362396,-0.000504871,0.000435828
0,-0,0.100862,0.344195,-0.0261742,-0.00362396,-0.000263411,0.000336776
0,-0,0.100862,0.344195,-0.0261742,-0.00362396,-0.000219509,0.000356587
0,-0,0.100862,0.344195,-0.0261742,-0.00362396,-0.000230484,0.000351634
0,-0,0.100862,0.344195,-0.0261742,-0.00362396,-0.000219509,0.000361539
0,-0,0.100862,0.344195,-0.0261742,-0.00362396,-0.00024146,0.000356587
0,-0,0.100862,0.344195,-0.0261742,-0.00362396,-0.000230484,0.000361539
0,-0,0.100862,0.344195,-0.0261742,-0.00362396,-0.000252435,0.000351634
0,-0,0.100862,0.344195,-0.0261742,-0.00362396,-0.00024146,0.000356587
0,-0,0.100958,0.344195,-0.0261742,-0.00362396,-0.000274386,0.000341729
0,-0,0.100958,0.344195,-0.0261742,-0.00362396,-0.000296337,0.000331824
0,-0,0.100958,0.344195,-0.0261742,-0.00362396,-0.00024146,0.000356587
0,-0,0.100958,0.344195,-0.0261742,-0.00362396,-7.68282e-05,0.000430876
0,-0,0.100958,0.344195,-0.0261742,-0.00362396,-3.29264e-05,0.000450686
0,-0,0.100958,0.344195,-0.0261742,-0.00362396,-1.09755e-05,0.000460591
0,-0,0.100958,0.344195,-0.0261742,-0.00362396,-6.58527e-05,0.000435828
0,-0,0.100958,0.344195,-0.0261742,-0.00362396,-4.39018e-05,0.000445734
0,-0,0.100958,0.344195,-0.0261742,-0.00362396,-1.09755e-05,0.000460591
0,-0,0.100958,0.344195,-0.0261742,-0.00362396,-7.68282e-05,0.000430876
0,-0,0.100958,0.344195,-0.0261742,-0.00362396,-4.39018e-05,0.000445734
0,-0,0.100958,0.344195,-0.0261742,-0.00362396,2.19509e-05,0.000475449
0,-0,0.100958,0.344195,-0.0261742,-0.00362396,-2.19509e-05,0.000455639
0,-0,0.100958,0.344195,-0.0261742,-0.00362396,0,0.000465544
0,-0,0.100958,0.344195,-0.0261742,-0.00362396,-4.39018e-05,0.000445734
0,-0,0.100958,0.344195,-0.0261742,-0.00362396,-8.78036e-05,0.000425923
0,-0,0.100958,0.344195,-0.0261742,-0.00362396,-8.78036e-05,0.000425923
0,-0,0.100958,0.344195,-0.0261742,-0.00362396,-4.39018e-05,0.000445734
0,-0,0.100958,0.344195,-0.0261742,-0.00362396,-6.58527e-05,0.000435828
0,-0,0.100958,0.344195,-0.0261742,-0.00362396,-7.68282e-05,0.000430876
0,-0,0.100958,0.344195,-0.0261742,-0.00362396,-9.87791e-05,0.000420971
0,-0,0.100958,0.344195,-0.0261742,-0.00362396,-2.19509e-05,0.000455639
0,-0,0.100958,0.344195,-0.0261742,-0.00362396,-7.68282e-05,0.000430876
0,-0,0.100958,0.344195,-0.0261742,-0.00362396,-4.39018e-05,0.000445734
0,-0,0.100958,0.344195,-0.0261742,-0.00362396,-0.000131705,0.000406113
0,-0,0.100958,0.344195,-0.0261742,-0.00362396,-7.68282e-05,0.000430876
0,-0,0.100958,0.344195,-0.0261742,-0.00362396,-0.000131705,0.000406113
0,-0,0.100958,0.344195,-0.0261742,-0.00362396,-6.58527e-05,0.000435828
0,-0,0.100958,0.344195,-0.0261742,-0.00362396,-0.00012073,0.000406113
0,-0,0.100958,0.344195,-0.0261742,-0.00362396,-9.87791e-05,0.000416018
0,-0,0.100958,0.344195,-0.0261742,-0.00362396,-0.00012073,0.000406113
0,-0,0.100958,0.344195,-0.0261742,-0.00362396,-8.78036e-05,0.000420971
0,-0,0.100958,0.344195,-0.0261742,-0.00362396,-7.68282e-05,0.000425923
0,-0,0.100958,0.344195,-0.0261742,-0.00362396,5.48773e-05,0.000485354
0,-0,0.100958,0.344195,-0.0261742,-0.00362396,1.09755e-05,0.000465544
0,-0,0.100958,0.344195,-0.0261742,-0.00362396,0.000131705,0.000520022
0,-0,0.100958,0.344195,-0.0261742,-0.00362396,0.000131705,0.000520022
0,-0,0.100958,0.344195,-0.0261742,-0.00362396,0.000131705,0.000520022
0,-0,0.100958,0.344195,-0.0261742,-0.00362396,0.00012073,0.00051507
0,-0,0.100958,0.344195,-0.0261742,-0.00362396,0.00012073,0.00051507
0,-0,0.100958,0.344195,-0.0261742,-0.00362396,0.000164632,0.00053488
0,-0,0.100958,0.344195,-0.0261742,-0.00362396,2.19509e-05,0.000470497
0,-0,0.100958,0.344195,-0.0261742,-0.00362396,2.19509e-05,0.000470497
0,-0,0.100958,0.344195,-0.0261742,-0.00362396,2.19509e-05,0.000470497
0,-0,0.100958,0.344195,-0.0261742,-0.00362396,3.29264e-05,0.000475449
0,-0,0.100958,0.344195,-0.0261742,-0.00362396,2.19509e-05,0.000470497
0,-0,0.100958,0.344195,-0.0261742,-0.00362396,7.68282e-05,0.00049526
0,-0,0.100958,0.344195,-0.0261742,-0.00362396,6.58527e-05,0.000490307
0,-0,0.100958,0.344195,-0.0261742,-0.00362396,4.39018e-05,0.000480402
0,-0,0.100958,0.344195,-0.0261742,-0.00362396,3.29264e-05,0.000475449
0,-0,0.101053,0.344195,-0.0261742,-0.00362396,1.09755e-05,0.000465544
0,-0,0.101053,0.344195,-0.0261742,-0.00362396,3.29264e-05,0.000475449
0,-0,0.101053,0.344195,-0.0261742,-0.00362396,5.48773e-05,0.000485354
0,-0,0.101053,0.344195,-0.0261742,-0.00362396,3.29264e-05,0.000475449
0,-0,0.101053,0.344195,-0.0261742,-0.00362396,2.19509e-05,0.000470497
0,-0,0.101053,0.344195,-0.0261742,-0.00362396,7.68282e-05,0.00049526
0,-0,0.101053,0.344195,-0.0261742,-0.00362396,-1.09755e-05,0.000455639
0,-0,0.101053,0.344195,-0.0261742,-0.00362396,5.48773e-05,0.000485354
2,0.0513717,0.0464999,0.00546494,-0.0618401,-0.00400543,-0.0244862,0.196999
6,0.264909,-0.00278041,0.0311597,-0.030968,0.153544,0.00953767,0.883716
10,0.265868,-0.00268453,0.0311597,-0.0312556,0.940147,0.0131266,1.51823
14,0.268264,-0.00258866,0.0311597,-0.030968,1.71073,-0.172798,1.53604
18,0.268264,-0.00258866,0.0311597,-0.030968,2.48474,-0.172754,1.53606
19,0.269126,-0.00258866,0.0311597,-0.030968,3.0581,-0.17271,1.53608
19,0.271331,-0.00258866,0.0311597,-0.030968,3.08633,-0.172743,1.53607
19,0.271331,-0.00258866,0.0311597,-0.030968,3.08824,-0.172677,1.5361
19,0.271331,-0.00258866,0.0311597,-0.030968,3.08862,-0.172677,1.5361
19,0.271331,-0.00258866,0.0311597,-0.030968,3.08862,-0.1726,1.53613
19,0.276314,-0.00258866,0.0311597,-0.030968,3.08862,-0.172534,1.53616
19,0.279669,-0.00258866,0.0311597,-0.030968,3.089,-0.172611,1.53613
19,0.279669,-0.00258866,0.0311597,-0.030968,3.089,-0.172644,1.53612
19,0.279669,-0.00258866,0.0311597,-0.030968,3.089,-0.172578,1.53614
19,0.279669,-0.00258866,0.0311597,-0.030968,3.089,-0.172589,1.53614
19,0.279669,-0.00258866,0.0311597,-0.030968,3.089,-0.172578,1.53614
19,0.279669,-0.00258866,0.0311597,-0.030968,3.089,-0.172611,1.53613
19,0.279669,-0.00258866,0.0311597,-0.030968,3.089,-0.172534,1.53616
19,0.279669,-0.00258866,0.0311597,-0.030968,3.089,-0.172578,1.53615
19,0.279669,-0.00258866,0.0310639,-0.030968,3.089,-0.172512,1.53617
19,0.279669,-0.00258866,0.0310639,-0.030968,3.089,-0.172534,1.53617
19,0.279669,-0.00258866,0.0310639,-0.030968,3.089,-0.172446,1.5362
19,0.279669,-0.00258866,0.0310639,-0.030968,3.089,-0.172435,1.53621
19,0.279669,-0.00258866,0.0310639,-0.030968,3.089,-0.170054,1.53728
19,0.279669,-0.00258866,0.0310639,-0.030968,3.089,-0.169922,1.53734
19,0.279669,-0.00258866,0.0310639,-0.030968,3.089,-0.169944,1.53734
19,0.279669,-0.00258866,0.0310639,-0.030968,3.089,-0.169713,1.53743
19,0.279669,-0.00258866,0.0310639,-0.030968,3.089,-0.169724,1.53743
19,0.279669,-0.00258866,0.0310639,-0.030968,3.089,-0.169845,1.53738
19,0.279669,-0.00258866,0.0310639,-0.030968,3.089,-0.169724,1.53743
19,0.279669,-0.00258866,0.0310639,-0.030968,3.089,-0.16968,1.53745
19,0.279669,-0.00258866,0.0310639,-0.030968,3.089,-0.169702,1.53744
19,0.279669,-0.00258866,0.0310639,-0.030968,3.089,-0.169691,1.53745
19,0.279669,-0.00258866,0.0310639,-0.030968,3.089,-0.169626,1.53747
19,0.279669,-0.00258866,0.0310639,-0.030968,3.089,-0.169691,1.53744
19,0.279669,-0.00258866,0.0310639,-0.030968,3.089,-0.169659,1.53746
19,0.279669,-0.00258866,0.0310639,-0.030968,3.089,-0.169604,1.53749
19,0.279669,-0.00258866,0.0310639,-0.030968,3.089,-0.16956,1.5375
19,0.279669,-0.00258866,0.0310639,-0.030968,3.089,-0.169615,1.53748
19,0.279669,-0.00258866,0.0310639,-0.030968,3.089,-0.168857,1.53783
19,0.279669,-0.00258866,0.030968,-0.030968,3.089,-0.168748,1.53787
19,0.279669,-0.00258866,0.030968,-0.030968,3.089,-0.168759,1.53787
19,0.279669,-0.00258866,0.030968,-0.030968,3.089,-0.168759,1.53787
19,0.279669,-0.00258866,0.030968,-0.030968,3.089,-0.168759,1.53787
19,0.279669,-0.00258866,0.030968,-0.030968,3.089,-0.168715,1.53788
19,0.279669,-0.00258866,0.0279,-0.030968,3.089,-0.168682,1.5379
19,0.279669,-0.00258866,0.0279,-0.030968,3.089,-0.168671,1.5379
19,0.279669,-0.00258866,0.0279,-0.030968,3.089,-0.168605,1.53793
19,0.279669,-0.00258866,0.0279,-0.030968,3.089,-0.168528,1.53797
19,0.279669,-0.00258866,0.0279,-0.030968,3.089,-0.168517,1.53797
19,0.279669,-0.00258866,0.0279,-0.030968,3.089,-0.168484,1.53799
19,0.279669,-0.00258866,0.0279,-0.030968,3.089,-0.166212,1.53901
19,0.279669,-0.00258866,0.0279,-0.030968,3.089,-0.166124,1.53905
19,0.279669,-0.00258866,0.0279,-0.030968,3.089,-0.166179,1.53903
19,0.279669,-0.00258866,0.0279,-0.030968,3.089,-0.166135,1.53905
19,0.279669,-0.00258866,0.0279,-0.030968,3.089,-0.166113,1.53907
19,0.279669,-0.00258866,0.0279,-0.030968,3.089,-0.166113,1.53906
19,0.279669,-0.00258866,0.0279,-0.030968,3.089,-0.166124,1.53905
19,0.279669,-0.00258866,0.0279,-0.030968,3.089,-0.166081,1.53907
19,0.279669,-0.00258866,0.0279,-0.030968,3.089,-0.166102,1.53906
19,0.279669,-0.00258866,0.0279,-0.030968,3.089,-0.166113,1.53906
19,0.279669,-0.00258866,0.0279,-0.030968,3.089,-0.166102,1.53907
19,0.279669,-0.00258866,0.0279,-0.030968,3.089,-0.166048,1.53909
19,0.279669,-0.00258866,0.0279,-0.030968,3.089,-0.166059,1.53909
19,0.279669,-0.00258866,0.0278041,-0.030968,3.089,-0.166059,1.53908
19,0.279765,-0.00258866,0.0278041,-0.030968,3.089,-0.166081,1.53907
19,0.279765,-0.00258866,0.0278041,-0.030968,3.089,-0.166015,1.5391
19,0.279765,-0.00258866,0.0195587,-0.0308721,3.089,-0.166026,1.5391
19,0.279765,-0.00258866,0.0195587,-0.0308721,3.089,-0.165927,1.53914
19,0.279765,-0.00258866,0.0195587,-0.0308721,3.089,-0.166048,1.53909
19,0.279765,-0.00258866,0.0195587,-0.0308721,3.089,-0.165993,1.53911
19,0.279765,-0.00258866,0.0195587,-0.0308721,3.089,-0.166015,1.5391
19,0.279765,-0.00258866,0.0195587,-0.0308721,3.089,-0.16596,1.53913
19,0.279765,-0.00258866,0.0195587,-0.0308721,3.089,-0.165993,1.53912
19,0.279765,-0.00258866,0.0195587,-0.0308721,3.089,-0.165982,1.53912
19,0.279765,-0.00258866,0.0195587,-0.0308721,3.089,-0.166026,1.5391
19,0.279765,-0.00258866,0.0195587,-0.0308721,3.089,-0.165993,1.53912
19,0.279765,-0.00258866,0.0195587,-0.0308721,3.089,-0.166026,1.5391
19,0.279765,-0.00258866,0.0195587,-0.0308721,3.089,-0.166015,1.53911
19,0.279765,-0.00258866,0.0195587,-0.0308721,3.089,-0.166026,1.5391
19,0.279765,-0.00258866,0.0195587,-0.0308721,3.089,-0.166037,1.5391
19,0.279765,-0.00258866,0.0195587,-0.0308721,3.089,-0.166015,1.53911
19,0.279765,-0.00258866,0.0195587,-0.0308721,3.089,-0.165993,1.53911
19,0.279765,-0.00258866,0.0195587,-0.0308721,3.089,-0.165993,1.53912
19,0.279765,-0.00258866,0.0195587,-0.0308721,3.089,-0.165927,1.53914
19,0.279765,-0.00258866,0.0195587,-0.0308721,3.089,-0.165982,1.53912
19,0.279765,-0.00258866,0.0195587,-0.0308721,3.089,-0.165905,1.53915
19,0.279765,-0.00258866,0.0195587,-0.0308721,3.089,-0.165905,1.53916
19,0.279765,-0.00258866,0.0195587,-0.0308721,3.089,-0.165938,1.53914
19,0.279765,-0.00258866,0.0195587,-0.0308721,3.089,-0.165927,1.53915
19,0.279765,-0.00258866,0.0195587,-0.0308721,3.089,-0.165828,1.53919
19,0.279765,-0.00258866,0.0195587,-0.0308721,3.089,-0.16596,1.53913
19,0.279765,-0.00258866,0.0195587,-0.0308721,3.089,-0.165949,1.53914
19,0.279765,-0.00258866,0.0195587,-0.0308721,3.089,-0.165927,1.53915
19,0.279765,-0.00258866,0.0195587,-0.0308721,3.089,-0.165883,1.53917
19,0.279765,-0.00258866,0.0195587,-0.0308721,3.089,-0.16585,1.53918
19,0.279765,-0.00258866,0.0195587,-0.0308721,3.089,-0.165938,1.53915
19,0.279765,-0.00258866,0.0195587,-0.0308721,3.089,-0.165674,1.53926
19,0.279765,-0.00258866,0.0195587,-0.0308721,3.089,-0.165696,1.53925
19,0.279765,-0.00258866,0.0195587,-0.0308721,3.089,-0.165685,1.53926
19,0.279861,-0.00258866,0.0195587,-0.0308721,3.089,-0.165642,1.53927
19,0.279861,-0.00258866,0.0195587,-0.0308721,3.089,-0.165663,1.53927
19,0.279861,-0.00258866,0.0195587,-0.0308721,3.089,-0.1654,1.53939
19,0.286953,-0.00258866,0.0195587,-0.0308721,3.08938,-0.16495,1.53958
19,0.286953,-0.00258866,0.0195587,-0.0308721,3.08938,-0.16472,1.53969
19,0.286953,-0.00258866,0.0195587,-0.0308721,3.08938,-0.163754,1.54012
19,0.286953,-0.00258866,0.0195587,-0.0308721,3.08938,-0.163765,1.54012
19,0.286953,-0.00258866,0.0195587,-0.0308721,3.08938,-0.163787,1.54011
19,0.286857,-0.00258866,0.0195587,-0.0308721,3.08938,-0.163798,1.54011
19,0.286857,-0.00258866,0.0195587,-0.0308721,3.08938,-0.163776,1.54012
19,0.286857,-0.00258866,0.0195587,-0.0308721,3.08938,-0.163765,1.54012
19,0.286857,-0.00258866,0.0195587,-0.0308721,3.08938,-0.163798,1.54011
19,0.286857,-0.00258866,0.0195587,-0.0308721,3.08938,-0.163776,1.54012
19,0.286857,-0.00258866,0.0195587,-0.0308721,3.08938,-0.163765,1.54012
19,0.286761,-0.00258866,0.0195587,-0.0308721,3.08938,-0.163765,1.54012
19,0.286761,-0.00258866,0.0195587,-0.0308721,3.08938,-0.163765,1.54012
19,0.286761,-0.00258866,0.0195587,-0.0308721,3.08938,-0.163765,1.54012
19,0.286761,-0.00258866,0.0195587,-0.0308721,3.08938,-0.163776,1.54012
19,0.286761,-0.00258866,0.0195587,-0.0308721,3.08938,-0.163754,1.54012
19,0.286761,-0.00258866,0.0195587,-0.0308721,3.08938,-0.163677,1.54016
19,0.286761,-0.00258866,0.0195587,-0.0308721,3.08938,-0.163677,1.54016
19,0.286665,-0.00258866,0.0195587,-0.0308721,3.08938,-0.163677,1.54017
19,0.286665,-0.00258866,0.0195587,-0.0308721,3.08938,-0.163655,1.54017
19,0.286665,-0.00258866,0.0195587,-0.0308721,3.08938,-0.163677,1.54016
19,0.286665,-0.00258866,0.0195587,-0.0308721,3.08938,-0.163677,1.54016
19,0.286665,-0.00258866,0.0195587,-0.0308721,3.08938,-0.163677,1.54016
19,0.286665,-0.00258866,0.0195587,-0.0308721,3.08938,-0.163677,1.54016
19,0.286665,-0.00258866,0.0195587,-0.0308721,3.08938,-0.163677,1.54016
19,0.286665,-0.00258866,0.0195587,-0.0308721,3.08938,-0.163677,1.54016
19,0.286665,-0.00258866,0.0195587,-0.0308721,3.08938,-0.163677,1.54016
19,0.286665,-0.00258866,0.0195587,-0.0308721,3.08938,-0.163677,1.54016
19,0.286665,-0.00258866,0.0195587,-0.0308721,3.08938,-0.163677,1.54016
19,0.286665,-0.00258866,0.0195587,-0.0308721,3.08938,-0.163677,1.54016
19,0.286665,-0.00258866,0.0195587,-0.0308721,3.08938,-0.163677,1.54016
19,0.286665,-0.00258866,0.0195587,-0.0308721,3.08938,-0.163677,1.54016
19,0.286665,-0.00258866,0.0195587,-0.0308721,3.08938,-0.163677,1.54016
19,0.286665,-0.00258866,0.0195587,-0.0308721,3.08938,-0.163677,1.54016
19,0.286665,-0.00258866,0.0195587,-0.0308721,3.08938,-0.163677,1.54016
19,0.286665,-0.00258866,0.0195587,-0.0308721,3.08938,-0.163677,1.54016
19,0.286665,-0.00258866,0.0195587,-0.0308721,3.08938,-0.163677,1.54016
19,0.286665,-0.00258866,0.0195587,-0.0308721,3.08938,-0.163677,1.54016
19,0.286665,-0.00258866,0.0195587,-0.0308721,3.08938,-0.163677,1.54016
19,0.286665,-0.00258866,0.0195587,-0.0308721,3.08938,-0.163677,1.54016
19,0.286665,-0.00258866,0.0195587,-0.0308721,3.08938,-0.163677,1.54016
0,0,0,0,0,0,0,0
0,0,0,0,0,0,0,0
0,0,0,0,0,0,0,0
0,0,0,0,0,0,0,0
0,0,0,0,0,0,0,0
0,0,0,0,0,0,0,0
0,0,0,0,0,0,0,0
0,0,0,0,0,0,0,0
0,0,0,0,0,0,0,0
0,0,0,0,0,0,0,0
0,0,0,0,0,0,0,0
0,0,0,0,0,0,0,0
0,0,0,0,0,0,0,0
0,0,0,0,0,0,0,0
0,0,0,0,0,0,0,0
0,0,0,0,0,0,0,0
0,0,0,0,0,0,0,0
0,0,0,0,0,0,0,0
0,0,0,0,0,0,0,0
0,0,0,0,0,0,0,0
0,0,0,0,0,0,0,0
0,0,0,0,0,0,0,0
0,0,0,0,0,0,0,0
0,0,0,0,0,0,0,0
0,0,0,0,0,0,0,0
0,0,0,0,0,0,0,0
0,0,0,0,0,0,0,0
0,0,0,0,0,0,0,0
0,0,0,0,0,0,0,0
0,0,0,0,0,0,0,0
0,0,0,0,0,0,0,0
0,0,0,0,0,0,0,0
0,0,0,0,0,0,0,0
0,0,0,0,0,0,0,0
0,0,0,0,0,0,0,0
1,0,0,0,0,0,0,0
1,0,0,0,0,0,0,0
1,0,0,0,0,0,0,0
1,0,0,0,0,0,0,0
1,0,0,0,0,0,0,0
1,0,0,0,0,0,0,0
1,0,0,0,0,0,0,0
1,0,0,0,0,0,0,0
1,0,0,0,0,0,0,0
1,0,0,0,0,0,0,0
1,0,0,0,0,0,0,0
1,0,0,0,0,0,0,0
1,0,0,0,0,0,0,0
1,0,0,0,0,0,0,0
1,0,0,0,0,0,0,0
1,0,0,0,0,0,0,0
1,0,0,0,0,0,0,0
1,0.00230022,0.0690308,0.307091,-0.0270371,-0.00133514,-0.00685966,0.00064879
1,0.00220438,0.0602102,0.307091,-0.0265577,-0.00171661,-0.00684868,0.000678506
1,0.00220438,0.0637576,0.307091,-0.0265577,-0.00171661,-0.00681576,0.000688411
1,0.00220438,0.0694143,0.307091,-0.0265577,-0.00171661,-0.00685966,0.000673553
1,0.00220438,0.0730576,0.307091,-0.0265577,-0.00171661,-0.00684868,0.000673553
1,0.00220438,0.0779473,0.307091,-0.0265577,-0.00171661,-0.00683771,0.000678506
1,0.00220438,0.0817823,0.307091,-0.0265577,-0.00171661,-0.0067938,0.000698316
1,0.00220438,0.0865762,0.307091,-0.0265577,-0.00171661,-0.00676088,0.000713174
1,0.00220438,0.0876308,0.307091,-0.0265577,-0.00171661,-0.00671698,0.000732984
1,0.00220438,0.0903153,0.307091,-0.0265577,-0.00171661,-0.00671698,0.000737937
1,0.00220438,0.0908906,0.307091,-0.0265577,-0.00171661,-0.00672795,0.000723079
1,0.00220438,0.0924246,0.307091,-0.0265577,-0.00171661,-0.006706,0.000732984
1,0.00220438,0.0948215,0.307187,-0.0265577,-0.00171661,-0.00671698,0.000728032
1,0.00220438,0.0958761,0.307187,-0.0265577,-0.00171661,-0.00672795,0.000718126
1,0.00220438,0.0960679,0.307283,-0.0265577,-0.00171661,-0.0067499,0.000713174
1,0.00220438,0.096739,0.307283,-0.0265577,-0.00171661,-0.0066182,0.000767652
1,0.00220438,0.0969308,0.307379,-0.0265577,-0.00171661,-0.006706,0.000728032
1,0.00220438,0.0970267,0.307379,-0.0265577,-0.00171661,-0.00671698,0.000703269
1,0.00220438,0.0970267,0.307379,-0.0265577,-0.00171661,-0.0067499,0.000693363
1,0.00220438,0.0971225,0.307379,-0.0265577,-0.00171661,-0.006706,0.000713174
1,0.00220438,0.0971225,0.307475,-0.0265577,-0.00171661,-0.00667307,0.000713174
1,0.00220438,0.0972184,0.307475,-0.0265577,-0.00171661,-0.00648649,0.000797368
1,0.00220438,0.0972184,0.307475,-0.0265577,-0.00171661,-0.00656332,0.000752794
1,0.00220438,0.0973143,0.307571,-0.0265577,-0.00171661,-0.00658527,0.000747842
1,0.000191685,0.0127515,0.00278041,-0.0644288,-0.0043869,-0.013862,-0.000396208
1,9.58427e-05,0.000191752,0.00546494,-0.0277082,-0.0043869,0.000471944,-0.000614122
1,9.58427e-05,0.000287628,0.00546494,-0.0277082,-0.0043869,0.000439018,-0.000624027
1,9.58427e-05,0.000191752,0.00546494,-0.0277082,-0.0043869,0.000449994,-0.000619074
1,9.58427e-05,0.000191752,0.00546494,-0.0277082,-0.0043869,0.000460969,-0.000624027
1,9.58427e-05,0.000191752,0.00546494,-0.0277082,-0.0043869,0.000449994,-0.000614122
1,9.58427e-05,0.000191752,0.00546494,-0.0277082,-0.0043869,0.000460969,-0.000619074
1,9.58427e-05,9.58761e-05,0.00546494,-0.0277082,-0.0043869,0.000581699,-0.000564596
1,9.58427e-05,0,0.00546494,-0.0277082,-0.0043869,0.000592674,-0.000559643
1,9.58427e-05,0,0.00546494,-0.0277082,-0.0043869,0.000625601,-0.000544785
1,9.58427e-05,-9.58761e-05,0.00546494,-0.0277082,-0.0043869,0.000592674,-0.000564596
1,9.58427e-05,-0.000287628,0.00546494,-0.0277082,-0.0043869,0.000592674,-0.000549738
1,9.58427e-05,-0.000383505,0.00546494,-0.0277082,-0.0043869,0.000614625,-0.000544785
1,9.58427e-05,-0.000479381,0.00546494,-0.0277082,-0.0043869,0.000581699,-0.000554691
1,9.58427e-05,-0.000575257,0.00546494,-0.0277082,-0.0043869,0.000691454,-0.000510117
1,9.58427e-05,-0.000671133,0.00546494,-0.0277082,-0.0043869,0.000735355,-0.000490307
1,9.58427e-05,-0.000767009,0.00546494,-0.0277082,-0.0043869,0.000735355,-0.000490307
1,9.58427e-05,-0.000767009,0.00546494,-0.0277082,-0.0043869,0.000768282,-0.000505165
1,9.58427e-05,-0.000862885,0.00546494,-0.0277082,-0.0043869,0.000779257,-0.00051507
1,9.58427e-05,-0.000862885,0.00546494,-0.0277082,-0.0043869,0.000779257,-0.000510117
1,9.58427e-05,-0.000958761,0.00546494,-0.0277082,-0.0043869,0.000768282,-0.00051507
1,9.58427e-05,-0.00105464,0.00546494,-0.0277082,-0.0043869,0.000768282,-0.000510117
1,9.58427e-05,-0.00105464,0.00546494,-0.0277082,-0.0043869,0.000768282,-0.000510117
1,9.58427e-05,-0.00115051,0.00546494,-0.0277082,-0.0043869,0.000757306,-0.00051507
1,9.58427e-05,-0.00115051,0.00546494,-0.0277082,-0.0043869,0.000757306,-0.00051507
1,9.58427e-05,-0.00115051,0.00546494,-0.0277082,-0.0043869,0.000768282,-0.000505165
1,9.58427e-05,-0.00124639,0.00546494,-0.0277082,-0.0043869,0.000757306,-0.000510117
1,9.58427e-05,-0.00134227,0.00546494,-0.0277082,-0.0043869,0.000746331,-0.00051507
1,9.58427e-05,-0.00134227,0.00546494,-0.0277082,-0.0043869,0.000779257,-0.000505165
1,9.58427e-05,-0.00143814,0.00546494,-0.0277082,-0.0043869,0.000768282,-0.000505165
1,9.58427e-05,-0.00143814,0.00546494,-0.0277082,-0.0043869,0.000768282,-0.000505165
1,9.58427e-05,-0.00153402,0.00546494,-0.0277082,-0.0043869,0.000757306,-0.000510117
1,9.58427e-05,-0.00162989,0.00546494,-0.0277082,-0.0043869,0.000779257,-0.000500212
1,9.58427e-05,-0.00162989,0.00546494,-0.0277082,-0.0043869,0.000768282,-0.000500212
1,9.58427e-05,-0.00162989,0.00546494,-0.0277082,-0.0043869,0.000768282,-0.000500212
1,9.58427e-05,-0.00182165,0.00546494,-0.0277082,-0.0043869,0.000757306,-0.000500212
1,9.58427e-05,-0.0020134,0.00546494,-0.0277082,-0.0043869,0.000735355,-0.000520022
1,9.58427e-05,-0.00210928,0.00546494,-0.0277082,-0.0043869,0.000735355,-0.000505165
1,9.58427e-05,-0.00220515,0.00546494,-0.0277082,-0.0043869,0.000746331,-0.000500212
1,9.58427e-05,-0.00220515,0.00546494,-0.0277082,-0.0043869,0.000757306,-0.00049526
1,9.58427e-05,-0.0023969,0.00546494,-0.0277082,-0.0043869,0.000735355,-0.000500212
1,9.58427e-05,-0.0023969,0.00546494,-0.0277082,-0.0043869,0.000746331,-0.000510117
1,9.58427e-05,-0.0023969,0.00546494,-0.0277082,-0.0043869,0.000735355,-0.000500212
1,9.58427e-05,-0.00249278,0.00546494,-0.0277082,-0.0043869,0.000691454,-0.000520022
1,9.58427e-05,-0.00258866,0.00546494,-0.0277082,-0.0043869,0.00072438,-0.000505165
1,9.58427e-05,-0.00258866,0.00546494,-0.0277082,-0.0043869,0.000702429,-0.000520022
1,9.58427e-05,-0.00258866,0.00546494,-0.0277082,-0.0043869,0.000713404,-0.000510117
1,9.58427e-05,-0.00268453,0.00546494,-0.0277082,-0.0043869,0.000735355,-0.000505165
1,9.58427e-05,-0.00268453,0.00546494,-0.0277082,-0.0043869,0.000713404,-0.000510117
1,9.58427e-05,-0.00268453,0.00546494,-0.0277082,-0.0043869,0.000702429,-0.00051507
1,9.58427e-05,-0.00268453,0.00556082,-0.0277082,-0.0043869,0.000702429,-0.00051507
1,9.58427e-05,-0.00278041,0.00556082,-0.0277082,-0.0043869,0.000702429,-0.00051507
1,9.58427e-05,-0.00278041,0.00556082,-0.0277082,-0.0043869,0.000691454,-0.00051507
1,9.58427e-05,-0.00278041,0.00556082,-0.0277082,-0.0043869,0.000713404,-0.000505165
1,9.58427e-05,-0.00278041,0.00556082,-0.0277082,-0.0043869,0.000713404,-0.000505165
1,9.58427e-05,-0.00287628,0.00556082,-0.0277082,-0.0043869,0.000691454,-0.000510117
1,9.58427e-05,-0.00287628,0.00556082,-0.0277082,-0.0043869,0.000702429,-0.000505165
1,9.58427e-05,-0.00287628,0.00556082,-0.0277082,-0.0043869,0.000680478,-0.000520022
1,9.58427e-05,-0.00287628,0.00556082,-0.0277082,-0.0043869,0.000702429,-0.000510117
1,9.58427e-05,-0.00287628,0.00556082,-0.0277082,-0.0043869,0.000702429,-0.000500212
1,9.58427e-05,-0.00287628,0.00556082,-0.0277082,-0.0043869,0.000702429,-0.000505165
1,9.58427e-05,-0.00287628,0.00556082,-0.0277082,-0.0043869,0.000691454,-0.000505165
1,9.58427e-05,-0.00287628,0.00556082,-0.0277082,-0.0043869,0.000680478,-0.000505165
1,9.58427e-05,-0.00287628,0.00565669,-0.0277082,-0.0043869,0.000680478,-0.000505165
1,9.58427e-05,-0.00287628,0.00565669,-0.0277082,-0.0043869,0.00072438,-0.000500212
1,9.58427e-05,-0.00287628,0.00613607,-0.0277082,-0.0043869,0.000647552,-0.000490307
1,9.58427e-05,-0.00297216,0.00968349,-0.0276123,-0.0043869,0.000625601,-0.000460591
1,9.58427e-05,-0.00297216,0.00968349,-0.0276123,-0.0043869,0.00060365,-0.000460591
1,9.58427e-05,-0.00297216,0.00968349,-0.0276123,-0.0043869,0.00060365,-0.000470497
1,9.58427e-05,-0.00297216,0.00968349,-0.0276123,-0.0043869,0.000691454,-0.000510117
1,9.58427e-05,-0.00297216,0.00968349,-0.0276123,-0.0043869,0.000614625,-0.000460591
1,9.58427e-05,-0.00297216,0.00968349,-0.0276123,-0.0043869,0.000625601,-0.000480402
1,9.58427e-05,-0.00297216,0.00968349,-0.0276123,-0.0043869,0.000680478,-0.000505165
1,9.58427e-05,-0.00297216,0.00968349,-0.0276123,-0.0043869,0.00060365,-0.000480402
1,9.58427e-05,-0.00297216,0.00968349,-0.0276123,-0.0043869,0.000647552,-0.000475449
1,9.58427e-05,-0.00297216,0.00968349,-0.0276123,-0.0043869,0.00060365,-0.000475449
1,9.58427e-05,-0.00297216,0.00968349,-0.0276123,-0.0043869,0.000702429,-0.00049526
1,9.58427e-05,-0.00297216,0.00968349,-0.0276123,-0.0043869,0.000713404,-0.00040116
1,9.58427e-05,-0.00297216,0.00968349,-0.0276123,-0.0043869,0.000746331,-0.000386302
1,9.58427e-05,-0.00297216,0.00968349,-0.0276123,-0.0043869,0.000746331,-0.000411065
1,9.58427e-05,-0.00297216,0.00968349,-0.0276123,-0.0043869,0.000757306,-0.000425923
1,9.58427e-05,-0.00297216,0.00968349,-0.0276123,-0.0043869,0.000680478,-0.000420971
1,9.58427e-05,-0.00297216,0.00968349,-0.0276123,-0.0043869,0.00072438,-0.000416018
1,9.58427e-05,-0.00297216,0.00968349,-0.0276123,-0.0043869,0.000735355,-0.000416018
0,-0,0.100958,0.344099,-0.0265577,-0.00324249,-0.000658527,0.000485354
0,-0,0.100958,0.344099,-0.0265577,-0.00324249,-0.000625601,0.000490307
0,-0,0.100958,0.344099,-0.0265577,-0.00324249,-0.000647552,0.000465544
0,-0,0.100958,0.344099,-0.0265577,-0.00324249,-0.000581699,0.00049526
0,-0,0.100958,0.344099,-0.0265577,-0.00324249,-0.000592674,0.000480402
0,-0,0.100958,0.344099,-0.0265577,-0.00324249,-0.00060365,0.000475449
0,-0,0.100958,0.344099,-0.0265577,-0.00324249,-0.000636576,0.000460591
0,-0,0.100958,0.344099,-0.0265577,-0.00324249,-0.000614625,0.000470497
0,-0,0.101053,0.344099,-0.0265577,-0.00324249,-0.000691454,0.000435828
0,-0,0.101053,0.344099,-0.0265577,-0.00324249,-0.000680478,0.000440781
0,-0,0.101053,0.344099,-0.0265577,-0.00324249,-0.000768282,0.000386302
0,-0,0.101053,0.344099,-0.0265577,-0.00324249,-0.000713404,0.000411065
0,-0,0.101053,0.344099,-0.0265577,-0.00324249,-0.000768282,0.000386302
0,-0,0.101053,0.344099,-0.0265577,-0.00324249,-0.000691454,0.000406113
0,-0,0.101053,0.344099,-0.0265577,-0.00324249,-0.000713404,0.000396208
0,-0,0.101053,0.344099,-0.0265577,-0.00324249,-0.000614625,0.000440781
0,-0,0.101053,0.344099,-0.0265577,-0.00324249,-0.000570724,0.000450686
0,-0,0.101053,0.344099,-0.0265577,-0.00324249,-0.000768282,0.000361539
0,-0,0.101053,0.344099,-0.0265577,-0.00324249,-0.000691454,0.000396208
0,-0,0.101053,0.344099,-0.0265577,-0.00324249,-0.000647552,0.000416018
0,-0,0.101053,0.344099,-0.0265577,-0.00324249,-0.00072438,0.00038135
0,-0,0.101053,0.344099,-0.0265577,-0.00324249,-0.000625601,0.000425923
0,-0,0.101149,0.344099,-0.0265577,-0.00324249,-0.00060365,0.000425923
0,-0,0.101149,0.344099,-0.0265577,-0.00324249,-0.00060365,0.000425923
0,-0,0.101149,0.344099,-0.0265577,-0.00324249,-0.000614625,0.000416018
0,-0,0.101149,0.334032,-0.0254072,-0.00324249,-0.000691454,0.000356587
3,-0,0.111312,0.0251195,-0.0308721,-0.00476837,0.358283,0.0127727
3,-0,0.110641,0.0290505,-0.0284752,-0.00362396,0.570383,-0.00272393
3,-0,0.110641,0.0290505,-0.0284752,-0.00362396,0.570372,-0.00272888
3,-0,0.110545,0.0290505,-0.0284752,-0.00362396,0.570427,-0.00270412
3,-0,0.110449,0.0290505,-0.0284752,-0.00362396,0.570449,-0.00269421
3,-0,0.110449,0.0290505,-0.0284752,-0.00362396,0.573072,-0.00152045
3,-0,0.110353,0.0290505,-0.0284752,-0.00362396,0.57305,-0.00153035
3,-0,0.110258,0.0290505,-0.0284752,-0.00362396,0.573039,-0.0015353
3,-0,0.110162,0.0290505,-0.0284752,-0.00362396,0.573039,-0.0015353
3,-0,0.10997,0.0290505,-0.0284752,-0.00362396,0.57327,-0.0014313
3,-0,0.109874,0.0290505,-0.0284752,-0.00362396,0.573281,-0.00142635
3,-0,0.109778,0.0290505,-0.0284752,-0.00362396,0.57327,-0.0014313
3,-0,0.109682,0.0290505,-0.0284752,-0.00362396,0.573292,-0.00142139
3,-0,0.109491,0.0290505,-0.0284752,-0.00362396,0.573292,-0.00142139
3,-0,0.106518,0.0290505,-0.0284752,-0.00362396,0.574214,-0.00100538
3,-0,0.106518,0.0290505,-0.0284752,-0.00362396,0.574137,-0.00104004
3,-0,0.106518,0.0290505,-0.0284752,-0.00362396,0.57417,-0.00102519
3,-0,0.106518,0.0290505,-0.0284752,-0.00362396,0.57428,-0.000975661
3,-0,0.106518,0.0290505,-0.0284752,-0.00362396,0.574236,-0.000995472
3,-0,0.106327,0.0290505,-0.0284752,-0.00362396,0.575805,-0.000287251
3,-0,0.106327,0.0290505,-0.0284752,-0.00362396,0.575827,-0.000277345
3,-0,0.106327,0.0290505,-0.0284752,-0.00362396,0.575794,-0.000292203
3,-0,0.106327,0.0290505,-0.0284752,-0.00362396,0.575838,-0.000272393
3,-0,0.106327,0.0290505,-0.0284752,-0.00362396,0.575827,-0.000277345
3,-0,0.106327,0.0290505,-0.0284752,-0.00362396,0.575981,-0.000208009
3,-0,0.106231,0.0290505,-0.0284752,-0.00362396,0.575937,-0.000227819
3,-0,0.106135,0.0290505,-0.0284752,-0.00362396,0.57597,-0.000212962
3,-0,0.106135,0.0290505,-0.0284752,-0.00362396,0.575981,-0.000208009
3,-0,0.106039,0.0289546,-0.0284752,-0.00362396,0.575948,-0.000222867
3,-0,0.106039,0.0289546,-0.0284752,-0.00362396,0.576003,-0.000198104
3,-0,0.105943,0.0289546,-0.0284752,-0.00362396,0.575992,-0.000203056
3,-0,0.105943,0.0289546,-0.0284752,-0.00362396,0.576003,-0.000198104
3,-0,0.105943,0.0289546,-0.0284752,-0.00362396,0.575981,-0.000208009
3,-0,0.105847,0.0289546,-0.0284752,-0.00362396,0.575992,-0.000203056
3,-0,0.105847,0.0289546,-0.0284752,-0.00362396,0.575937,-0.000227819
1,-0,0.103259,0.0288587,-0.0255989,-0.00362396,0.136085,-0.00277345
5,-0,0.10508,0.00834122,-0.0326938,-0.00400543,0.243798,0.00260011
5,-0,0.102012,0.0137103,-0.0283793,-0.00400543,0.557312,-0.000272393
5,-0,0.102012,0.0137103,-0.0283793,-0.00400543,0.557421,-0.000232772
5,-0,0.102012,0.0137103,-0.0283793,-0.00400543,0.557432,-0.000232772
5,-0,0.102012,0.0137103,-0.0283793,-0.00400543,0.55741,-0.00024763
4,-0,0.105368,0.0088206,-0.0320226,-0.0043869,0.141528,-0.000653743
5,-0,0.104697,0.0146691,-0.0283793,-0.00400543,0.573237,-0.000475449
5,-0,0.104697,0.0146691,-0.0283793,-0.00400543,0.574433,-0.000980614
5,-0,0.104697,0.0146691,-0.0283793,-0.00400543,0.574477,-0.000960803
5,-0,0.104697,0.0146691,-0.0283793,-0.00400543,0.574477,-0.000960803
5,-0,0.104697,0.0146691,-0.0283793,-0.00400543,0.574411,-0.000990519
5,-0,0.104697,0.0146691,-0.0283793,-0.00400543,0.574433,-0.000980614
5,-0,0.104697,0.0146691,-0.0283793,-0.00400543,0.574488,-0.000955851
5,-0,0.104697,0.0146691,-0.0283793,-0.00400543,0.574433,-0.000980614
0,-0,0.104793,0.0146691,-0.0283793,-0.00400543,0.568517,-0.00142635
4,-0,0.106518,0.00958761,-0.0288587,-0.00400543,0.0845329,0.000559643
5,-0,0.105464,0.0157237,-0.0284752,-0.00400543,0.571887,4.9526e-06
5,-0,0.10556,0.0157237,-0.0284752,-0.00400543,0.572128,-2.97156e-05
5,-0,0.10556,0.0157237,-0.0284752,-0.00400543,0.572084,-4.45734e-05
5,-0,0.10556,0.0157237,-0.0284752,-0.00400543,0.574466,0.000163436
5,-0,0.10556,0.0157237,-0.0284752,-0.00400543,0.574521,0.000178293
5,-0,0.10556,0.0157237,-0.0284752,-0.00400543,0.574532,0.000183246
5,-0,0.10556,0.0157237,-0.0284752,-0.00400543,0.57451,0.000173341
5,-0,0.10556,0.0157237,-0.0284752,-0.00400543,0.574532,0.000173341
5,-0,0.10556,0.0157237,-0.0284752,-0.00400543,0.574532,0.000173341
5,-0,0.10556,0.0157237,-0.0284752,-0.00400543,0.574543,0.000168388
5,-0,0.10556,0.0157237,-0.0284752,-0.00400543,0.575597,-0.000331824
5,-0,0.10556,0.0157237,-0.0284752,-0.00400543,0.575586,-0.000336776
5,-0,0.10556,0.0157237,-0.0284752,-0.00400543,0.575608,-0.000326871
5,-0,0.10556,0.0157237,-0.0284752,-0.00400543,0.575619,-0.000321919
5,-0,0.10556,0.0157237,-0.0284752,-0.00400543,0.576332,0
5,-0,0.10556,0.0157237,-0.0284752,-0.00400543,0.576376,1.98104e-05
5,-0,0.10556,0.0157237,-0.0284752,-0.00400543,0.576332,4.9526e-06
5,-0,0.10556,0.0157237,-0.0284752,-0.00400543,0.576376,2.4763e-05
5,-0,0.10556,0.0157237,-0.0284752,-0.00400543,0.576343,9.90519e-06
5,-0,0.10556,0.0157237,-0.0284752,-0.00400543,0.576354,1.48578e-05
5,-0,0.10556,0.0157237,-0.0284752,-0.00400543,0.57631,-4.9526e-06
5,-0,0.10556,0.0157237,-0.0284752,-0.00400543,0.576321,0
5,-0,0.10556,0.0157237,-0.0284752,-0.00400543,0.576354,1.48578e-05
5,-0,0.10556,0.0157237,-0.0284752,-0.00400543,0.576321,0
5,-0,0.10556,0.0157237,-0.0284752,-0.00400543,0.57653,9.40993e-05
5,-0,0.10556,0.0157237,-0.0284752,-0.00400543,0.576497,7.92415e-05
5,-0,0.10556,0.0157237,-0.0284752,-0.00400543,0.576519,8.91467e-05
5,-0,0.10556,0.0157237,-0.0284752,-0.00400543,0.57653,9.40993e-05
5,-0,0.10556,0.0157237,-0.0284752,-0.00400543,0.576508,8.41941e-05
5,-0,0.10556,0.0157237,-0.0284752,-0.00400543,0.576486,7.42889e-05
5,-0,0.10556,0.0157237,-0.0284752,-0.00400543,0.576508,8.41941e-05
5,-0,0.10556,0.0157237,-0.0284752,-0.00400543,0.576508,8.41941e-05
5,-0,0.10556,0.0157237,-0.0284752,-0.00400543,0.576486,7.42889e-05
1,-0,0.105943,0.0163948,-0.0279958,-0.0043869,0.0631418,-0.00260011
5,-0,0.10719,0.00977937,-0.030201,-0.00324249,0.258944,0.00546271
1,9.58427e-05,0.0179288,0.177946,-0.0174495,-0.00324249,0.0197119,-4.9526e-05
2,0.00162933,0.00488968,0.00249278,-0.0569504,-0.00514984,0.111346,0.00299137
3,0.00105427,0.00632783,0.00556082,-0.0281876,-0.0043869,0.211552,0.00251097
0,-0.00709236,0.155032,0.0156278,-0.0287628,-0.00400543,0.577473,-0.00013372
1,-0.00517551,0.100958,0.0181206,-0.028667,-0.00400543,0.214131,-0.00211971
2,-0.00421708,-0.0156278,0.0119845,-0.023969,-0.00247955,0.0313349,-0.00254068
3,0.00220438,0.00220515,0.0195587,-0.0307762,-0.00324249,0.127008,0.00105986
4,0.00220438,0.000479381,0.0202299,-0.0313515,-0.0043869,0.168791,0.00114405
0,0.0020127,-0.000767009,0.0218598,-0.0284752,-0.00362396,0.576354,0.000445734
1,0.0020127,-0.00172577,0.0220515,-0.0238732,-0.00324249,0.253237,-0.000807273
2,0.0020127,-0.00143814,0.00929999,-0.0334608,-0.00400543,0.0359666,-0.00359063
4,0.0020127,-0.00153402,0.0130392,-0.0314474,-0.00400543,0.151384,0.000361539
0,9.58427e-05,-0.000287628,0.0166824,-0.0284752,-0.00362396,0.558585,0.000158483
2,9.58427e-05,0.0644288,0.0576216,-0.0353783,-0.00362396,0.0721855,-0.00166902
3,9.58427e-05,0.246114,0.198368,-0.0301051,-0.00400543,0.107197,0.000609169
5,0.00220438,0.644479,0.499611,-0.0283793,-0.00324249,0.156027,0.00395712
0,0,0,0,0,0,0,0
1,0,0,0,0,0,0,0
0,-0.000958427,0.0898359,0.299229,-0.0310639,-0.00209808,-0.00577309,-0.000480402
1,-0.000862584,0.00460205,0.138829,-0.0204216,-0.00362396,0.0101194,0.000886515
2,0.0278902,0.059635,0.0313515,-0.0761257,-0.00896454,0.0376019,0.0035213
3,0.0984304,0.245059,0.126748,-0.0291463,-0.00476837,0.105573,0.00284774
4,0.181526,0.435374,0.291368,-0.030968,-0.00705719,0.112839,-0.00111433
5,0.261363,0.618593,0.434798,-0.0289546,-0.0043869,0.12917,0.00255554
6,0.349826,0.806606,0.586283,-0.0305845,-0.00514984,0.128545,0.00598769
0,-0.0650772,0.0468834,0.0630865,-0.0288587,-0.0043869,0.578384,-0.00112919
1,-0.0650772,0.0468834,0.0630865,-0.0288587,-0.0043869,0.578384,-0.00112919
2,-0.0650772,0.0468834,0.0630865,-0.0288587,-0.0043869,0.578384,-0.00112919
4,-0.0650772,0.0468834,0.0630865,-0.0288587,-0.0043869,0.578384,-0.00112919
5,-0.0650772,0.0468834,0.0630865,-0.0288587,-0.0043869,0.578384,-0.00112919
6,-0.0650772,0.0468834,0.0630865,-0.0288587,-0.0043869,0.578384,-0.00112919
0,0.000958427,0.0908906,0.361837,-0.0331731,-0.00247955,-0.004917,-0.000252582
1,-0.0177309,0.0741123,0.286861,-0.0237773,-0.00133514,-0.122278,-0.00255554
2,-0.0334491,0.0803442,0.113326,-0.0446783,-0.0043869,-0.0214131,0.000549738
3,0.0284653,0.257619,0.169701,-0.033269,-0.0043869,-0.175904,-0.00196123
4,0.105523,0.417445,0.299421,-0.0289546,-0.00629425,-0.0550199,0.00384817
5,0.190535,0.557616,0.449467,-0.0279958,-0.0043869,0.0504103,0.0027586
6,0.265293,0.692609,0.590981,-0.0290505,-0.00514984,0.13986,0.00100042
7,0.3458,0.8486,0.750998,-0.0307762,-0.00514984,0.142878,0.00211476
0,-0.0142806,-0.0064237,0.0279958,-0.0291463,-0.0043869,0.559342,0.000217914
1,-0.0065173,-0.0064237,0.0279958,-0.0241608,-0.0043869,0.18577,-0.00121339
2,0.0379537,0.0606896,0.0478422,-0.0335567,-0.00476837,0.0595528,-0.00115891
3,0.11319,0.227226,0.169413,-0.0303927,-0.00553131,0.109502,-0.000658695
5,0.274302,0.616579,0.467971,-0.028667,-0.00476837,0.157092,0.00454648
6,0.356056,0.804209,0.621373,-0.0296257,-0.00476837,0.153492,0.00488821
0,0,0,0,0,0,0,0
1,-0.000191685,-0.020134,0.132213,-0.0191752,-0.00400543,0.0121937,0.000351634
2,0.0281777,0.0452535,0.0279958,-0.0786184,-0.00514984,0.0300727,0.002298
3,0.103127,0.185041,0.109395,-0.0320226,-0.0043869,0.113387,0.00319442
4,0.188043,0.328184,0.272097,-0.0310639,-0.00476837,0.0931926,-0.00262488
6,0.348963,0.639782,0.56471,-0.030968,-0.00476837,0.119775,0.00608179
0,0,0,0,0,0,0,0
1,0,0,0,0,0,0,0
0,0.000958427,0.0836999,0.302106,-0.0312556,-0.00400543,-0.00622308,0.000198104
1,0.00105427,-0.00162989,0.144773,-0.020901,-0.00400543,0.012073,0.000718126
2,0.0727446,0.0547453,0.013902,-0.0709483,-0.0082016,0.0216655,0.00239706
3,0.238648,0.206805,0.0901236,-0.0350907,-0.00667572,0.0741611,0.00264964
4,0.416245,0.313994,0.233171,-0.030968,-0.0082016,0.0847744,0.00125796
5,0.610805,0.44266,0.386093,-0.030201,-0.00553131,0.0998876,0.00233763
6,0.788498,0.570175,0.519553,-0.030201,-0.00591278,0.104695,0.00389769
7,0.975295,0.710155,0.646972,-0.030201,-0.00514984,0.132452,0.0041057
8,1.15625,0.846203,0.764996,-0.0288587,-0.00514984,0.128084,0.00641856
0,0,0,0,0,0,0,0
0,0,0,0,0,0,0,0
1,0.000191685,-0.00546494,0.156662,-0.0248319,-0.00362396,0.0117767,0.000663648
2,0.0522343,0.0306804,0.00373917,-0.0651958,-0.00896454,0.0696612,0.00615112
3,0.181334,0.146499,0.0640453,-0.0349948,-0.00705719,0.11015,0.00299137
4,0.320402,0.231445,0.183795,-0.0269412,-0.00705719,0.180283,0.00522499
5,0.472025,0.324061,0.283314,-0.0282835,-0.0043869,0.183082,0.0097269
6,0.604192,0.433456,0.371616,-0.0298175,-0.00667572,0.164434,0.0111285
7,0.752173,0.536427,0.46615,-0.0324061,-0.00514984,0.174082,0.0106085
8,0.900825,0.637576,0.571326,-0.0315433,-0.00591278,0.174137,0.0126935
9,1.04325,0.723481,0.657519,-0.0312556,-0.0043869,0.169351,0.0139118
10,1.1896,0.828945,0.754258,-0.0327896,-0.0043869,0.161504,0.0152391
11,1.32042,0.929807,0.84975,-0.0306804,-0.0043869,0.203265,0.0179234
0,0,0,0,0,0,0,0
1,0,0,0,0,0,0,0
0,0.000958427,0.0584844,0.306228,-0.034036,-0.00324249,-0.00503773,9.90519e-06
1,0.000766741,-0.0245443,0.15206,-0.0219556,-0.00362396,0.0114803,0.000604217
2,0.0506049,0.0149567,0.00268453,-0.0659628,-0.00629425,0.0656661,0.00774586
3,0.177213,0.115914,0.06347,-0.0352824,-0.00705719,0.118634,0.00102519
4,0.311585,0.2139,0.18389,-0.0259824,-0.00362396,0.186012,0.00671572
5,0.458511,0.31083,0.281301,-0.0291463,-0.00400543,0.176793,0.00926631
6,0.610901,0.424635,0.372671,-0.032502,-0.00553131,0.147587,0.0130105
7,0.746902,0.518786,0.463657,-0.0319268,-0.00514984,0.141693,0.0136593
8,0.891049,0.625879,0.569217,-0.031735,-0.0043869,0.15066,0.0126143
9,1.02446,0.711689,0.655026,-0.0313515,-0.00400543,0.171327,0.0148726
11,1.30011,0.91485,0.849463,-0.0302969,-0.00400543,0.222319,0.0238666
0,0,0,0,0,0,0,0
1,0.000862584,-0.0182165,0.137295,-0.0194629,-0.00362396,0.0120181,0.0012431
2,0.0433209,0.0222433,0.00325979,-0.062703,-0.00858307,-0.0278118,0.0897559
3,0.147023,0.115243,0.0442948,-0.031735,-0.00629425,-0.0149266,0.208108
4,0.274589,0.184945,0.146211,-0.028667,-0.00591278,-0.0649198,0.323251
5,0.390751,0.273726,0.224446,-0.0287628,-0.00286102,-0.22852,0.404483
6,0.496848,0.355317,0.289738,-0.0295299,-0.00362396,-0.304799,0.508151
7,0.622211,0.440359,0.374876,-0.0283793,-0.00362396,-0.321767,0.627236
8,0.740385,0.513896,0.453207,-0.0293381,-0.00400543,-0.354178,0.735559
9,0.865172,0.602006,0.538728,-0.0289546,-0.00247955,-0.423082,0.828089
10,0.980758,0.679187,0.61006,-0.0301051,-0.00209808,-0.457852,0.923491
11,1.10152,0.776405,0.704594,-0.029434,-0.000190735,-0.497144,1.03108
0,1.49035,0.954351,0.942463,-0.0279958,0.000572205,-1.56414,1.49295
1,1.38742,0.887717,0.854256,-0.0214763,0.0185013,-1.23623,1.48196
2,1.20503,0.750806,0.694047,-0.0339402,0.00972748,-0.83634,1.43235
3,1.13957,0.718112,0.695006,-0.0223391,-0.00591278,-0.581853,1.33709
4,1.13535,0.746875,0.699225,-0.0240649,0.00324249,-0.379037,1.21179
5,1.13372,0.768447,0.696061,-0.0291463,0.000190735,-0.192334,1.08679
6,1.13056,0.751477,0.69817,-0.0227226,0.000190735,-0.157586,1.03926
7,1.1296,0.748122,0.69376,-0.030968,-0.000190735,-0.237245,1.03887
8,1.12864,0.752436,0.691842,-0.0306804,-0.000190735,-0.32866,1.03876
9,1.12864,0.754929,0.690596,-0.0324061,-0.000190735,-0.402777,1.04072
10,1.12855,0.75234,0.691075,-0.0311597,-0.000572205,-0.48562,1.03451
11,1.12836,0.754066,0.690404,-0.0315433,0.000572205,-0.522223,1.03031
12,1.12193,0.754258,0.690596,-0.0306804,-0.000190735,-0.559035,1.03216
14,1.12146,0.754641,0.690788,-0.0305845,-0.000190735,-0.654192,1.03622
0,1.10478,0.760106,0.695102,-0.0268453,-0.000190735,-1.56636,1.03681
1,1.10507,0.755888,0.695006,-0.0280917,0.000190735,-1.25411,1.04324
2,1.10507,0.747834,0.695006,-0.0275165,-0.000190735,-0.685077,1.06419
3,1.10507,0.748505,0.695006,-0.0280917,-0.000190735,-0.149025,1.07229
4,1.10507,0.746971,0.699512,-0.0232979,-0.00286102,0.0437262,1.04897
5,1.10507,0.746396,0.698554,-0.0256948,-0.000190735,-0.0229936,1.03433
6,1.10507,0.749272,0.695198,-0.0276123,-0.000190735,-0.104892,1.03593
7,1.10507,0.74956,0.69328,-0.0271329,-0.000190735,-0.176156,1.03376
8,1.10507,0.747163,0.691842,-0.0318309,-0.000572205,-0.268624,1.03563
9,1.10507,0.747067,0.690692,-0.032502,-0.000572205,-0.383285,1.03454
10,1.10507,0.747259,0.690212,-0.0311597,-0.000190735,-0.444396,1.03532
11,1.10507,0.746683,0.690692,-0.0307762,-0.000190735,-0.470331,1.03371
12,1.10516,0.747067,0.691746,-0.0300092,-0.000190735,-0.502445,1.03127
14,1.10516,0.746588,0.691842,-0.0300092,-0.000190735,-0.60466,1.03477
0,1.11034,0.746204,0.69702,-0.0264618,-0.000190735,-1.5611,1.0336
1,1.11024,0.746012,0.69702,-0.0268453,-0.000190735,-1.26256,1.03944
2,1.11015,0.746779,0.69702,-0.0267494,-0.000190735,-0.693034,1.05448
3,1.11015,0.748026,0.69702,-0.0268453,-0.000190735,-0.140618,1.06341
4,1.11015,0.745629,0.700471,-0.023202,-0.00171661,0.0362519,1.04225
5,1.11015,0.746875,0.698937,-0.0278041,-0.000190735,-0.0444835,1.03344
6,1.11015,0.748697,0.696253,-0.0267494,-0.000190735,-0.114704,1.03323
7,1.11015,0.74956,0.694239,-0.0275165,-0.000190735,-0.192729,1.03203
8,1.11015,0.747738,0.692609,-0.0318309,-0.000572205,-0.297193,1.03445
9,1.11015,0.747834,0.692226,-0.0326938,-0.000190735,-0.401131,1.03138
10,1.11015,0.747355,0.691842,-0.031735,-0.000190735,-0.451256,1.03194
11,1.11015,0.746971,0.692897,-0.0307762,-0.000190735,-0.501523,1.03196
12,1.11015,0.746396,0.693376,-0.0311597,-0.000190735,-0.545074,1.03182
14,1.11015,0.746204,0.69491,-0.0307762,-0.000190735,-0.666583,1.02943
0,1.10181,0.746683,0.699033,-0.0260783,-0.000190735,-1.56338,1.03211
1,1.1019,0.746492,0.698937,-0.0265577,-0.000190735,-1.27725,1.03572
2,1.102,0.746971,0.698937,-0.0264618,-0.000190735,-0.705524,1.04745
3,1.102,0.748313,0.698937,-0.0265577,-0.000190735,-0.155182,1.04915
4,1.102,0.746012,0.701334,-0.0234897,0.000190735,0.0568199,1.03922
6,1.102,0.750135,0.696348,-0.0281876,-0.000190735,-0.093006,1.03234
7,1.102,0.749751,0.69654,-0.0255989,-0.000572205,-0.177199,1.02982
8,1.102,0.748601,0.69328,-0.0316391,-0.000572205,-0.261512,1.03415
9,1.102,0.748793,0.69376,-0.0318309,-0.000572205,-0.366064,1.03026
10,1.102,0.748984,0.694143,-0.031735,-0.000190735,-0.432707,1.03147
11,1.1021,0.748601,0.693856,-0.030201,-0.000190735,-0.472054,1.034
12,1.1021,0.748217,0.693856,-0.0307762,-0.000190735,-0.512587,1.03031
14,1.1021,0.747067,0.695677,-0.030968,-0.000190735,-0.667659,1.02622
0,-0.0427458,0.177946,0.123393,-0.0279958,-0.00133514,0.189052,-0.0238517
1,0.0568347,0.253688,0.188205,-0.0298175,-0.000953674,0.168407,0.128609
2,0.276602,0.441222,0.337005,-0.0283793,-0.00476837,0.166487,0.385768
3,0.480268,0.635947,0.481202,-0.0280917,-0.00400543,0.173237,0.645442
4,0.694668,0.818878,0.63307,-0.0291463,-0.00324249,0.173258,0.905711
5,0.906288,0.8114,0.694431,-0.0269412,-0.00362396,0.019657,1.02421
6,1.04842,0.764804,0.700279,-0.0265577,0.00705719,-0.0821622,1.02615
7,1.06692,0.759627,0.701909,-0.0236814,0.00171661,-0.167134,1.02361
8,1.06903,0.776693,0.70095,-0.0308721,-0.000190735,-0.24607,1.02504
9,1.07497,0.777076,0.699129,-0.0321185,-0.000190735,-0.346034,1.02411
10,1.07497,0.769885,0.700279,-0.0306804,0.000190735,-0.404632,1.02382
11,1.07497,0.769885,0.701334,-0.0299134,-0.000190735,-0.44725,1.02424
12,1.07507,0.769502,0.701142,-0.0307762,0.000190735,-0.488067,1.02186
14,1.07507,0.768064,0.702005,-0.0303927,0.000190735,-0.572699,1.01595
0,1.09491,0.754929,0.706511,-0.0261742,-0.000190735,-1.55764,1.02879
1,1.09472,0.756367,0.706511,-0.0264618,0.000190735,-1.25401,1.03162
2,1.09472,0.766722,0.706511,-0.0264618,-0.000190735,-0.664465,1.03813
3,1.09472,0.773625,0.706511,-0.0265577,-0.000190735,-0.094806,1.03482
5,1.09472,0.766817,0.70632,-0.0280917,0.000190735,-0.0441213,1.01299
6,1.09472,0.770461,0.703539,-0.0269412,-0.000190735,-0.116943,1.01116
7,1.09472,0.770557,0.699321,-0.0280917,-0.000190735,-0.194639,1.00971
8,1.09472,0.768831,0.698266,-0.030968,-0.000190735,-0.28635,1.01005
9,1.09472,0.769118,0.697787,-0.0316391,0.000190735,-0.381079,1.0108
10,1.09472,0.768735,0.699416,-0.031735,0.000572205,-0.462571,1.00924
11,1.09472,0.768543,0.699225,-0.0305845,0.000953674,-0.505628,1.01077
14,1.09472,0.768543,0.699896,-0.0300092,0.000190735,-0.644259,1.00807
0,1.09462,0.765859,0.702389,-0.0261742,-0.000190735,-1.55736,1.01167
2,1.09472,0.767201,0.702389,-0.0264618,-0.000190735,-0.66238,1.02134
3,1.09472,0.76979,0.702293,-0.0268453,-0.000190735,-0.106638,1.01953
4,1.09472,0.766817,0.70584,-0.0229144,-0.00133514,0.060815,1.01398
5,1.09472,0.768735,0.703635,-0.0256948,0.000190735,-0.0157278,1.01286
6,1.09472,0.770269,0.699416,-0.0280917,-0.000190735,-0.0982193,1.0108
8,1.09472,0.769406,0.697211,-0.0310639,-0.000190735,-0.260546,1.01108
9,1.09472,0.768735,0.69654,-0.032502,-0.000190735,-0.371168,1.00955
10,1.09472,0.768735,0.69702,-0.0311597,0.000190735,-0.446481,1.01371
11,1.09481,0.768351,0.697499,-0.0308721,0.000190735,-0.498406,1.01231
12,1.09481,0.768447,0.697882,-0.0302969,0.000572205,-0.545941,1.01
14,1.09481,0.768447,0.699992,-0.0301051,0.000572205,-0.651624,1.00719
0,-0.0699652,0.547165,0.462411,-0.0282835,-0.000572205,-0.0117767,1.0132
1,0.0383371,0.606129,0.507377,-0.0336525,-0.00514984,0.279358,1.0194
2,0.271906,0.768351,0.665572,-0.0221474,-0.00400543,0.356812,1.0225
3,0.477776,0.810058,0.703443,-0.0232979,-0.00476837,0.103938,1.00934
4,0.706073,0.788965,0.691938,-0.030201,0.00286102,-0.0389409,1.00583
5,0.914914,0.771995,0.697403,-0.0248319,-0.000190735,-0.0340349,1.01124
7,1.07919,0.781103,0.69654,-0.0279,0.00286102,-0.174982,1.01109
8,1.0812,0.776597,0.695006,-0.0304886,0.000190735,-0.259646,1.00923
9,1.08542,0.776117,0.696157,-0.031735,-0.000190735,-0.362607,1.01394
10,1.08551,0.776597,0.695869,-0.030968,0.000953674,-0.442047,1.01254
11,1.08551,0.775638,0.69654,-0.0299134,0.000190735,-0.500975,1.01101
12,1.08551,0.774583,0.696828,-0.0302969,0.000190735,-0.526075,1.00846
14,1.08686,0.774296,0.697403,-0.0300092,-0.000572205,-0.589843,1.00899
0,1.77807,0.769118,0.697307,-0.0250237,0.000190735,-1.54665,1.01271
2,1.46064,0.768735,0.697211,-0.0257907,0.0123978,-0.637202,1.02086
3,1.24212,0.769406,0.697211,-0.0262701,0.0104904,-0.0817671,1.02033
4,1.12778,0.764229,0.70421,-0.0226268,-0.0043869,0.0624942,1.01612
5,1.11523,0.765379,0.702964,-0.0274206,0.000190735,-0.0414543,1.01258
6,1.11513,0.768256,0.699416,-0.0263659,-0.000572205,-0.115067,1.01187
7,1.11523,0.768351,0.696157,-0.0291463,-0.000190735,-0.191961,1.00868
8,1.11283,0.766338,0.695773,-0.0308721,-0.000572205,-0.277811,1.01247
9,1.10842,0.765859,0.696444,-0.0320226,-0.000190735,-0.386314,1.01133
10,1.10794,0.766626,0.696444,-0.0318309,0.00171661,-0.45828,1.01123
11,1.10794,0.765954,0.697115,-0.0306804,-0.000190735,-0.500964,1.0128
12,1.10794,0.766242,0.697403,-0.0305845,0.000953674,-0.547423,1.01039
14,1.1043,0.766146,0.697787,-0.0301051,0.000572205,-0.610894,1.01054
0,-0.892295,0.0664422,0.0237773,-0.0263659,-0.000953674,-0.0142571,1.01224
1,-0.798082,0.128186,0.0768927,-0.0388298,-0.000572205,0.27983,1.02161
2,-0.609559,0.218406,0.212653,-0.0242567,-0.000953674,0.332622,1.02178
3,-0.393626,0.319555,0.375739,-0.0246402,-0.00286102,0.0694088,1.01191
4,-0.199065,0.426265,0.508527,-0.0277082,-0.000572205,-0.0176485,1.01198
5,0.0151431,0.556369,0.657231,-0.0259824,-0.00362396,-0.0391494,1.01255
6,0.228968,0.686377,0.718688,-0.0219556,-0.00286102,-0.0921609,1.01188
7,0.423816,0.791937,0.710059,-0.0296257,-0.00209808,-0.190029,1.0109
8,0.635437,0.796731,0.695102,-0.0329814,-0.000572205,-0.276296,1.01239
9,0.832969,0.762311,0.699225,-0.0300092,-0.000190735,-0.355056,1.00998
10,1.01929,0.7556,0.704594,-0.0283793,0.00286102,-0.416079,1.01149
11,1.0696,0.770173,0.704019,-0.0318309,0.0101089,-0.453659,1.01166
12,1.07296,0.769981,0.702293,-0.0301051,-0.000190735,-0.498516,1.01183
14,1.07928,0.766913,0.704306,-0.0301051,0.000190735,-0.597043,1.00864
0,-0.417778,1.75194,1.68215,-0.0279958,-0.000572205,-0.0140815,1.0122
1,-0.330849,1.70401,1.51609,-0.0214763,-0.0154495,0.344695,1.01884
2,-0.176446,1.62999,1.25473,-0.0206134,-0.00667572,0.333511,1.00846
3,0.0743739,1.55502,0.962884,-0.0229144,0.000190735,0.0526273,1.00546
4,0.319348,1.49241,0.723769,-0.0325979,0.0043869,0.00189875,1.01451
5,0.555217,1.41178,0.67679,-0.0279,0.00362396,-0.047392,1.01348
6,0.758499,1.29193,0.691746,-0.0255989,-0.000572205,-0.107944,1.0122
7,0.979225,1.13412,0.695198,-0.0265577,-0.000190735,-0.190183,1.01216
8,1.05484,0.966719,0.688678,-0.028667,-0.0043869,-0.206262,1.01234
9,1.06452,0.757997,0.691842,-0.0306804,-0.00400543,-0.30548,1.01039
10,1.06769,0.677748,0.704402,-0.0227226,-0.000572205,-0.450235,1.00828
11,1.06759,0.723098,0.700279,-0.0295299,-0.000572205,-0.50025,1.00719
12,1.06884,0.762791,0.690116,-0.0324061,0.00171661,-0.514321,1.01159
14,1.07286,0.73374,0.690308,-0.0288587,0.000190735,-0.590227,1.00644
0,1.27845,1.86728,1.75099,-0.0264618,-0.000190735,-1.54492,1.01189
1,1.22736,1.81014,1.6041,-0.0258866,0.0146866,-1.2121,1.01403
2,1.13056,1.71542,1.3019,-0.0253113,0.0116348,-0.637356,1.02095
3,1.05389,1.62683,1.02329,-0.0253113,-0.00858307,-0.0816683,1.02258
4,1.05456,1.51561,0.75723,-0.0266536,-0.00591278,0.0593113,1.01681
5,1.05743,1.40027,0.691746,-0.0311597,-0.00591278,-0.0492908,1.01129
6,1.05724,1.25674,0.692705,-0.0258866,-0.0211716,-0.110622,1.01402
8,1.05945,0.876883,0.692993,-0.0284752,-0.0043869,-0.257737,1.01296
9,1.06251,0.66097,0.696157,-0.0257907,-0.000953674,-0.364945,1.01116
10,1.06251,0.625975,0.708525,-0.0234897,-0.000572205,-0.426835,1.0125
11,1.06242,0.679666,0.701909,-0.0276123,-0.000572205,-0.472142,1.01359
12,1.06625,0.723961,0.6905,-0.0321185,-0.000190735,-0.510216,1.01402
14,1.06654,0.691267,0.689829,-0.0281876,-0.000572205,-0.627851,1.00693
1,-1.77606,1.81302,1.64025,-0.0251195,-0.0249872,-1.23565,1.01695
2,-1.59684,1.71954,1.34016,-0.0242567,-0.0131607,-0.662083,1.02188
3,-1.37429,1.63919,1.06653,-0.0242567,-0.00476837,-0.110786,1.02167
4,-1.10497,1.54303,0.793759,-0.0237773,-0.000190735,0.0792208,1.0167
5,-0.922869,1.45569,0.708429,-0.0197505,-0.0818272,-0.0251448,1.01243
6,-0.755336,1.31504,0.704594,-0.0233938,-0.0265131,-0.0873317,1.0107
7,-0.513813,1.15464,0.702484,-0.023969,-0.00705719,-0.178088,1.00999
8,-0.269318,0.960679,0.695869,-0.0270371,-0.00133514,-0.229343,1.01582
10,0.201365,0.587817,0.699512,-0.0261742,0.00324249,-0.397619,1.01079
11,0.423145,0.603157,0.696348,-0.0278041,-0.000953674,-0.440796,1.0113
12,0.660548,0.664038,0.692034,-0.0312556,0.000190735,-0.516428,1.01329
14,1.03826,0.659436,0.68609,-0.0305845,0.0139236,-0.607963,1.0052
15,1.05331,0.657519,0.688295,-0.028667,0.00743866,-0.67971,1.00692
0,-1.99746,1.32108,1.34092,-0.0260783,-0.000572205,-1.56888,1.01242
1,-1.88599,1.24198,1.19414,-0.0245443,-0.021553,-1.24473,1.01343
2,-1.68185,1.08311,0.893757,-0.0249278,-0.00629425,-0.672356,1.01886
3,-1.45662,0.903729,0.676406,-0.0443907,0.000953674,-0.13963,1.01984
4,-1.22573,0.693568,0.655026,-0.0250237,0.000953674,0.00447798,1.01573
5,-1.02159,0.556657,0.682159,-0.0253113,-0.000190735,0.0376897,1.01281
6,-0.800191,0.567587,0.688487,-0.0279,0.000190735,-0.0681027,1.01156
7,-0.567485,0.627509,0.677653,-0.0257907,-0.000953674,-0.143317,1.01011
8,-0.356822,0.643521,0.66423,-0.0330773,-0.00286102,-0.220936,1.01067
9,-0.123637,0.623291,0.664613,-0.0311597,0.00209808,-0.321559,1.00988
10,0.0870252,0.621757,0.668832,-0.0296257,-0.000953674,-0.414257,1.01253
11,0.317718,0.625017,0.667969,-0.0310639,-0.000190735,-0.468586,1.01441
12,0.528956,0.628564,0.667969,-0.0313515,0.000572205,-0.511687,1.01238
14,0.965519,0.629523,0.669695,-0.0299134,0.00286102,-0.620069,1.00735
15,1.02705,0.630482,0.669024,-0.030968,0.0104904,-0.667714,1.00937
0,0.142518,1.62577,1.61264,-0.0261742,0.000190735,-1.56613,1.01216
1,0.240469,1.55875,1.46182,-0.0254072,-0.027276,-1.25843,1.01405
2,0.418641,1.44265,1.18014,-0.0253113,-0.0154495,-0.681411,1.0218
3,0.683933,1.31954,0.878705,-0.0254072,0.000190735,-0.122442,1.02092
4,0.927566,1.18723,0.674105,-0.0316391,0.00247955,0.0526492,1.017
5,1.02168,1.01523,0.63911,-0.0287628,0.0120163,-0.0238058,1.01117
6,1.02417,0.801237,0.651478,-0.0248319,-0.000953674,-0.0666978,1.01153
7,1.02561,0.579092,0.652821,-0.0237773,-0.000572205,-0.143339,1.01123
8,1.02734,0.507664,0.663942,-0.031735,-0.000572205,-0.2032,1.01433
10,1.02954,0.609868,0.649849,-0.0348989,0.00209808,-0.42858,1.01597
11,1.0304,0.597884,0.647931,-0.0329814,-0.000572205,-0.486619,1.01468
12,1.0304,0.583886,0.652725,-0.028667,0.00171661,-0.52962,1.00805
14,1.0304,0.591748,0.65167,-0.0304886,0.000190735,-0.622012,1.0075
0,0.0727446,-0.00786184,0.0453494,-0.0279,-0.000572205,-0.021468,1.01187
1,0.177309,0.0536906,0.0976978,-0.0366247,-0.000190735,0.272828,1.01803
2,0.410398,0.198847,0.25388,-0.023202,-0.00286102,0.327036,1.02176
3,0.632658,0.339114,0.405173,-0.0242567,-0.00324249,0.0668076,1.01192
5,0.99916,0.630194,0.649849,-0.023202,-0.000190735,-0.0164851,1.01162
6,1.01622,0.616963,0.651287,-0.0271329,0.000190735,-0.0977913,1.01114
7,1.02025,0.59261,0.653684,-0.0229144,-0.00133514,-0.157564,1.01065
8,1.02005,0.586666,0.655889,-0.0282835,-0.000190735,-0.240889,1.01183
9,1.02015,0.599801,0.652725,-0.0331731,-0.000572205,-0.327211,1.0141
11,1.02025,0.595679,0.652917,-0.0311597,-0.000190735,-0.48832,1.0124
12,1.02226,0.596062,0.652629,-0.0299134,-0.000572205,-0.524429,1.01073
14,1.02331,0.595295,0.652437,-0.0297216,-0.000572205,-0.626676,1.00727
15,1.02331,0.595199,0.652245,-0.0296257,-0.000190735,-0.669865,1.01013
0,0.0235773,-0.00594432,0.0580051,-0.0284752,-0.000572205,-0.00769379,1.01258
1,0.107056,0.0496638,0.103354,-0.0368164,-0.00362396,0.265156,1.02058
2,0.33612,0.208722,0.253976,-0.023202,-0.000953674,0.345167,1.02115
3,0.570647,0.37641,0.420033,-0.0244484,-0.00324249,0.108262,1.01094
5,0.971941,0.648506,0.648986,-0.0255989,0.000953674,0.00950474,1.01243
6,1.01191,0.615237,0.648698,-0.0287628,0.0043869,-0.0621979,1.0109
7,1.01689,0.594336,0.655409,-0.0237773,-0.00286102,-0.131848,1.01094
8,1.01699,0.597788,0.657519,-0.0283793,0.000190735,-0.207326,1.01178
9,1.01699,0.606896,0.652437,-0.0323103,-0.000953674,-0.300091,1.00975
11,1.0191,0.603444,0.656464,-0.0229144,-0.000190735,0.0152998,1.01315
12,1.02025,0.602582,0.658573,-0.0271329,-0.000190735,0.012973,1.01305
14,1.02226,0.602773,0.658573,-0.0266536,-0.000190735,0.0133352,1.01307
15,1.02226,0.602677,0.658573,-0.0266536,-0.000190735,0.0133022,1.01305
0,0,0,0,0,0,0,0
1,0.000191685,-0.0147649,0.148416,-0.023202,-0.00362396,0.0111072,0.00117377
2,0.0485922,0.0268453,0.00364329,-0.0644288,-0.0043869,-0.0387653,0.0539338
3,0.16092,0.12579,0.0590597,-0.0324061,-0.00629425,-0.0132035,0.118709
4,0.289732,0.205558,0.160305,-0.0282835,-0.00400543,-0.111258,0.183206
5,0.421324,0.297695,0.242567,-0.0284752,-0.0043869,-0.30492,0.218196
6,0.545537,0.389832,0.320322,-0.0299134,-0.00476837,-0.385831,0.285641
7,0.680866,0.482353,0.415623,-0.0288587,-0.00476837,-0.417045,0.348504
8,0.806804,0.567779,0.503637,-0.0293381,-0.00476837,-0.443397,0.417855
9,0.941654,0.657902,0.594816,-0.0293381,-0.00476837,-0.485324,0.487177
10,1.06807,0.733261,0.678707,-0.0293381,-0.00247955,-0.535317,0.542492
11,1.19525,0.826069,0.770269,-0.0281876,-0.00400543,-0.59893,0.602508
0,1.49812,0.943901,0.901044,-0.0270371,-0.000190735,-1.55523,0.764344
1,1.40668,0.894812,0.854256,-0.0265577,0.0211716,-1.23677,0.773922
2,1.25573,0.796923,0.746108,-0.0298175,-0.00324249,-0.655454,0.773902
3,1.22219,0.789828,0.746971,-0.0248319,-0.00247955,-0.228717,0.716304
4,1.22152,0.815139,0.746971,-0.0255031,-0.000190735,-0.00426945,0.63151
5,1.21931,0.82185,0.745725,-0.0290505,-0.000953674,-0.105836,0.611254
6,1.21921,0.810153,0.746588,-0.0232979,-0.000953674,-0.17901,0.611408
7,1.21921,0.810345,0.742561,-0.0326938,-0.00171661,-0.280555,0.611111
8,1.21912,0.812742,0.742465,-0.0323103,-0.000953674,-0.411645,0.609912
9,1.2172,0.812263,0.742273,-0.0316391,-0.000572205,-0.471944,0.612151
10,1.2172,0.811496,0.743328,-0.0307762,-0.000953674,-0.508657,0.614676
11,1.2172,0.811496,0.743711,-0.030968,-0.000572205,-0.546347,0.612146
12,1.21711,0.811208,0.743711,-0.0306804,-0.000572205,-0.606943,0.610487
0,1.19851,0.811592,0.745916,-0.0276123,-0.000572205,-1.55831,0.609357
1,1.19938,0.806894,0.745725,-0.0279958,-0.000572205,-1.23563,0.61069
2,1.20714,0.798169,0.744478,-0.0278041,-0.000953674,-0.630584,0.613012
3,1.20714,0.799032,0.743328,-0.0282835,-0.000953674,-0.0740953,0.617331
4,1.20714,0.796923,0.742848,-0.022435,-0.000953674,0.0305337,0.613641
5,1.20714,0.797306,0.737096,-0.0295299,-0.000953674,-0.10036,0.609357
6,1.20714,0.797594,0.735658,-0.0243525,-0.000572205,-0.177956,0.609674
7,1.20714,0.797018,0.729042,-0.0315433,-0.00133514,-0.270644,0.610393
8,1.20714,0.796251,0.72885,-0.0322144,-0.00133514,-0.383087,0.608367
9,1.20723,0.798648,0.729809,-0.0312556,-0.000953674,-0.44455,0.610759
10,1.20723,0.797114,0.730001,-0.0310639,-0.000572205,-0.486399,0.613815
11,1.20743,0.797018,0.730193,-0.030201,-0.000572205,-0.512971,0.617014
0,2.27876,1.26039,1.1671,-0.0267494,-0.000572205,-1.56105,0.610551
1,2.18464,1.2043,1.06883,-0.0174495,0.0219345,-1.24847,0.610705
2,1.98155,1.06135,0.782062,-0.0298175,0.00667572,-0.655245,0.613161
3,1.74999,0.9137,0.696253,-0.0440072,-0.000953674,-0.100173,0.61897
4,1.55342,0.76979,0.721564,-0.0223391,-0.00133514,-0.00569626,0.614865
5,1.33403,0.734891,0.737671,-0.022435,-0.00286102,-0.117668,0.610878
6,1.24088,0.77909,0.729426,-0.0267494,-0.00782013,-0.202212,0.608055
7,1.23273,0.807277,0.717825,-0.0347072,-0.00362396,-0.306358,0.611507
8,1.22755,0.783979,0.715907,-0.0321185,-0.00286102,-0.426451,0.610145
9,1.22439,0.777364,0.719934,-0.0288587,-0.000572205,-0.482437,0.613622
10,1.22439,0.785034,0.719167,-0.0311597,-0.000953674,-0.511676,0.616479
12,1.22429,0.783883,0.720126,-0.0304886,-0.000953674,-0.601729,0.615008
0,-1.2564,1.0136,0.949749,-0.0260783,-0.000953674,-1.56783,0.610828
1,-1.13583,0.95809,0.884457,-0.0219556,-0.015831,-1.25881,0.612666
3,-0.667448,0.735274,0.705457,-0.0236814,-0.000953674,-0.134109,0.623403
4,-0.425925,0.75234,0.72444,-0.0225309,-0.00476837,0.00130608,0.618005
5,-0.203857,0.779569,0.721756,-0.0271329,-0.00400543,-0.111873,0.612195
6,0.0448544,0.778131,0.716003,-0.0246402,0.000190735,-0.191401,0.611383
7,0.289157,0.769214,0.711017,-0.0282835,-0.00400543,-0.283726,0.613597
8,0.507199,0.769406,0.712743,-0.0304886,-0.00133514,-0.395303,0.611735
9,0.749202,0.774487,0.712168,-0.0304886,-0.00171661,-0.448962,0.61484
10,0.965903,0.770077,0.712839,-0.0303927,-0.00133514,-0.482854,0.616123
11,1.16765,0.771132,0.712935,-0.0298175,0.0043869,-0.510863,0.615548
12,1.20944,0.773816,0.712264,-0.0306804,0.00705719,-0.557081,0.61692
0,0.30248,1.8786,1.7623,-0.0259824,-0.00400543,-1.56756,0.610932
1,0.398514,1.81704,1.59682,-0.0266536,-0.0265131,-1.24502,0.610348
2,0.572372,1.72759,1.32069,-0.0238732,-0.0135422,-0.664169,0.613508
3,0.829327,1.64686,1.02664,-0.0240649,-0.00247955,-0.0936535,0.618327
4,1.09347,1.55569,0.780528,-0.0252154,0.00667572,7.68282e-05,0.614107
5,1.14158,1.45952,0.749656,-0.0206134,-0.0284204,-0.123177,0.612086
6,1.16813,1.32654,0.733452,-0.0205175,-0.0204086,-0.127216,0.611655
7,1.19123,1.21322,0.733357,-0.0176412,-0.0295649,-0.0641076,0.620422
8,1.20695,1.0416,0.718879,-0.0297216,-0.00400543,-0.177802,0.612983
9,1.21193,0.850038,0.708908,-0.0318309,-0.00171661,-0.435901,0.613211
10,1.21222,0.669791,0.715236,-0.0228185,-0.000190735,-0.55684,0.606208
11,1.21222,0.675639,0.717633,-0.0263659,-0.000953674,-0.595704,0.607515
12,1.21222,0.738534,0.712935,-0.0292422,-0.000572205,-0.634787,0.609199
0,1.20465,1.04658,0.952721,-0.0264618,-0.000572205,-0.0143888,0.612804
1,1.20628,0.999125,0.864995,-0.0206134,-0.000572205,0.34036,0.617024
2,1.2081,0.881006,0.71562,-0.030968,-0.000953674,0.361981,0.614498
3,1.2081,0.753395,0.700567,-0.028667,-0.000572205,-0.00394019,0.608813
4,1.2081,0.692705,0.714948,-0.0243525,-0.000572205,-0.0225875,0.610536
5,1.2081,0.713127,0.718112,-0.0225309,-0.000953674,-0.0451969,0.611512
6,1.2081,0.743807,0.711784,-0.0282835,-0.000572205,-0.143713,0.611284
7,1.208,0.735082,0.705648,-0.0279958,-0.00247955,-0.214021,0.613795
8,1.2081,0.723194,0.708429,-0.0298175,-0.00133514,-0.325422,0.611447
9,1.2081,0.725878,0.708333,-0.030968,-0.00171661,-0.422204,0.610477
10,1.2081,0.728755,0.707566,-0.0307762,-0.000572205,-0.486772,0.610125
11,1.2081,0.726166,0.707182,-0.0305845,-0.000953674,-0.523836,0.614211
12,1.2081,0.726549,0.707662,-0.0296257,-0.000572205,-0.563315,0.615464
0,0,0,0,0,0,0,0
1,-0.00124595,-0.0111216,0.156182,-0.0204216,-0.00400543,0.00201948,0.00566577
2,-0.0479213,0.0223391,0.000958761,-0.0656752,-0.000953674,-0.0151022,-0.00206028
3,-0.173188,0.130775,0.0572381,-0.0313515,-0.00133514,-0.0141803,-0.00164426
5,-0.469437,0.321185,0.266152,-0.0296257,-0.00171661,-0.201806,-0.0863138
6,-0.617323,0.435757,0.367397,-0.0291463,-0.000572205,-0.215152,-0.0923362
7,-0.749586,0.526935,0.454741,-0.0288587,-0.000953674,-0.22762,-0.0979623
9,-1.04018,0.73815,0.657231,-0.028667,-0.000190735,-0.289291,-0.125791
10,-1.178,0.833835,0.746588,-0.0297216,-0.000572205,-0.30256,-0.131779
11,-1.33413,0.939011,0.850038,-0.028667,-0.00286102,-0.301529,-0.131308
1,-1.44876,0.954255,0.893661,-0.0279958,-0.0108719,-1.22779,0.0125796
2,-1.36365,0.938723,0.845148,-0.0291463,0.00171661,-0.67172,0.0311964
3,-1.35349,0.942367,0.83719,-0.0288587,-0.00133514,-0.200039,0.0186119
4,-1.35129,0.941791,0.837382,-0.0261742,-0.000953674,-0.155259,0.0264865
5,-1.35042,0.94112,0.833451,-0.0276123,-0.00400543,-0.229683,0.0773397
6,-1.35042,0.939874,0.832684,-0.0316391,-0.00133514,-0.321515,0.134562
7,-1.35042,0.940066,0.833643,-0.0292422,-0.00362396,-0.385623,0.176203
8,-1.34831,0.939778,0.834889,-0.0304886,-0.00362396,-0.423137,0.233262
9,-1.34831,0.939299,0.835081,-0.0300092,-0.00400543,-0.451047,0.28629
10,-1.34831,0.939299,0.835081,-0.0299134,-0.0043869,-0.488616,0.334543
11,-1.34822,0.939299,0.835081,-0.0296257,-0.00324249,-0.534175,0.387258
0,-1.34295,0.936326,0.835273,-0.0266536,-0.000953674,-1.5589,0.508998
1,-1.34314,0.935655,0.835177,-0.0266536,-0.000190735,-1.26289,0.523821
2,-1.34324,0.938052,0.835081,-0.0267494,-0.000953674,-0.694713,0.540056
3,-1.34324,0.939586,0.834985,-0.0269412,0.000190735,-0.268152,0.500366
4,-1.34324,0.939107,0.833068,-0.0259824,-0.00133514,-0.10869,0.401621
5,-1.34324,0.939586,0.829041,-0.0257907,-0.00171661,-0.206492,0.388952
7,-1.34314,0.939299,0.819453,-0.0304886,-0.000953674,-0.404566,0.388298
8,-1.34324,0.939011,0.820412,-0.0296257,-0.000953674,-0.460146,0.384406
9,-1.34324,0.939299,0.820604,-0.0291463,-0.00247955,-0.487299,0.383752
0,-0.840636,0.0684556,0.00719071,-0.0276123,-0.00171661,-0.0195802,0.389249
1,-0.927086,0.123872,0.0610731,-0.0396927,0.0108719,0.260996,0.395509
2,-1.1618,0.217064,0.211503,-0.0242567,-0.000190735,0.25553,0.390824
3,-1.30959,0.306516,0.358385,-0.0259824,-0.00553131,-0.0504432,0.387446
4,-1.32867,0.418979,0.500857,-0.0281876,-0.00324249,-0.11285,0.385926
5,-1.32876,0.538536,0.639398,-0.0274206,-0.00362396,-0.206042,0.388061
6,-1.32876,0.676694,0.785609,-0.024736,-0.000190735,-0.324412,0.388482
7,-1.33336,0.821083,0.836423,-0.0233938,-0.00171661,-0.373385,0.385921
8,-1.33614,0.962405,0.832013,-0.0304886,-0.000953674,-0.433377,0.387892
9,-1.33605,0.996057,0.816289,-0.0308721,-0.000572205,-0.473788,0.384207
10,-1.33614,0.953296,0.816577,-0.0295299,-0.00133514,-0.502654,0.381949
0,-1.98212,0.181398,0.165003,-0.0240649,-0.00209808,0.00829744,0.385678
1,-1.87928,0.24784,0.221953,-0.0357618,-0.00514984,0.317487,0.395301
2,-1.64332,0.393476,0.379286,-0.0226268,-0.00400543,0.272883,0.37977
3,-1.42183,0.564423,0.541317,-0.0258866,-0.000190735,-0.0175717,0.383762
4,-1.36768,0.73863,0.678899,-0.0263659,0.00324249,-0.0979669,0.384356
5,-1.36365,0.950133,0.820604,-0.0207092,-0.00171661,-0.180875,0.383603
6,-1.36068,1.03843,0.833547,-0.0310639,-0.00362396,-0.239594,0.385748
7,-1.35752,1.00958,0.827315,-0.030201,-0.000953674,-0.367711,0.385089
8,-1.35474,0.964802,0.831054,-0.0261742,-0.00133514,-0.447689,0.379389
9,-1.35464,0.971992,0.835944,-0.0266536,-0.00133514,-0.528523,0.376888
10,-1.35454,0.98925,0.834985,-0.029434,-0.000572205,-0.560846,0.381038
0,-1.35234,0.973143,0.835273,-0.0256948,-0.00171661,-1.54542,0.384425
1,-1.35253,0.969787,0.835273,-0.0258866,-0.000190735,-1.18933,0.390309
2,-1.35253,0.96902,0.835369,-0.0259824,-0.000953674,-0.57687,0.395866
3,-1.35253,0.969212,0.835369,-0.0259824,-0.000953674,-0.0181973,0.389754
4,-1.35253,0.968637,0.846395,-0.0236814,-0.00209808,-0.0461737,0.386649
5,-1.35253,0.969787,0.844956,-0.0253113,-0.000953674,-0.177506,0.38398
6,-1.35253,0.968828,0.843998,-0.0293381,-0.000953674,-0.271006,0.385347
7,-1.35263,0.968253,0.846874,-0.0304886,-0.000572205,-0.392932,0.386278
8,-1.35263,0.968349,0.846491,-0.0290505,-0.000953674,-0.472087,0.384931
9,-1.35263,0.967199,0.846491,-0.0289546,-0.00171661,-0.496606,0.378324
10,-1.35263,0.967199,0.846586,-0.0282835,-0.00133514,-0.511028,0.377829
0,-1.865,0.963459,0.846586,-0.0256948,-0.00247955,-1.54988,0.384183
1,-1.74376,0.961734,0.846778,-0.0256948,-0.0131607,-1.19075,0.389967
2,-1.53377,0.962692,0.846874,-0.0257907,-0.00782013,-0.581414,0.395702
3,-1.38713,0.968061,0.846874,-0.0260783,0.00209808,-0.0418823,0.388541
4,-1.36077,0.965569,0.858091,-0.0251195,-0.000572205,-0.0845329,0.385446
5,-1.3603,0.965089,0.858667,-0.0248319,-0.00171661,-0.188964,0.383182
6,-1.35857,0.96461,0.857804,-0.030201,-0.000953674,-0.286404,0.386461
7,-1.35867,0.964035,0.860968,-0.0301051,-0.000190735,-0.410273,0.383044
8,-1.35867,0.963364,0.86116,-0.0296257,-0.00209808,-0.476236,0.381622
9,-1.35359,0.962788,0.861255,-0.028667,-0.000953674,-0.516593,0.380186
10,-1.35359,0.96298,0.861255,-0.0284752,-0.00133514,-0.560944,0.384173
0,-0.48736,0.0995194,0.0319268,-0.0258866,-0.000572205,-0.0122815,0.38607
1,-0.581765,0.157333,0.0852339,-0.0391175,0.00743866,0.296436,0.392785
2,-0.809296,0.290121,0.236622,-0.023202,-0.000190735,0.342774,0.394019
3,-1.02245,0.419458,0.385901,-0.0249278,-0.000190735,0.00527919,0.386575
5,-1.33001,0.755792,0.686377,-0.0256948,-0.00667572,-0.186572,0.385589
6,-1.33662,0.936614,0.825685,-0.0244484,-0.00133514,-0.282014,0.38656
7,-1.34448,1.03383,0.867583,-0.0306804,-0.00362396,-0.323271,0.380285
8,-1.34439,1.00852,0.864228,-0.030201,-0.00133514,-0.400648,0.384356
9,-1.34448,0.966815,0.86557,-0.0267494,-0.000953674,-0.477586,0.387456
10,-1.34506,0.969212,0.868542,-0.0267494,-0.00171661,-0.547181,0.384777
0,0.0454294,0.0408432,0.0580051,-0.116298,-0.00133514,-0.0124023,0.385753
1,-0.0614352,0.115339,0.101533,-0.0651958,0.00362396,0.260184,0.399912
2,-0.274206,0.263947,0.250716,-0.0207092,-0.00133514,0.285219,0.396599
3,-0.513813,0.429237,0.41965,-0.0243525,-0.000572205,-0.015629,0.382583
4,-0.731471,0.605074,0.555027,-0.0267494,-0.000190735,-0.0909865,0.383395
5,-0.961398,0.81418,0.710538,-0.0266536,0.000190735,-0.088067,0.383519
6,-1.17043,1.00766,0.85186,-0.0259824,0.000572205,-0.0874634,0.383405
7,-1.30749,1.05435,0.869692,-0.0306804,-0.00858307,-0.086278,0.382425
8,-1.33413,1.00996,0.869692,-0.0284752,-0.00743866,-0.08585,0.382553
9,-1.33413,0.970842,0.86998,-0.0279,-0.00133514,-0.0859378,0.382499
10,-1.33614,0.982635,0.872185,-0.0268453,-0.00133514,-0.0858061,0.382558
0,-1.34352,0.973239,0.871898,-0.0283793,-0.00133514,-0.0857073,0.382538
1,-1.34352,0.973335,0.871802,-0.0277082,-0.00133514,0.0636137,0.385584
2,-1.34362,0.968253,0.871706,-0.0276123,-0.00133514,-0.0977254,0.384406
3,-1.34812,0.967774,0.872856,-0.0220515,-0.00133514,-0.199402,0.383509
4,-1.35071,0.966911,0.873432,-0.031735,-0.00286102,-0.29468,0.38607
5,-1.35071,0.965569,0.874486,-0.0304886,-0.00133514,-0.403699,0.38285
6,-1.3509,0.965569,0.875349,-0.0300092,-0.00133514,-0.458313,0.38084
7,-1.3532,0.964131,0.875829,-0.0298175,-0.00286102,-0.53277,0.380993
8,-1.35378,0.964514,0.875829,-0.0291463,-0.00209808,-0.597778,0.379864
0,0,0,0,0,0,0,0
2,-0,0.0275165,0.0603061,-0.0326938,-0.00400543,-0.0066182,-0.000212962
0,0,0,0,0,0,0,0
1,0.000766741,-0.023969,0.145828,-0.0265577,-0.00400543,0.0112937,0.000297156
2,-0.000383371,-0.00767009,-0.00556082,-0.073537,0.0249863,-0.0598162,-0.115391
3,-0.00143764,-0.0124639,0.00124639,-0.0263659,0.114634,-0.0140266,-0.265791
4,-0.00105427,-0.0122721,0.00115051,-0.0362412,0.23289,-0.0231253,-0.422342
5,-0.00105427,-0.0120804,0.00115051,-0.0349948,0.372511,-0.0135218,-0.586407
6,-0.00105427,-0.0119845,0.00115051,-0.0350907,0.522812,-0.018351,-0.748897
7,-0.00115011,-0.0118886,0.00115051,-0.0350907,0.683413,-0.0123693,-0.906899
8,-0.00105427,-0.0119845,0.00115051,-0.0350907,0.841726,-0.0123584,-1.06355
9,-0.00105427,-0.0118886,0.00115051,-0.0350907,0.998131,-0.0118754,-1.22065
10,-0.00105427,-0.0118886,0.00115051,-0.0350907,1.15492,-0.00919743,-1.37868
11,-0.00105427,-0.0118886,0.00115051,-0.0350907,1.31208,-0.0104486,-1.53739
14,-0.00105427,-0.0117928,0.00115051,-0.0350907,1.79084,0.00171217,-2.02667
15,-0.00105427,-0.0117928,0.00115051,-0.0350907,1.95487,0.0036658,-2.18354
16,-0.00105427,-0.0117928,0.00115051,-0.0349948,2.11776,0.00651942,-2.34278
17,-0.00105427,-0.0117928,0.00115051,-0.0350907,2.27722,0.0097023,-2.49831
18,-0.00105427,-0.0117928,0.00115051,-0.0349948,2.43439,0.0132583,-2.65619
19,-0.00105427,-0.0116969,0.00115051,-0.0349948,2.59232,0.0111291,-2.82378
20,-0.00105427,-0.0116969,0.00115051,-0.0350907,2.75025,0.0119413,-2.98584
0,-0.00105427,-0.0116969,0.00115051,-0.0349948,2.97532,0.00927426,-3.1012
1,-0.00105427,-0.0125598,0.00249278,-0.0260783,2.42523,0.00372068,-3.0246
2,0.00335449,-0.010834,0.000958761,-0.0395968,1.10876,-0.0157059,-2.91673
3,-0.00421708,-0.0107381,0.00105464,-0.0376793,0.377851,-0.00574016,-2.79503
4,-0.00421708,-0.0113134,0.00105464,-0.0354742,0.106241,-0.00969132,-2.67686
5,-0.00421708,-0.0112175,0.00105464,-0.03557,0.00858307,-0.00749623,-2.56804
6,-0.00421708,-0.0112175,0.00105464,-0.0354742,-0.0246058,-0.00784745,-2.45002
7,-0.00421708,-0.0112175,0.00105464,-0.03557,-0.0360498,-0.00584992,-2.33973
8,-0.00421708,-0.0112175,0.00105464,-0.03557,-0.0391016,-0.00770477,-2.21964
9,-0.00421708,-0.0112175,0.00105464,-0.0354742,-0.0425348,-0.00512554,-2.11308
10,-0.00421708,-0.0112175,0.00105464,-0.03557,-0.0436792,-0.00850598,-1.99548
11,-0.00421708,-0.0112175,0.00105464,-0.03557,-0.0463495,-0.00208534,-1.88659
12,-0.00421708,-0.0112175,0.00105464,-0.0356659,-0.0463495,-0.00873646,-1.76873
14,-0.00421708,-0.0112175,0.00105464,-0.03557,-0.046731,-0.0054548,-1.54221
15,-0.00421708,-0.0111216,0.00105464,-0.0356659,-0.0494013,-0.00122925,-1.43605
16,-0.00421708,-0.0111216,0.00105464,-0.0356659,-0.0501642,-0.000406092,-1.31821
17,-0.00421708,-0.0111216,0.00105464,-0.0356659,-0.0528345,-0.00781452,-1.1931
18,-0.00421708,-0.0110258,0.00105464,-0.0353783,-0.0535975,0.000142681,-1.08121
19,-0.00421708,-0.0110258,0.00105464,-0.03557,-0.0535975,-0.00725477,-0.965716
20,-0.00421708,-0.0110258,0.00105464,-0.03557,-0.0539789,0.00361092,-0.858265
21,-0.00412124,-0.0110258,0.00105464,-0.0356659,-0.0535975,-0.00870353,-0.737224
22,-0.00412124,-0.0110258,0.00105464,-0.0353783,-0.0539789,-0.00442311,-0.6284
23,-0.00412124,-0.0109299,0.00105464,-0.0353783,-0.0539789,-0.0054548,-0.511539
24,-0.00412124,-0.010834,0.00105464,-0.0354742,-0.0539789,0.00072438,-0.404454
25,-0.00412124,-0.010834,0.00105464,-0.03557,-0.0539789,-0.00279874,-0.282506
26,-0.00412124,-0.010834,0.00105464,-0.0354742,-0.0539789,-0.00499383,-0.174193
27,-0.00412124,-0.010834,0.00105464,-0.03557,-0.0539789,-0.00566333,-0.0531859
29,-0.00412124,-0.0107381,0.00105464,-0.0352824,-0.0535975,-0.00936206,0.168507
0,-0.00412124,-0.0106423,0.00105464,-0.0353783,-0.0539789,-0.00226094,0.322315
1,-0.00412124,-0.0106423,0.00105464,-0.0353783,-0.0452051,0.00339141,0.223961
2,0.0366119,-0.00968349,0.0264618,-0.0852339,-0.0112534,0.0130279,0.18177
3,0.158332,-0.00977937,0.112463,-0.186671,-0.0192642,0.00783647,0.178244
4,0.282065,-0.00968349,0.235664,-0.233363,-0.0356684,0.00806696,0.178323
5,0.412219,-0.00987524,0.37478,-0.294723,-0.0421534,0.0118864,0.176788
0,0.577548,-0.00728659,0.415815,-0.323965,-0.0471125,0.0146632,0.175614
1,0.549083,-0.00776597,0.413897,-0.318788,-0.0364313,-0.0117876,0.17079
2,0.509021,0.00412267,0.397982,-0.305461,-0.00934601,-0.0195692,0.0893151
3,0.609368,0.0574298,0.393572,-0.30527,0.0532169,-0.0177693,-0.0299236
4,0.761374,0.124064,0.392421,-0.305557,0.1112,-0.0195583,-0.152565
0,0.983729,0.192615,0.389257,-0.306612,0.262647,-0.0200192,-0.312677
1,0.930537,0.167687,0.388394,-0.307283,0.235179,0.0163534,-0.214026
2,0.822426,0.0994236,0.408145,-0.312844,0.0925083,0.0763672,-0.161291
0,0.828848,0.114476,0.543905,-0.304599,0.096323,0.173434,-0.158869
1,0.828848,0.110258,0.515622,-0.281109,0.0803013,-0.0620223,-0.161876
2,0.828848,0.101725,0.438537,-0.336046,0.0246048,0.0334093,-0.156784
0,0.828848,0.100766,0.541317,-0.305461,0.148967,0.174378,-0.159067
1,0.828848,0.100766,0.527702,-0.286861,0.139048,-0.0461847,-0.161866
2,0.828752,0.118886,0.476792,-0.322815,0.0703831,0.0745014,-0.124721
0,0.828752,0.157141,0.491461,-0.309201,0.0398636,0.151198,-0.104792
1,0.828752,0.144294,0.490982,-0.299805,0.028038,-0.058565,-0.117426
2,0.83939,0.112175,0.485996,-0.369027,-0.00133514,-0.0673015,-0.232609
3,0.888366,0.115147,0.485996,-0.484558,0.0463486,-0.0728441,-0.385777
4,0.939546,0.119941,0.48312,-0.550617,0.143244,-0.072877,-0.542126
5,0.992547,0.119558,0.482928,-0.604787,0.267224,-0.0764879,-0.699267
6,1.04785,0.119558,0.482832,-0.607759,0.400358,-0.0720758,-0.855957
7,1.11379,0.119462,0.482832,-0.604307,0.536163,-0.0744355,-1.01305
8,1.16401,0.119653,0.482832,-0.604307,0.673495,-0.0737331,-1.17286
9,1.21452,0.119558,0.482832,-0.604211,0.810062,-0.0699575,-1.32945
10,1.23484,0.121379,0.482832,-0.604116,0.946251,-0.0737331,-1.4851
11,1.24941,0.122913,0.482832,-0.603924,1.08511,-0.0671698,-1.64239
0,1.26167,0.12416,0.482832,-0.604116,1.52647,-0.0622967,-2.00664
1,1.23896,0.123872,0.483216,-0.604403,1.23922,0.00505968,-1.87142
2,1.24011,0.123872,0.48312,-0.622524,0.556764,0.0410262,-1.62381
3,1.24011,0.123872,0.48312,-0.622811,0.187495,0.0733819,-1.51608
4,1.24011,0.123872,0.48312,-0.62262,0.0375748,0.075094,-1.43031
5,1.24011,0.123872,0.48312,-0.622332,-0.0173569,0.0801428,-1.35288
6,1.24011,0.123872,0.48312,-0.622332,-0.0368128,0.0765099,-1.27256
7,1.24011,0.123872,0.48312,-0.622236,-0.0413904,0.0730636,-1.19623
8,1.24011,0.123872,0.48312,-0.622044,-0.0463495,0.0770148,-1.11521
9,1.24011,0.123872,0.48312,-0.622236,-0.046731,0.071077,-1.02758
10,1.24011,0.123872,0.48312,-0.622044,-0.0413904,0.0766087,-0.953087
11,1.24011,0.123872,0.48312,-0.622332,0.00782013,0.0771245,-0.870552
12,1.24011,0.123872,0.48312,-0.622236,0.0974674,0.0729758,-0.794208
1,-0,0.0711401,0.26155,-0.0172577,-0.00286102,0.0122925,-0.00365502
2,0.0479213,-0.00508144,0.0612649,-0.0375834,-0.00286102,-0.00543285,-0.00507641
3,0.208554,0.0166824,0.0617442,-0.0461164,-0.00972748,-0.00475237,-0.00486345
4,0.357781,0.00671133,0.148704,-0.0259824,-0.00362396,0.0023268,-0.00386798
5,0.50212,0.00565669,0.208531,-0.0268453,-0.0043869,0.00284264,-0.00363521
0,0,0,0,0,0,0,0
1,-0.00536719,-0.0153402,0.164811,-0.017066,-0.00400543,0.0145974,0.000609169
3,0.167821,-0.00977937,0.0896442,-0.0454453,-0.0349054,-0.0183839,0.00156997
4,0.313789,-0.0110258,0.246306,-0.0263659,-0.0463495,-0.00960352,0.00128767
5,0.449886,-0.0103546,0.37919,-0.0248319,-0.0494013,-0.00738648,0.000450686
6,0.581765,-0.0104505,0.401625,-0.0255989,-0.0535975,-0.00747428,0.000450686
0,0.751694,-0.0104505,0.400858,-0.0270371,-0.053216,-0.00754014,0.000440781
2,0.592212,-0.00929999,0.394914,-0.0324061,-0.0192642,-0.00756209,0.000440781
3,0.579081,-0.00929999,0.394914,-0.0324061,-0.0261316,-0.00756209,0.000440781
4,0.579369,-0.0105464,0.394914,-0.0324061,-0.0387201,-0.00757306,0.000435828
6,0.579273,-0.00997112,0.394914,-0.0324061,-0.0463495,-0.00756209,0.000440781
7,0.579273,-0.00987524,0.394914,-0.0324061,-0.0463495,-0.00757306,0.000435828
0,0.579273,-0.00968349,0.394914,-0.0324061,-0.0497828,-0.00747428,0.000480402
1,0.579273,-0.00968349,0.394722,-0.0354742,-0.0413904,-0.00750721,0.000465544
2,0.579273,-0.00958761,0.394818,-0.0385422,-0.0104904,-0.00749623,0.000470497
3,0.579177,-0.00958761,0.394818,-0.0386381,-0.0246058,-0.00748526,0.000475449
4,0.579177,-0.00958761,0.394818,-0.0386381,-0.0371943,-0.00750721,0.000465544
5,0.579177,-0.00958761,0.394818,-0.0386381,-0.0425348,-0.00749623,0.000470497
6,0.579177,-0.00958761,0.394818,-0.0386381,-0.0455866,-0.00750721,0.000465544
7,0.579177,-0.00958761,0.394818,-0.0386381,-0.0459681,-0.00747428,0.000480402
0,0.579177,-0.00920411,0.394818,-0.0386381,-0.0463495,-0.00749623,0.000470497
1,0.579177,-0.00920411,0.394722,-0.0386381,-0.0406275,-0.00747428,0.000480402
2,0.579177,-0.00910823,0.394818,-0.0386381,-0.0135422,-0.00747428,0.000480402
3,0.579177,-0.00910823,0.394818,-0.0386381,-0.0265131,-0.00749623,0.000470497
4,0.579177,-0.00910823,0.394818,-0.0386381,-0.0375757,-0.00748526,0.000475449
5,0.579177,-0.00910823,0.394818,-0.0386381,-0.0425348,-0.00748526,0.000475449
6,0.579177,-0.00910823,0.394818,-0.0386381,-0.0455866,-0.00747428,0.000480402
7,0.579177,-0.00901236,0.394818,-0.0386381,-0.0459681,-0.00747428,0.000480402
0,0,0,0,0,0,0,0
6,0,0,0,0,0,0,0
0,0,0,0,0,0,0,0
1,0,0,0,0,0,0,0
2,0,0,0,0,0,0,0
3,0,0,0,0,0,0,0
4,0,0,0,0,0,0,0
5,0,0,0,0,0,0,0
6,0,0,0,0,0,0,0
0,0,0,0,0,0,0,0
0,0,0,0,0,0,0,0
1,0.00527135,0.00872473,0.150238,-0.0237773,-0.00476837,0.0138291,0.000614122
2,0.0264526,0.00824535,0.013135,-0.0685514,-0.00553131,-0.0181424,0.000673553
3,0.0162933,0.00949174,0.0630865,-0.0405556,-0.00591278,-0.0195144,0.000940993
4,0.0167725,0.0084371,0.217064,-0.0314474,-0.00324249,-0.182028,-0.000554691
5,0.0166766,0.00929999,0.322431,-0.0413226,-0.00362396,-0.290509,0.00485354
6,0.0166766,0.0088206,0.3836,-0.0423773,-0.00400543,-0.338362,0.00453658
7,0.0166766,0.0088206,0.390599,-0.042569,-0.00400543,-0.372189,0.00706735
9,0.0166766,0.0084371,0.395585,-0.0419938,-0.0043869,-0.51465,0.00718126
10,0.0166766,0.00834122,0.39664,-0.0411309,-0.00362396,-0.559046,0.00967242
11,0.0166766,0.00824535,0.397694,-0.0411309,-0.00400543,-0.604824,0.0111384
1,0.0166766,0.00546494,0.40268,-0.0377752,-0.00247955,-1.144,0.000445734
2,0.0166766,0.00536906,0.399899,-0.0439113,-0.00324249,-0.550408,0.00223857
3,0.0166766,0.00527319,0.400091,-0.0476504,-0.00362396,-0.0317959,0.00341234
5,0.0166766,0.0040268,0.40594,-0.0473628,-0.00362396,-0.0451201,-0.000168388
6,0.0166766,0.0040268,0.406227,-0.0415144,-0.00286102,-0.125702,-0.000524975
7,0.0166766,0.00393092,0.406131,-0.0453494,-0.00362396,-0.202519,-0.000104005
8,0.0166766,0.0040268,0.405556,-0.0577174,-0.00362396,-0.310287,0.00230296
9,0.0166766,0.00373917,0.406035,-0.0510061,-0.00362396,-0.425935,0.00546767
10,0.0166766,0.00383505,0.40594,-0.0533071,-0.00324249,-0.487299,0.0100092
11,0.0166766,0.00383505,0.406131,-0.051869,-0.00362396,-0.542879,0.0096427
0,0.0165808,0.00297216,0.406227,-0.0429525,-0.00286102,-1.45823,0.000673553
2,0.0165808,0.00278041,0.402872,-0.0599226,-0.00324249,-0.512312,0.00306566
3,0.0165808,0.00268453,0.403063,-0.06347,-0.00362396,0.010712,0.00130253
4,0.0165808,0.0020134,0.406611,-0.0403639,-0.00247955,0.0481054,0.000420971
5,0.0165808,0.0020134,0.407569,-0.0641411,-0.00362396,-0.0654247,-0.00115891
6,0.0164849,0.0020134,0.407378,-0.0558958,-0.00209808,-0.143405,-0.00241191
7,0.0164849,0.00182165,0.407186,-0.0671133,-0.00324249,-0.212331,0.00155511
8,0.0164849,0.00182165,0.407186,-0.0678803,-0.00324249,-0.346122,0.000747842
9,0.0164849,0.00162989,0.40709,-0.0687432,-0.00362396,-0.424432,0.00602731
12,0.0155265,0.00172577,0.407186,-0.0673051,-0.00286102,-0.571558,0.00951394
0,0.0155265,0.00162989,0.407378,-0.062703,-0.00247955,-1.4637,0.00122824
1,0.0155265,0.00105464,0.406802,-0.0720989,-0.00286102,-1.03952,0.000777557
2,0.0155265,0.00115051,0.405844,-0.0752628,-0.00324249,-0.430743,0.00367978
3,0.0155265,0.000958761,0.406515,-0.0787143,-0.00362396,0.0203375,0.00160464
4,0.0154307,0.000862885,0.410542,-0.0585803,-0.00324249,0.0690356,0.00229305
5,0.0154307,0.000575257,0.409008,-0.0808236,-0.0043869,-0.0560077,-0.00187703
6,0.0136097,0.000671133,0.408336,-0.075071,-0.00209808,-0.134702,-0.00209
7,0.0135138,0.000671133,0.408336,-0.081303,-0.00362396,-0.199325,-0.000336776
8,0.0135138,0.000671133,0.408145,-0.0872473,-0.00362396,-0.312658,0.00141644
9,0.0135138,0.000479381,0.408241,-0.0862885,-0.00362396,-0.415618,0.00514079
10,0.0135138,0.000575257,0.408241,-0.0857133,-0.00362396,-0.475983,0.00683458
11,0.013418,0.000575257,0.408241,-0.0852339,-0.00362396,-0.531826,0.00854323
12,0.013418,0.000575257,0.408241,-0.0853298,-0.00324249,-0.595221,0.00804301
0,0.0133221,0.000479381,0.408336,-0.0801525,-0.00247955,-1.43987,0.00116881
1,0.0115011,0.000383505,0.407857,-0.0902195,-0.00324249,-1.01385,0.00102519
2,0.0115011,0.000383505,0.406994,-0.0948215,-0.00362396,-0.393207,0.00233763
3,0.0115011,0.000287628,0.408049,-0.0917535,-0.00400543,0.0301057,0.00231781
4,0.0114053,0.000191752,0.411309,-0.0748793,-0.00324249,0.0875292,0.00233267
5,0.0114053,0.000191752,0.41198,-0.0933834,-0.00400543,-0.0384251,-0.00100042
7,0.0112136,0.000191752,0.411405,-0.0984648,-0.00362396,-0.189096,-0.000287251
8,0.0104469,0.000191752,0.411309,-0.105272,-0.00362396,-0.296985,0.00357082
9,0.00939258,9.58761e-05,0.411309,-0.1023,-0.00324249,-0.413127,0.00586883
10,0.00939258,0.000191752,0.411309,-0.103259,-0.00362396,-0.484193,0.00941488
11,0.00939258,0.000191752,0.411405,-0.103067,-0.00362396,-0.539147,0.00850856
12,0.00939258,0.000191752,0.411596,-0.102683,-0.00324249,-0.60703,0.00782015
0,-0.000862584,-9.58761e-05,0.419842,-0.09137,-0.00286102,-1.50158,0.000336776
1,-0.000862584,-0.00115051,0.330006,-0.0434319,-0.00286102,-1.1279,-0.0093505
2,-0.000862584,0.000191752,0.115243,-0.10393,-0.00286102,-0.543,-0.00934059
3,-0.000958427,0.00210928,0.106135,-0.156662,-0.00324249,-0.0869475,-0.000351634
4,-0.000862584,0.00124639,0.248799,-0.0864803,-0.00247955,-0.17721,-0.0041057
5,-0.000862584,0.000958761,0.386668,-0.0907947,-0.00324249,-0.283298,0.00503679
6,-0.000862584,0.000479381,0.441797,-0.0849463,-0.00362396,-0.335596,0.00503679
7,-0.000862584,0.000575257,0.449467,-0.101725,-0.00286102,-0.381298,0.00260011
8,-0.000862584,0.000479381,0.449755,-0.103259,-0.00286102,-0.450553,0.00661667
9,-0.000862584,0.000479381,0.449947,-0.0980813,-0.00324249,-0.490241,0.00833027
10,-0.000862584,0.000479381,0.449851,-0.10182,-0.00324249,-0.531322,0.00731003
11,-0.000862584,0.000479381,0.449947,-0.100478,-0.00324249,-0.578801,0.00731003
12,-0.000862584,0.000479381,0.449947,-0.10067,-0.00324249,-0.639573,0.011911
0,-0.000862584,0.000287628,0.449947,-0.0957803,-0.00209808,-1.5136,-0.00147092
1,-0.000862584,9.58761e-05,0.449947,-0.105464,-0.00286102,-1.09854,-0.000386302
2,-0.000862584,9.58761e-05,0.449947,-0.10997,-0.00362396,-0.513443,0.000713174
3,-0.000862584,0.000191752,0.449851,-0.113709,-0.00362396,-0.0366251,0.001149
4,-0.000862584,9.58761e-05,0.451001,-0.0896442,-0.00133514,0.0417945,0.00220886
5,-0.000766741,0.000191752,0.450234,-0.110162,-0.00362396,-0.041125,-0.00121339
6,-0.000862584,0.000191752,0.449755,-0.109011,-0.00324249,-0.123957,-0.00243668
7,-0.000862584,9.58761e-05,0.449851,-0.112271,-0.00324249,-0.210696,-0.000965756
8,-0.000766741,9.58761e-05,0.449755,-0.120516,-0.00324249,-0.289401,0.00345196
9,-0.000766741,0,0.449755,-0.118119,-0.00324249,-0.403677,0.00443753
10,-0.000766741,9.58761e-05,0.449755,-0.118886,-0.00362396,-0.490702,0.00474459
11,-0.000766741,9.58761e-05,0.449851,-0.118215,-0.00362396,-0.55504,0.00800339
12,-0.000766741,9.58761e-05,0.449851,-0.118024,-0.00324249,-0.630551,0.0105391
0,0,0,0,0,0,0,0
10,0,0,0,0,0,0,0
11,0,0,0,0,0,0,0
12,0,0,0,0,0,0,0
0,-0.00210854,0.101245,0.31083,-0.0377752,-0.00286102,-0.00565236,0.000594311
2,0.0116928,0.0666339,0.0509102,-0.0747834,-0.00286102,-0.0130718,-0.000411065
3,-0.000287528,0.235472,0.155415,-0.0232979,-0.00324249,-0.249637,-0.00127282
4,-0.00105427,0.380532,0.302969,-0.0283793,-0.00286102,-0.292847,0.00535376
5,-0.00115011,0.513033,0.442373,-0.0279958,-0.00400543,-0.422302,0.00680487
6,-0.00115011,0.66749,0.594432,-0.0287628,-0.00286102,-0.542231,0.00261992
8,-0.00105427,0.959816,0.889347,-0.0305845,-0.00286102,-0.64191,0.00544785
2,-0.00105427,0.981101,0.990401,-0.0481298,-0.00247955,-0.465491,0.00313995
3,-0.00105427,0.97228,0.946298,-0.0751669,-0.00209808,-0.0835781,0.00567567
5,-0.00105427,0.987428,1.06691,-0.0473628,-0.00324249,-0.100974,-3.96208e-05
6,-0.00105427,0.982347,1.13249,-0.0414185,-0.00209808,-0.18982,-0.000128767
7,-0.00105427,0.977457,1.18129,-0.0445824,-0.00324249,-0.265628,0.0019018
8,-0.00105427,0.97669,1.23287,-0.0528278,-0.00286102,-0.406234,0.00664638
9,-0.00105427,0.977361,1.28119,-0.0559917,-0.00324249,-0.496398,0.00772605
10,-0.00105427,0.977074,1.34716,-0.05417,-0.00324249,-0.611421,0.00995472
11,-0.00105427,0.970458,1.38953,-0.0428566,-0.00286102,-0.686032,0.0108016
0,-0.00105427,0.966623,1.40276,-0.0479381,-0.00286102,-1.43401,-0.00026744
1,-0.00105427,0.968828,1.40286,-0.044103,-0.00286102,-1.0254,-0.00159969
2,-0.00105427,0.98436,1.40315,-0.043336,-0.00324249,-0.427494,0.000574501
4,-0.00105427,0.987237,1.40727,-0.034036,-0.00324249,0.0121389,0.00174827
5,-0.00105427,0.978991,1.40727,-0.0423773,-0.00324249,-0.128435,-0.00119358
6,-0.00105427,0.98158,1.40698,-0.0376793,-0.00286102,-0.208786,0.000262488
8,-0.00105427,0.98321,1.4066,-0.0553205,-0.00324249,-0.516988,0.00457125
9,-0.00105427,0.983018,1.40679,-0.0492803,-0.00286102,-0.589985,0.00977147
10,-0.00105427,0.982347,1.4066,-0.0511979,-0.00286102,-0.659087,0.0155858
0,-0.00105427,0.980813,1.40689,-0.0427608,-0.00209808,-1.43394,-1.98104e-05
1,-0.00105427,0.977841,1.40689,-0.0453494,-0.00286102,-1.09989,-0.00202561
2,-0.00105427,0.980046,1.40689,-0.0436236,-0.00324249,-0.492864,-0.00107967
3,-0.00105427,0.980909,1.40756,-0.0477463,-0.00324249,-0.025496,0.000148578
4,-0.00105427,0.980046,1.41715,-0.033269,-0.00324249,0.0254521,0.00188199
5,-0.00105427,0.974198,1.4183,-0.0400762,-0.00286102,-0.134811,-0.00267935
6,-0.00105427,0.978416,1.41839,-0.0392133,-0.00286102,-0.21311,0.000425923
7,-0.00105427,0.978033,1.41705,-0.0581968,-0.00286102,-0.360258,0.00145111
8,-0.00105427,0.979279,1.41715,-0.0504308,-0.00324249,-0.453089,0.00831045
9,-0.00105427,0.97832,1.41715,-0.0500473,-0.00247955,-0.522102,0.00959318
10,-0.00105427,0.978608,1.41705,-0.0504308,-0.00286102,-0.611267,0.0104004
0,0,0,0,0,0,0,0
1,0.00105427,0.0137103,0.137295,-0.0251195,-0.00286102,0.0123035,0.00015353
2,0.00824247,0.0640453,0.0327896,-0.0770844,-0.0043869,0.0843463,0.00914249
3,-0.00546303,0.241224,0.127324,-0.0281876,-0.0043869,0.305853,0.00272888
4,-0.00536719,0.384655,0.283314,-0.0291463,-0.0043869,0.503268,0.000574501
5,-0.00536719,0.514471,0.420417,-0.0291463,-0.00476837,0.696414,0.000960803
6,-0.00536719,0.671612,0.571709,-0.0290505,-0.0043869,0.891415,0.00146597
7,-0.00536719,0.815522,0.712743,-0.0291463,-0.0043869,1.07046,0.00176312
8,-0.00527135,0.966527,0.86509,-0.0291463,-0.00476837,1.25584,0.00175322
0,-0.00527135,1.19558,1.28608,-0.0305845,-0.00476837,1.50349,0.00246144
1,-0.00536719,1.11763,1.24092,-0.0296257,-0.00171661,1.35036,-0.00078251
2,-0.00527135,0.975444,0.999509,-0.0498556,-0.00286102,1.28853,-0.000767652
5,-0.00527135,0.991743,1.23,-0.0513896,-0.00514984,1.45431,0.000470497
0,-0.273343,0.181014,0.62214,-0.0428566,-0.0242233,-1.10816,-1.15115
1,-0.170408,0.241991,0.695773,-0.0632783,-0.0154495,-1.13067,-0.995531
2,-0.037187,0.398749,0.846586,-0.0333649,-0.00743866,-0.737068,-0.920286
0,-0.0193602,1.03968,1.41226,-0.0233938,-0.00247955,0.285537,-0.522221
1,-0.0156224,1.10564,1.29327,-0.0307762,-0.0043869,0.430962,-0.42472
3,-0.0156224,1.06221,0.796635,-0.0908906,-0.00400543,-0.190775,-0.685286
4,-0.0156224,1.02367,0.784842,-0.0606896,-0.00324249,-0.39111,-0.775695
5,-0.0156224,0.943901,0.79884,-0.0513896,-0.00362396,-0.288578,-0.73085
6,-0.0156224,0.830863,0.801812,-0.0507185,-0.00362396,-0.172172,-0.678332
7,-0.0156224,0.69328,0.803059,-0.050335,-0.00400543,-0.0480286,-0.625226
8,-0.0156224,0.542659,0.80325,-0.0499515,-0.00324249,0.0718014,-0.574214
9,-0.0156224,0.371328,0.805168,-0.0462123,-0.00362396,0.196186,-0.520419
10,-0.0156224,0.337005,0.840546,-0.0327896,-0.00209808,0.333423,-0.481615
11,-0.0156224,0.379765,0.841121,-0.0399804,-0.00362396,0.445066,-0.436759
12,-0.0155265,0.403447,0.830383,-0.0454453,-0.00400543,0.563952,-0.38345
14,-0.0155265,0.386381,0.828849,-0.0421855,-0.00400543,0.814664,-0.276276
15,-0.0155265,0.387531,0.828849,-0.041802,-0.00400543,0.933506,-0.225333
16,-0.0155265,0.387915,0.828849,-0.0412267,-0.00400543,1.05551,-0.173346
18,-0.0155265,0.388011,0.828849,-0.0408432,-0.00400543,1.30223,-0.0681477
0,-0.0155265,0.388107,0.828945,-0.0406515,-0.00400543,1.46836,-0.00280812
1,-0.0154307,0.384176,0.828849,-0.0405556,-0.00400543,1.36661,-0.0486989
2,-0.0131304,0.41035,0.846203,-0.0407474,-0.0043869,1.31806,-0.0679595
3,-0.00833831,0.534989,0.944188,-0.0369123,-0.00400543,1.31826,-0.0693413
4,-0.00833831,0.665189,1.02367,-0.0372958,-0.00400543,1.31554,-0.0703566
5,-0.00833831,0.789732,1.10258,-0.0395968,-0.0043869,1.31535,-0.0703021
6,-0.00833831,0.8858,1.17947,-0.039501,-0.0043869,1.31536,-0.0702922
7,-0.00833831,0.990976,1.26489,-0.0390216,-0.0043869,1.31541,-0.0702724
0,0.00325865,1.11389,1.402,-0.0406515,-0.0043869,1.31172,-0.0690491
1,0.00325865,1.07276,1.35559,-0.0401721,-0.0043869,1.31152,-0.0691135
2,0.00325865,1.01399,1.31437,-0.0637576,-0.00476837,1.39109,-0.0342076
0,1.19947,0.0889731,0.492228,-0.0372958,-0.000953674,-1.56427,1.53091
1,1.12366,0.145732,0.568354,-0.0710442,-0.00286102,-1.57714,1.37746
0,0.705594,0.55867,1.02703,-0.0243525,0.00247955,-0.890614,1.06735
1,0.691026,0.662025,1.05934,-0.0268453,-0.0284204,-0.662412,0.981104
2,0.985742,0.559725,0.800278,-0.0647164,-0.0101089,-0.820163,1.07841
3,1.13315,0.425019,0.562793,-0.127324,0.0257492,-1.09427,1.24315
4,1.14072,0.266632,0.546878,-0.0852339,0.00591278,-1.27483,1.37635
5,1.14829,0.102587,0.570559,-0.0646205,0.00858307,-1.19264,1.38769
6,1.14877,0.104601,0.585899,-0.0577174,0.000953674,-1.09168,1.38924
7,1.14867,0.136815,0.585516,-0.077372,0.000190735,-0.98958,1.38912
8,1.14877,0.136911,0.583694,-0.0779473,-0.000572205,-0.886268,1.3895
9,1.14877,0.130008,0.583694,-0.0764133,-0.000190735,-0.781924,1.38913
10,1.14877,0.1302,0.583694,-0.0767009,-0.000572205,-0.677745,1.38901
11,1.14877,0.130296,0.583694,-0.0757422,-0.000572205,-0.57316,1.38925
12,1.14867,0.130296,0.583694,-0.075071,-0.000572205,-0.468487,1.38938
14,1.14867,0.130583,0.583694,-0.0745916,-0.000572205,-0.266671,1.39136
15,1.14867,0.130775,0.583694,-0.0745916,-0.000572205,-0.160439,1.39099
16,1.14867,0.130967,0.583694,-0.0745916,-0.000572205,-0.0533297,1.38997
17,1.14867,0.131159,0.583694,-0.0745916,-0.000572205,0.0530224,1.38929
18,1.14858,0.131254,0.583694,-0.0745916,-0.000572205,0.156225,1.38915
19,1.14858,0.13135,0.583694,-0.0745916,-0.000572205,0.26351,1.38887
20,1.14858,0.131446,0.583694,-0.0744958,-0.000572205,0.370652,1.38806
21,1.14858,0.131446,0.583694,-0.0744958,-0.000572205,0.476488,1.38744
22,1.14848,0.131542,0.583694,-0.0744958,-0.000572205,0.580898,1.38696
23,1.14848,0.131638,0.583694,-0.0744958,-0.000572205,0.686547,1.38702
24,1.14829,0.131734,0.583694,-0.0744958,-0.000572205,0.791934,1.38684
25,1.14388,0.132021,0.583694,-0.0744958,-0.000953674,0.911094,1.38628
26,1.1434,0.132117,0.583694,-0.074304,-0.000953674,1.02397,1.3868
27,1.1434,0.132405,0.583694,-0.0741123,-0.000953674,1.12622,1.38666
28,1.1434,0.132693,0.583694,-0.0740164,-0.000953674,1.23077,1.38723
29,1.1434,0.132693,0.583694,-0.0739205,-0.000953674,1.33418,1.38699
0,1.14331,0.132693,0.583694,-0.0739205,-0.000953674,1.45049,1.38714
1,1.14379,0.132693,0.583694,-0.0739205,-0.000953674,1.37874,1.38447
2,1.10708,0.173919,0.607951,-0.074304,-0.000953674,1.32603,1.2918
3,0.994272,0.305461,0.708621,-0.0728659,-0.00133514,1.32203,1.14354
4,0.863638,0.434607,0.803921,-0.07277,-0.00171661,1.31907,0.983987
5,0.73473,0.545919,0.892032,-0.0733452,-0.00171661,1.32068,0.822195
6,0.608026,0.657902,0.984552,-0.0728659,-0.00362396,1.32676,0.670116
7,0.482951,0.777747,1.0834,-0.0729617,-0.00362396,1.33262,0.516566
8,0.363627,0.887142,1.16921,-0.07277,-0.0043869,1.34454,0.364635
0,0,0,0,0,0,0,0
1,0.000191685,0.0188876,0.187054,-0.0172577,-0.00400543,0.0278447,-0.00179779
2,0.02559,0.065004,0.077372,-0.0761257,-0.00286102,0.10115,0.00710697
3,0.0154307,0.244484,0.167112,-0.0280917,-0.00324249,0.320889,0.000193151
4,0.0155265,0.390408,0.321473,-0.0290505,-0.00324249,0.518711,-0.00101528
5,0.0154307,0.51706,0.458,-0.0288587,-0.00324249,0.711681,-0.00122824
6,0.0154307,0.674968,0.610635,-0.0288587,-0.00324249,0.905442,-0.00186713
7,0.0154307,0.826644,0.752532,-0.0287628,-0.00362396,1.0988,-0.00104995
8,0.0154307,0.991263,0.908714,-0.0288587,-0.00362396,1.28784,-0.00158978
0,0.0154307,1.22721,1.26307,-0.0302969,-0.00362396,1.53239,-0.000940993
1,0.0153348,1.16768,1.23977,-0.0221474,-0.000572205,1.38589,-0.00321919
2,0.0154307,1.03748,1.02367,-0.059635,-0.00400543,1.32937,-0.00261992
4,0.015239,1.0323,1.18666,-0.0490886,-0.00400543,1.44667,-0.000886515
0,0.00297112,1.00229,1.43987,-0.0370082,-0.00362396,1.53053,-0.00287251
2,-9.58427e-05,1.05358,1.27544,-0.034036,-0.0043869,1.45702,-0.00221876
0,-9.58427e-05,1.10718,1.43057,-0.0277082,-0.00400543,1.45764,-0.00260507
1,-9.58427e-05,1.08388,1.38781,-0.0296257,-0.00362396,1.45763,-0.00259021
0,-9.58427e-05,1.11859,1.43795,-0.0263659,-0.00400543,1.45712,-0.0023921
1,-9.58427e-05,1.1183,1.43795,-0.0312556,-0.00400543,1.45714,-0.00237725
0,-0,0.0428566,0.441414,-0.0370082,-0.00362396,1.45268,-0.000485354
1,-9.58427e-05,0.09137,0.520416,-0.0496638,-0.0043869,1.45267,-0.000440781
0,-9.58427e-05,0.416678,0.977457,-0.0368164,-0.00362396,1.45275,-0.000450686
1,-9.58427e-05,0.494625,1.02338,-0.0136144,0.000190735,1.45294,-0.000440781
3,-0.00143764,0.237198,0.646301,-0.0898359,-0.00705719,1.44834,0.000420971
4,-0.00728404,0.308913,0.782829,-0.0339402,-0.00667572,1.45457,-0.00116881
5,-0.00728404,0.416102,0.888005,-0.0320226,-0.00400543,1.4541,-0.00103509
6,-0.00728404,0.557903,0.972184,-0.0364329,-0.00400543,1.45401,-0.00109452
7,-0.00728404,0.718016,1.07094,-0.0365288,-0.00400543,1.45415,-0.00102519
8,-0.00728404,0.881677,1.16815,-0.0368164,-0.00400543,1.45398,-0.00100042
9,-0.0071882,1.0066,1.24955,-0.0381587,-0.00400543,1.45396,-0.00105986
0,1.09366,0.464999,0.792512,-0.0381587,-0.00400543,1.45082,0.000212962
1,0.974145,0.531058,0.872377,-0.0445824,-0.00476837,1.45082,0.000168388
0,0.306697,1.07036,1.40717,-0.0253113,-0.00400543,1.50095,0.000777557
1,0.344746,1.12098,1.28493,-0.0459247,0.000190735,1.45213,-0.00136196
2,0.54247,1.08762,0.992702,-0.0731535,-0.00324249,1.44613,-0.00136196
3,0.74441,1.06432,0.92415,-0.103163,-0.00782013,1.44278,-0.000282298
5,0.62154,0.909769,1.06701,-0.0650999,-0.00705719,1.44288,-0.000326871
6,0.524164,0.8114,1.13575,-0.0578133,-0.00629425,1.44705,0.000465544
7,0.419983,0.837766,1.23738,-0.0364329,-0.0043869,1.45776,9.90519e-05
8,0.320115,0.932204,1.28733,-0.0380628,-0.00400543,1.45323,0.00141644
9,0.210662,1.0624,1.3276,-0.054937,-0.00400543,1.45278,0.00107967
0,-1.20934,0.295586,0.608622,-0.0579092,-0.00591278,1.45065,9.90519e-05
1,-1.10478,0.366918,0.686377,-0.0649081,-0.00705719,1.44817,-0.000926135
2,-0.891912,0.528661,0.853298,-0.0548412,-0.00667572,1.44749,-0.00134711
0,-0.213921,1.16317,1.38263,-0.0539783,-0.00591278,1.44518,-0.00148083
1,-0.265388,1.17928,1.23297,-0.0398845,-0.00667572,1.44919,-0.00176312
2,-0.462249,1.11782,0.988579,-0.0778514,-0.00782013,1.44035,-0.000861752
3,-0.569018,1.1091,0.986853,-0.0987524,-0.00629425,1.44041,-0.000822131
4,-0.453432,1.07247,1.10555,-0.0664422,-0.00667572,1.44067,-0.000737937
5,-0.242482,1.03853,1.25425,-0.0626071,-0.00667572,1.44402,-0.000376397
0,0.00632562,1.10516,1.40276,-0.0666339,-0.00324249,-1.57355,-0.962126
1,-0.0630645,1.09069,1.37438,-0.0636618,0.0131607,-1.53322,-0.835017
2,-0.1314,1.06864,1.30871,-0.0528278,-0.0154495,-1.04543,-0.805842
0,0.00642146,1.10536,1.44121,-0.0277082,0.000190735,0.0534834,-0.61899
1,-0.0422666,1.0812,1.41015,-0.0316391,0.000190735,0.116076,-0.446516
2,-0.112328,1.04735,1.33718,-0.065771,-0.0116348,-0.316784,-0.495636
4,-0.123829,1.07573,1.31264,-0.0726741,-0.00362396,-0.613824,-0.661895
5,-0.123829,1.07266,1.31216,-0.0659628,-0.00286102,-0.44782,-0.611433
6,-0.123925,1.06547,1.31216,-0.064237,-0.00362396,-0.276,-0.558029
7,-0.123829,1.06605,1.31216,-0.0624154,-0.00324249,-0.103367,-0.490356
8,-0.123925,1.06614,1.31216,-0.0624154,-0.00362396,0.0589272,-0.434026
9,-0.123925,1.06586,1.31216,-0.0620319,-0.00362396,0.230572,-0.381459
10,-0.123925,1.06605,1.31216,-0.0604978,-0.00362396,0.391933,-0.328907
11,-0.123925,1.06605,1.31216,-0.0602102,-0.00362396,0.56236,-0.27686
12,-0.123925,1.06586,1.31216,-0.0600185,-0.00362396,0.736036,-0.224858
14,-0.123925,1.06586,1.31216,-0.0593473,-0.00362396,1.07423,-0.118956
15,-0.123925,1.06576,1.31216,-0.0589638,-0.00362396,1.23375,-0.0677515
0,-0.134467,1.06518,1.31216,-0.0581968,-0.00400543,1.46068,0.0161504
1,-0.13418,1.0647,1.31216,-0.0581009,-0.00400543,1.32427,-0.0446427
2,-0.106577,1.07295,1.3439,-0.0740164,-0.00476837,1.34253,-0.065716
0,-0.0612435,1.06144,1.51053,-0.0519649,-0.00400543,1.4694,-0.0699455
1,-0.0677608,1.05838,1.47189,-0.0422814,-0.00362396,1.39917,-0.0702575
2,-0.0653647,1.05799,1.40468,-0.072003,-0.0043869,1.39967,-0.0684152
1,-0.0403498,1.06394,1.47755,-0.0533071,-0.00400543,1.41912,-0.0713372
0,0.00115011,1.13594,1.49835,-0.0730576,-0.00324249,-1.56824,-1.0864
1,0.00105427,1.11235,1.49797,-0.0895483,-0.00362396,-1.23672,-1.09078
0,0.00105427,1.12271,1.51561,-0.0692226,-0.00324249,-0.356088,-0.800052
1,0.00115011,1.14467,1.51456,-0.0825494,-0.00324249,-0.225754,-0.659953
2,0.00115011,1.13987,1.51302,-0.093671,-0.00286102,-0.520357,-0.767068
3,0.00105427,1.13335,1.51254,-0.093671,-0.00324249,-0.812447,-0.904438
4,0.00115011,1.13364,1.51245,-0.0969308,-0.00324249,-0.763738,-0.892368
5,0.00105427,1.13345,1.51245,-0.0946298,-0.00324249,-0.5924,-0.824632
6,0.00115011,1.13354,1.51245,-0.0946298,-0.00324249,-0.406937,-0.754062
7,0.00115011,1.13354,1.51245,-0.0945339,-0.00286102,-0.224646,-0.680908
8,0.00115011,1.13354,1.51245,-0.0946298,-0.00324249,-0.0473042,-0.604657
9,0.00115011,1.13354,1.51245,-0.0945339,-0.00324249,0.134493,-0.526129
10,0.00115011,1.13354,1.51245,-0.094438,-0.00324249,0.314974,-0.455406
11,0.00115011,1.13364,1.51245,-0.094438,-0.00324249,0.490702,-0.388056
12,0.00115011,1.13354,1.51245,-0.0943421,-0.00362396,0.679194,-0.31708
14,0.00115011,1.13354,1.51245,-0.0938627,-0.00362396,1.03959,-0.168423
15,0.00115011,1.13345,1.51245,-0.093671,-0.00362396,1.22213,-0.0906919
2,-1.50435,0.27689,0.777939,-0.0989442,0.531204,1.02035,-0.2183
0,-1.03778,0.420992,1.23958,-0.0785226,0.0349045,1.48748,-0.090583
1,-0.997051,0.445728,1.20593,-0.0449659,0.00553131,1.28036,-0.142026
2,-1.22247,0.314953,0.944092,-0.124447,-0.0349054,1.0789,-0.221356
3,-1.25861,0.335375,0.857516,-0.135761,-0.0497828,1.11292,-0.227042
4,-1.13928,0.416007,0.94764,-0.121571,-0.0539789,1.17098,-0.227705
5,-0.952005,0.508527,1.05512,-0.0965473,-0.0577936,1.24266,-0.22775
6,-0.763387,0.603732,1.12789,-0.0969308,-0.0581751,1.29195,-0.227473
7,-0.589912,0.705744,1.19107,-0.0985607,-0.0577936,1.35812,-0.228003
8,-0.408002,0.842176,1.27055,-0.0994236,-0.0574121,1.41268,-0.227606
9,-0.239607,0.986949,1.35042,-0.0990401,-0.0562677,1.46635,-0.227096
0,0.0177309,1.14304,1.38809,-0.109682,-0.0421534,1.48103,-0.227166
2,-0.136768,1.0347,1.36422,-0.0914658,0.00171661,1.48588,-0.156096
0,-0.00412124,1.13652,1.48992,-0.0260783,0.0444412,1.49066,-0.00184237
2,-0.0703485,1.05809,1.40075,-0.0846586,0.0452042,1.4849,-0.0831293
0,-0.0416916,1.10449,1.46144,-0.0372958,3.47429,1.48808,-0.000396208
1,-0.0418833,1.09395,1.43718,-0.0674968,2.4424,1.48513,-0.0594113
0,0.00335449,1.14371,1.49806,-0.0301051,0.230601,1.48223,-0.00135701
1,0.00431292,1.14265,1.47937,-0.0298175,0.064661,1.48434,-0.0353962
2,0.00412124,1.1392,1.44111,-0.0299134,-0.0082016,1.48702,-0.0498677
4,0.00412124,1.14467,1.43738,-0.030201,-0.0463495,1.48429,-0.0511207
5,0.00412124,1.14323,1.43738,-0.0301051,-0.0497828,1.48435,-0.0511554
6,0.00421708,1.14332,1.43738,-0.0301051,-0.0539789,1.48432,-0.0511405
7,0.00421708,1.14332,1.43738,-0.0301051,-0.0539789,1.48443,-0.0511554
8,0.00421708,1.14332,1.43738,-0.0301051,-0.0539789,1.48432,-0.0511256
9,0.00421708,1.14332,1.43738,-0.0301051,-0.0539789,1.48441,-0.0511504
11,0.00421708,1.14332,1.43738,-0.0301051,-0.0539789,1.48436,-0.0511554
